destination_id,destination_name,state_ut,region,category,famous_for,nearby_cities,local_language,pin_code,nearest_airport,avg_monthly_visitors,peak_season,off_season,visitor_growth_rate_pct,avg_length_of_stay_days,booking_rate_pct,domestic_visitors_pct,international_visitors_pct,repeat_visitors_pct,entry_fee_inr,safety_rating_1_5,travel_difficulty,accessibility_by_road,accessibility_by_rail,emergency_services_available,hotel_count,avg_hotel_cost_inr,restaurant_count,public_transport_available,internet_connectivity_1_5,avg_temperature_c,rainfall_mm,pollution_index_1_10,cleanliness_rating_1_10,eco_tourism_score_1_10,popular_festival,top_local_cuisine,cultural_heritage_index_1_100,adventure_activities,recommended_stay_days,tourism_development_fund_inr,tour_guide_availability,women_traveler_safety_1_5,child_friendliness_1_5,nightlife_availability,instagram_popularity_1_100,sustainability_rating_1_5,smart_tourism_features,local_crafts_shopping,most_visited_month
DST1000,Place_0,Assam,Northeast,Beach,Culture,Pune,Hindi,660811,Goa International Airport,10453,Summer,Monsoon,1.68,14,81.34,75.11,31.45,11.35,76,4,Difficult,false,true,false,68,1104,107,true,2,37.6,657.6,4,9,9,Lohri,Rogan Josh,37,true,7,38455309,false,3,2,true,67,5,false,false,August
DST1001,Place_1,Rajasthan,West,Urban,Wildlife,Goa,Tamil,987582,Pune Airport,16904,Monsoon,Summer,13.64,9,48.22,66.19,7.65,20.98,247,5,Moderate,false,true,true,95,4753,105,true,5,22.1,1597.3,8,2,3,Durga Puja,Chole Bhature,96,false,2,20837295,true,5,3,false,66,1,false,true,August
DST1002,Place_2,Goa,South,Heritage,Wildlife,Guwahati,Marathi,483094,Chaudhary Charan Singh International Airport,16396,Winter,Monsoon,7.76,8,40.04,76.56,10.38,31.77,194,1,Difficult,false,false,true,13,6042,98,true,5,12.9,332.3,7,1,10,Onam,Dosa,89,true,6,29608072,false,5,1,true,57,1,false,false,October
DST1003,Place_3,Assam,Central,Wildlife,Scenery,Bhopal,Malayalam,266804,Jaipur International Airport,29370,Winter,Winter,4.93,2,87.62,75.28,7.86,13.97,475,5,Easy,false,false,true,45,5035,68,true,1,30.8,1935.3,9,2,7,Pongal,Momos,96,false,5,16127361,true,5,4,false,50,1,false,true,October
DST1004,Place_4,Tamil Nadu,West,Wildlife,Culture,Lucknow,Hindi,665934,Chhatrapati Shivaji Maharaj International Airport,22933,Monsoon,Monsoon,11.03,5,59.58,78.1,16.16,45.79,67,3,Easy,true,false,false,54,6204,70,false,5,37.2,135.3,5,7,3,Diwali,Rogan Josh,46,false,9,32583972,true,3,1,false,77,1,true,true,October
DST1005,Place_5,Goa,Northeast,Beach,Temples,Kolkata,Marathi,776381,Rajiv Gandhi International Airport,31349,Winter,Winter,13.4,8,87.87,88.28,20.25,37.61,337,4,Moderate,false,false,true,14,2847,159,true,1,39.4,2429,5,5,4,Eid,Biryani,32,false,7,13482961,false,2,4,true,43,5,false,false,December
DST1006,Place_6,Goa,Central,Hill Station,Temples,Mumbai,Marathi,324310,Rajiv Gandhi International Airport,5334,Monsoon,Summer,1,10,53.9,82.95,22.65,31.72,55,3,Easy,true,true,false,78,3572,36,false,3,34.4,2683,5,5,8,Durga Puja,Rogan Josh,24,true,3,15433194,false,2,5,true,43,5,true,true,August
DST1007,Place_7,Assam,East,Heritage,Wildlife,Lucknow,Marathi,342024,Kempegowda International Airport,32460,Winter,Winter,10.63,3,43.17,66.48,34.8,35.94,98,4,Difficult,false,true,false,86,7965,121,true,4,18,2989,9,10,1,Bihu,Vada Pav,22,true,3,45211624,true,5,4,true,11,2,true,true,August
DST1008,Place_8,Kerala,Northeast,Wildlife,Wildlife,Chennai,Hindi,357476,Sardar Vallabhbhai Patel International Airport,28268,Summer,Summer,11.74,6,78.63,85.71,5.63,42.79,269,5,Moderate,false,false,false,58,1983,99,true,1,20.7,1097.9,2,4,4,Durga Puja,Pav Bhaji,23,true,5,38292424,false,2,3,true,10,3,false,true,October
DST1009,Place_9,Tamil Nadu,South,Beach,Food,Ahmedabad,Malayalam,939208,Chhatrapati Shivaji Maharaj International Airport,23068,Monsoon,Summer,3.94,10,81.79,80.72,19.99,59.74,399,1,Difficult,true,false,true,14,7434,24,false,1,14.1,1729.6,7,1,4,Pongal,Vada Pav,95,false,8,26437291,false,5,3,false,96,5,false,false,January
DST1010,Place_10,Assam,West,Urban,Wildlife,Indore,Marathi,381260,Jaipur International Airport,29247,Monsoon,Monsoon,7.85,10,64.6,80.24,19.38,48.76,75,4,Easy,true,false,true,11,7482,173,true,2,31.4,2602.6,10,8,3,Onam,Sarson da Saag,18,true,8,39341058,true,2,3,true,46,5,true,false,October
DST1011,Place_11,Tamil Nadu,East,Wildlife,Food,Guwahati,Hindi,212858,Lokpriya Gopinath Bordoloi International Airport,24134,Monsoon,Summer,2.25,7,43.69,83.74,38.16,37.02,330,3,Moderate,true,true,false,36,5629,118,true,3,15.1,1440.2,3,1,2,Holi,Vada Pav,17,false,5,12787284,true,4,3,false,92,3,true,false,August
DST1012,Place_12,Tamil Nadu,East,Beach,Temples,Kolkata,Tamil,843631,Pune Airport,17285,Winter,Winter,11.45,8,72.71,79.74,13.44,48.53,65,4,Easy,true,false,false,58,5647,194,false,1,23,1054.9,8,10,8,Onam,Momos,87,true,2,26470583,false,1,2,true,68,4,false,false,August
DST1013,Place_13,Goa,Central,Hill Station,Food,Guwahati,Hindi,593213,Indira Gandhi International Airport,36003,Summer,Summer,12.86,10,49.11,76.01,9.28,33.76,32,5,Easy,true,true,false,74,8540,50,true,1,26,241.6,9,3,6,Onam,Dosa,80,true,3,36578589,true,4,1,false,52,1,true,true,March
DST1014,Place_14,Rajasthan,East,Hill Station,Food,Guwahati,Hindi,176620,Indira Gandhi International Airport,22367,Monsoon,Summer,2.51,11,82.47,82.41,9.98,25.55,268,5,Difficult,true,true,true,87,1126,182,true,3,21.5,1242.8,10,2,2,Durga Puja,Dosa,76,true,7,34713380,false,1,5,false,68,5,false,true,January
DST1015,Place_15,Tamil Nadu,South,Wildlife,Scenery,Cochin,Hindi,521972,Pune Airport,25136,Winter,Monsoon,12.43,9,53.7,85.33,23.2,23.1,29,5,Easy,false,false,false,67,2757,180,false,5,14.5,328.8,9,2,8,Navratri,Biryani,32,false,5,18754455,true,2,5,true,85,5,false,false,May
DST1016,Place_16,Himachal Pradesh,South,Wildlife,Wildlife,Jaipur,Marathi,182604,Goa International Airport,38787,Monsoon,Winter,11.8,11,82.39,67.9,18.68,29.97,25,1,Difficult,true,false,true,38,8390,21,true,4,18.7,1152.7,5,9,8,Bihu,Dosa,90,true,7,12237531,false,4,5,false,74,1,true,false,January
DST1017,Place_17,Goa,North,Heritage,Food,Pune,Hindi,718740,Raja Bhoj Airport,25425,Winter,Summer,5.86,7,61.35,77.4,31.39,10.11,369,5,Easy,false,false,true,47,3269,105,true,3,29,1094.8,10,9,7,Diwali,Pav Bhaji,50,true,4,36767969,false,5,1,false,22,5,false,false,October
DST1018,Place_18,Kerala,South,Beach,Temples,Indore,Tamil,909982,Devi Ahilya Bai Holkar Airport,30465,Summer,Monsoon,10.66,7,69.82,76.04,16.31,18.85,209,1,Difficult,true,false,false,9,2614,13,true,2,31.8,1976.8,9,5,8,Ganesh Chaturthi,Vada Pav,98,false,3,3758641,true,4,4,true,10,3,true,false,December
DST1019,Place_19,Rajasthan,Northeast,Wildlife,Culture,Hyderabad,Marathi,267596,Chhatrapati Shivaji Maharaj International Airport,19961,Winter,Monsoon,1,8,79.48,61.4,9.48,16.33,268,2,Difficult,true,false,true,23,1098,128,false,2,28.4,1161.6,3,2,9,Durga Puja,Pav Bhaji,96,true,4,44257444,true,2,5,false,54,5,false,false,October
DST1020,Place_20,Himachal Pradesh,East,Heritage,Food,Guwahati,Tamil,547822,Lokpriya Gopinath Bordoloi International Airport,34443,Winter,Winter,14.05,8,42.02,89.21,18.54,58.02,323,4,Moderate,true,false,true,58,2506,14,true,4,39,1214.1,8,10,3,Onam,Idli,84,false,5,44195798,true,2,5,true,83,2,true,false,January
DST1021,Place_21,Himachal Pradesh,South,Heritage,Wildlife,Goa,Bengali,824179,Sardar Vallabhbhai Patel International Airport,19823,Monsoon,Monsoon,8.71,3,81.06,73.21,35.91,13.24,122,3,Moderate,false,true,false,18,4475,139,false,2,28.4,930.4,7,7,2,Eid,Pav Bhaji,41,true,2,38107963,true,1,2,true,23,5,true,true,December
DST1022,Place_22,Kerala,Central,Wildlife,Scenery,Cochin,Hindi,694515,Jaipur International Airport,10873,Winter,Summer,9.68,10,46.93,62.54,19.19,35.05,32,1,Easy,false,false,true,14,4257,55,false,3,16.8,1863.1,4,8,7,Eid,Dosa,74,true,3,46083279,true,4,5,true,49,1,true,true,March
DST1023,Place_23,Rajasthan,North,Hill Station,Temples,Chennai,Marathi,385356,Cochin International Airport,6587,Monsoon,Monsoon,10.31,5,57.92,76.03,34.18,55.99,142,1,Easy,true,false,true,53,1375,84,false,5,24.7,1229.1,9,9,2,Lohri,Kebabs,36,false,9,1733480,true,2,5,false,31,3,false,true,March
DST1024,Place_24,Goa,East,Beach,Scenery,Ahmedabad,Marathi,402262,Devi Ahilya Bai Holkar Airport,39713,Winter,Winter,8.86,14,63.64,65.65,18,40.38,144,3,Moderate,true,true,true,15,4474,135,false,2,35.1,2850.9,7,4,3,Pongal,Kebabs,99,true,3,45716127,false,4,4,false,55,5,true,true,May
DST1025,Place_25,Maharashtra,North,Beach,Culture,Pune,Hindi,915034,Kempegowda International Airport,26852,Summer,Winter,12.99,14,84.77,84.65,14.85,34.76,261,4,Difficult,false,true,true,35,1235,146,false,3,19.8,2686.7,8,1,6,Onam,Chole Bhature,73,true,8,39753487,false,3,5,false,93,4,false,true,October
DST1026,Place_26,Rajasthan,East,Hill Station,Food,Chennai,Malayalam,641828,Sardar Vallabhbhai Patel International Airport,38535,Winter,Monsoon,9.54,11,41.12,80.01,32.12,47.15,4,5,Difficult,true,true,true,70,5753,145,true,2,32.1,787.1,8,7,9,Holi,Chole Bhature,82,true,7,46558306,false,2,5,false,56,3,false,true,August
DST1027,Place_27,Kerala,Central,Wildlife,Food,Jaipur,Malayalam,266901,Netaji Subhas Chandra Bose International Airport,8004,Monsoon,Summer,13.71,10,67.96,69.45,12.32,27.67,160,4,Moderate,false,false,true,14,5163,67,false,1,33.6,1271.5,3,7,9,Pongal,Rogan Josh,76,false,5,18678170,true,1,1,false,68,3,false,true,May
DST1028,Place_28,Himachal Pradesh,North,Beach,Wildlife,Bhopal,Tamil,287381,Devi Ahilya Bai Holkar Airport,41496,Winter,Monsoon,9.15,13,72.13,93.27,13.11,19.69,309,1,Moderate,true,true,true,25,8111,112,false,1,38,1940.3,7,1,10,Navratri,Rogan Josh,62,false,9,34932482,false,1,2,true,21,4,true,false,January
DST1029,Place_29,Goa,West,Wildlife,Food,Lucknow,Hindi,820763,Sardar Vallabhbhai Patel International Airport,28823,Winter,Winter,3.4,12,55.83,70.21,6.74,52.36,143,5,Easy,false,true,false,5,9157,72,true,5,22,147.3,8,4,2,Holi,Pav Bhaji,19,false,4,32451795,true,5,1,true,66,5,false,false,March
DST1030,Place_30,Rajasthan,Northeast,Wildlife,Temples,Cochin,Hindi,957887,Sardar Vallabhbhai Patel International Airport,40377,Summer,Monsoon,13.79,11,54.52,79.42,11.57,12.83,429,2,Difficult,false,false,false,50,8699,198,true,1,17.8,759.5,3,4,1,Diwali,Biryani,60,true,7,49471002,true,2,5,false,89,2,true,false,May
DST1031,Place_31,Maharashtra,Northeast,Heritage,Culture,Hyderabad,Bengali,646565,Chaudhary Charan Singh International Airport,8131,Monsoon,Monsoon,10.54,4,64.52,88.05,18.26,50.39,151,3,Moderate,true,false,true,99,7727,152,false,1,25.2,926.6,9,1,6,Bihu,Idli,41,false,6,15743415,false,5,2,true,74,1,true,false,December
DST1032,Place_32,Maharashtra,East,Hill Station,Scenery,Hyderabad,Malayalam,743421,Chhatrapati Shivaji Maharaj International Airport,18696,Summer,Summer,10.79,6,49.36,77.99,18.99,15.17,380,4,Difficult,true,true,true,79,9808,82,false,2,39.8,1267,10,7,7,Diwali,Kebabs,74,false,9,49836684,true,1,4,false,27,3,true,true,August
DST1033,Place_33,Tamil Nadu,West,Wildlife,Culture,Guwahati,Malayalam,552889,Raja Bhoj Airport,26649,Winter,Monsoon,14.8,6,63.41,93.63,19.72,41.28,4,5,Difficult,false,false,false,78,1052,179,false,2,37.1,2679,4,3,8,Ganesh Chaturthi,Dosa,55,false,7,20392343,false,2,1,true,77,2,true,true,March
DST1034,Place_34,Tamil Nadu,North,Urban,Food,Pune,Hindi,352196,Kempegowda International Airport,5099,Summer,Summer,2.05,8,78.25,89.53,21.79,33.85,194,3,Moderate,true,false,true,24,6386,187,true,4,18.5,379.3,10,1,4,Navratri,Rogan Josh,81,false,8,19032474,false,3,4,false,79,1,false,false,December
DST1035,Place_35,Assam,West,Hill Station,Scenery,Mumbai,Tamil,536060,Chaudhary Charan Singh International Airport,32571,Winter,Monsoon,7,13,82.27,92.24,25.02,59.93,482,4,Difficult,true,false,true,25,4103,103,true,5,15.9,290.9,7,7,7,Onam,Dosa,19,true,5,41787435,true,4,5,true,67,1,true,true,August
DST1036,Place_36,Kerala,West,Beach,Wildlife,Pune,Hindi,896184,Chhatrapati Shivaji Maharaj International Airport,31580,Winter,Monsoon,4.35,5,59.26,73.04,11.63,29.4,124,1,Easy,true,true,true,41,1190,188,false,1,24.3,2026.8,8,3,9,Lohri,Sarson da Saag,97,true,7,20029567,true,2,5,true,60,5,false,true,August
DST1037,Place_37,Rajasthan,North,Heritage,Culture,Chennai,Tamil,312620,Chennai International Airport,49627,Summer,Summer,9.83,12,70.87,79.19,26.49,57.86,474,1,Moderate,true,false,true,18,8354,162,false,4,15,1157,8,3,1,Eid,Vada Pav,92,false,4,33150450,false,5,2,false,71,2,false,true,March
DST1038,Place_38,Rajasthan,Central,Beach,Scenery,Guwahati,Malayalam,567927,Kempegowda International Airport,29664,Summer,Summer,12.3,14,40,89.41,16.78,30.19,75,1,Difficult,false,false,false,62,4472,159,true,2,32.7,615.4,5,3,3,Onam,Vada Pav,71,true,7,22975588,false,2,4,false,71,3,false,true,August
DST1039,Place_39,Assam,West,Beach,Scenery,Bhopal,Bengali,533886,Chhatrapati Shivaji Maharaj International Airport,16582,Winter,Winter,14.53,13,67.52,91.62,30.69,44.09,305,2,Moderate,false,true,false,61,6273,31,false,4,11.1,2135.2,7,4,5,Bihu,Biryani,80,true,4,5400729,true,1,5,true,44,3,true,false,May
DST1040,Place_40,Himachal Pradesh,West,Hill Station,Scenery,Goa,Marathi,298675,Indira Gandhi International Airport,27469,Summer,Summer,7.36,5,88.76,93.05,24.5,42.18,168,1,Moderate,false,true,true,61,3098,103,true,1,16.7,804.5,8,5,7,Eid,Momos,82,false,7,12604935,true,1,4,false,85,5,true,false,March
DST1041,Place_41,Himachal Pradesh,Central,Beach,Temples,Mumbai,Malayalam,786838,Chaudhary Charan Singh International Airport,23402,Summer,Monsoon,12.01,14,55.61,90.77,24.4,14.32,216,1,Difficult,false,true,false,73,3585,126,false,4,10.5,1740.4,2,1,5,Lohri,Biryani,63,true,6,21490484,false,1,4,true,36,3,false,true,March
DST1042,Place_42,Assam,West,Wildlife,Culture,Hyderabad,Tamil,519655,Chennai International Airport,25236,Winter,Winter,13.84,14,69.74,85.58,28.99,47.17,182,1,Easy,false,true,true,74,1450,83,false,3,16.8,1285.4,10,3,1,Ganesh Chaturthi,Idli,92,false,3,39660780,true,4,2,true,65,1,true,false,March
DST1043,Place_43,Himachal Pradesh,West,Beach,Scenery,Delhi,Hindi,871784,Goa International Airport,26110,Monsoon,Summer,10.57,2,78.11,60.85,16.66,20.43,336,5,Moderate,true,false,false,28,5429,73,false,5,11.6,1147.5,4,1,1,Holi,Biryani,48,false,8,22000190,true,2,2,true,38,5,true,true,October
DST1044,Place_44,Tamil Nadu,West,Heritage,Culture,Hyderabad,Malayalam,523026,Kempegowda International Airport,24430,Summer,Summer,4.4,7,70.45,71.02,20.02,29.42,112,3,Difficult,false,false,true,84,9956,159,true,1,30.2,2191.3,6,3,1,Eid,Pav Bhaji,38,true,2,3470174,true,1,5,true,52,1,true,true,October
DST1045,Place_45,Rajasthan,Northeast,Heritage,Scenery,Pune,Bengali,904734,Netaji Subhas Chandra Bose International Airport,45407,Summer,Winter,9.51,5,60.92,64.51,25.4,49.11,275,2,Moderate,false,false,false,64,1481,150,true,3,27.1,1878.9,9,3,8,Navratri,Kebabs,25,false,6,3533447,true,1,5,true,26,1,false,true,March
DST1046,Place_46,Assam,South,Urban,Wildlife,Chennai,Tamil,428380,Jaipur International Airport,38948,Monsoon,Monsoon,14.58,12,47.63,65.42,19.75,57.22,475,4,Moderate,true,false,true,27,3407,164,false,4,16.4,1590.1,2,4,7,Ganesh Chaturthi,Chole Bhature,53,true,9,44598557,false,3,4,false,46,4,true,true,December
DST1047,Place_47,Rajasthan,Central,Heritage,Wildlife,Mumbai,Hindi,164467,Netaji Subhas Chandra Bose International Airport,18763,Summer,Monsoon,14.83,11,63.19,70.18,20.55,37.99,177,2,Difficult,false,false,true,51,5648,56,false,1,16.2,471.4,7,10,3,Onam,Momos,76,false,9,25328890,true,1,1,true,49,4,true,false,May
DST1048,Place_48,Maharashtra,West,Beach,Wildlife,Ahmedabad,Marathi,464494,Indira Gandhi International Airport,49960,Winter,Winter,9.99,11,54.74,62.62,14.54,35.97,124,3,Easy,true,false,false,42,1075,100,true,4,18.7,1798.4,2,1,4,Navratri,Idli,78,false,5,36445519,true,5,5,true,66,5,false,false,August
DST1049,Place_49,Tamil Nadu,Northeast,Heritage,Food,Mumbai,Tamil,542762,Indira Gandhi International Airport,18029,Summer,Monsoon,13.42,6,74.8,68.51,15.06,35.25,290,1,Difficult,false,false,false,84,2460,30,false,5,33.9,2109,10,5,8,Eid,Rogan Josh,79,false,8,15153078,false,1,4,true,15,1,false,true,May
DST1050,Place_50,Goa,Central,Hill Station,Scenery,Jaipur,Hindi,880196,Devi Ahilya Bai Holkar Airport,39180,Winter,Summer,3.8,12,62.1,93.49,29.46,50.83,433,1,Moderate,true,true,true,56,8871,40,false,5,14.5,2462.9,2,4,7,Pongal,Chole Bhature,26,false,4,40061684,true,5,4,false,68,5,true,false,October
DST1051,Place_51,Tamil Nadu,East,Heritage,Food,Bengaluru,Marathi,889480,Lokpriya Gopinath Bordoloi International Airport,5652,Monsoon,Monsoon,4.45,10,82.49,70.92,5.15,59.66,462,4,Easy,false,false,false,17,8501,130,true,2,13.7,968.3,1,5,7,Ganesh Chaturthi,Kebabs,90,false,7,20750366,false,4,3,false,68,4,false,true,August
DST1052,Place_52,Assam,East,Wildlife,Culture,Cochin,Hindi,873500,Lokpriya Gopinath Bordoloi International Airport,7834,Monsoon,Summer,14.34,5,49.67,65.59,8.34,41.68,416,2,Easy,false,false,false,12,2998,47,false,3,25.2,866.5,9,6,6,Holi,Momos,51,true,6,21398238,true,4,3,false,80,5,false,true,October
DST1053,Place_53,Goa,West,Hill Station,Food,Bengaluru,Marathi,683194,Pune Airport,38219,Monsoon,Monsoon,2.89,2,60.89,85.14,38.21,28.93,322,2,Easy,false,true,true,36,3590,48,false,5,35.9,2271.4,6,3,9,Diwali,Biryani,49,false,4,36310242,false,2,1,false,52,2,false,false,December
DST1054,Place_54,Maharashtra,Northeast,Urban,Culture,Indore,Marathi,438781,Goa International Airport,23487,Summer,Summer,3.68,12,67.88,89,11.55,20.93,198,4,Easy,true,false,false,90,6032,173,true,3,16.7,1455.6,2,3,6,Eid,Sarson da Saag,23,true,3,30646797,false,3,2,true,93,5,true,false,August
DST1055,Place_55,Assam,Northeast,Wildlife,Culture,Indore,Marathi,391922,Pune Airport,8084,Monsoon,Winter,6.89,10,46.3,70.99,19.63,19.94,137,2,Moderate,true,true,true,21,9390,109,true,4,13.2,1277,10,5,1,Bihu,Idli,41,false,7,8970040,true,2,1,true,83,2,false,true,March
DST1056,Place_56,Kerala,Central,Beach,Culture,Kolkata,Hindi,258497,Netaji Subhas Chandra Bose International Airport,46630,Summer,Summer,9.25,6,69.4,69.75,34.74,52.81,488,2,Difficult,false,true,false,9,2097,20,false,3,24.8,565.8,4,5,5,Onam,Vada Pav,52,true,4,18501934,false,1,1,false,24,5,true,false,March
DST1057,Place_57,Rajasthan,Central,Beach,Food,Lucknow,Marathi,862405,Chaudhary Charan Singh International Airport,15692,Summer,Monsoon,9.45,11,54.55,68.46,5,59.62,217,2,Difficult,false,false,true,76,4494,78,true,1,32,1359,4,9,8,Bihu,Idli,86,false,2,38798973,false,4,5,true,24,2,false,false,March
DST1058,Place_58,Maharashtra,Northeast,Beach,Scenery,Kolkata,Tamil,838748,Sardar Vallabhbhai Patel International Airport,3655,Summer,Summer,5.09,14,51.48,73.76,37.38,44.9,296,4,Easy,true,true,true,54,4965,43,true,2,28.5,2205.8,7,7,6,Lohri,Pav Bhaji,56,true,8,47743718,true,5,4,true,96,2,false,true,August
DST1059,Place_59,Rajasthan,Central,Wildlife,Food,Guwahati,Bengali,220918,Chhatrapati Shivaji Maharaj International Airport,41201,Monsoon,Monsoon,13.89,13,47.1,63.05,6.87,57.79,167,4,Easy,true,false,false,98,3141,14,true,3,22.5,1406.6,7,6,5,Ganesh Chaturthi,Rogan Josh,32,false,7,17119293,false,2,1,true,19,2,true,false,January
DST1060,Place_60,Himachal Pradesh,Northeast,Wildlife,Scenery,Goa,Bengali,976468,Devi Ahilya Bai Holkar Airport,35082,Monsoon,Monsoon,13.81,14,57.49,83.42,10.98,27.5,133,3,Difficult,false,true,true,87,8020,29,true,3,11.2,2630.9,4,2,9,Diwali,Biryani,69,false,8,10286583,true,4,2,true,77,2,false,false,March
DST1061,Place_61,Kerala,South,Wildlife,Scenery,Goa,Marathi,551392,Cochin International Airport,48670,Summer,Summer,6.49,12,86.45,88.78,6.02,41.38,160,2,Easy,true,true,true,16,7503,72,true,5,19,112.2,5,9,7,Durga Puja,Idli,21,true,5,18340632,false,5,4,true,42,3,false,true,May
DST1062,Place_62,Kerala,Northeast,Hill Station,Culture,Kolkata,Bengali,505890,Jaipur International Airport,6272,Monsoon,Monsoon,7.08,8,41.55,83.23,23.18,35.58,271,3,Difficult,true,false,false,93,8336,54,false,1,37.6,621.9,9,10,7,Holi,Dosa,95,true,3,29622272,true,5,5,false,85,3,false,false,March
DST1063,Place_63,Maharashtra,East,Hill Station,Food,Guwahati,Bengali,555618,Chennai International Airport,1218,Summer,Winter,10.83,4,82.61,74.74,38.01,34.1,279,5,Difficult,true,false,true,48,9488,179,false,5,16.7,1882.4,6,3,1,Pongal,Kebabs,67,false,4,34879486,true,1,3,true,18,5,true,false,October
DST1064,Place_64,Kerala,Central,Beach,Scenery,Mumbai,Marathi,609325,Jaipur International Airport,31892,Monsoon,Monsoon,10.28,5,59.87,70.11,34.37,41.62,247,5,Easy,true,true,false,81,3772,22,true,3,28.4,2048.7,2,7,2,Eid,Pav Bhaji,31,true,8,45980892,true,2,1,false,36,4,false,false,March
DST1065,Place_65,Goa,Northeast,Heritage,Wildlife,Chennai,Marathi,320979,Indira Gandhi International Airport,38471,Winter,Winter,6.35,13,68.08,74.33,27.39,25.52,221,2,Difficult,true,true,false,72,1317,146,true,4,37.2,899.5,2,8,10,Navratri,Kebabs,73,false,2,19222847,false,5,4,true,71,1,false,true,March
DST1066,Place_66,Kerala,Northeast,Beach,Scenery,Cochin,Tamil,872793,Raja Bhoj Airport,49762,Monsoon,Winter,6.8,11,65.64,74.83,11.49,42.03,315,1,Difficult,true,false,true,63,1271,142,false,5,24.6,2831.5,3,9,5,Pongal,Dosa,83,true,2,44596892,true,4,3,true,20,3,false,true,January
DST1067,Place_67,Rajasthan,Central,Urban,Wildlife,Kolkata,Malayalam,111957,Pune Airport,22515,Monsoon,Monsoon,5.87,10,86.29,83.31,35.44,43.64,376,5,Difficult,true,false,false,14,2367,175,false,5,23.4,1058.9,7,5,3,Navratri,Biryani,21,false,5,6919751,true,2,5,true,24,2,true,false,January
DST1068,Place_68,Rajasthan,South,Hill Station,Food,Pune,Hindi,959076,Sardar Vallabhbhai Patel International Airport,35307,Monsoon,Winter,4.3,11,78.51,92.48,31.42,51.81,329,1,Easy,true,true,false,52,8021,103,false,1,14.2,1292.5,2,6,8,Durga Puja,Dosa,96,true,3,37758887,false,1,2,false,80,3,true,false,October
DST1069,Place_69,Assam,South,Wildlife,Food,Guwahati,Marathi,999726,Goa International Airport,14145,Summer,Winter,7.41,14,89.24,62.47,14.34,46.52,394,3,Moderate,false,false,true,32,8250,186,true,5,39.4,2931.5,1,6,4,Eid,Kebabs,33,true,5,25389981,false,1,5,true,99,2,true,true,December
DST1070,Place_70,Rajasthan,Central,Hill Station,Food,Mumbai,Marathi,117829,Raja Bhoj Airport,18986,Summer,Summer,10.61,2,79.72,93.37,33.18,25.99,171,2,Moderate,true,true,false,9,4311,101,false,5,15.3,1489.7,4,5,7,Diwali,Dosa,81,false,5,24077288,false,4,2,false,17,4,true,false,May
DST1071,Place_71,Assam,North,Wildlife,Scenery,Chennai,Bengali,367981,Rajiv Gandhi International Airport,20088,Winter,Winter,11.39,13,54.79,91.86,35.7,32.54,469,3,Moderate,true,false,true,96,9634,110,false,2,24.4,1877.3,10,7,5,Onam,Sarson da Saag,29,false,9,27605253,false,5,2,true,78,3,true,false,May
DST1072,Place_72,Rajasthan,Central,Urban,Temples,Bengaluru,Tamil,557357,Kempegowda International Airport,6064,Winter,Winter,11.9,12,88.14,64.12,29.44,16.02,258,3,Moderate,true,false,false,48,9800,165,true,3,15.1,1666.5,7,1,6,Durga Puja,Chole Bhature,12,true,2,38689270,true,1,2,true,75,1,true,false,August
DST1073,Place_73,Goa,Central,Urban,Scenery,Delhi,Bengali,246104,Rajiv Gandhi International Airport,47556,Winter,Winter,6.25,6,89.18,66.43,8.51,22.86,421,4,Moderate,true,true,true,35,2092,130,true,1,20.5,614.8,5,5,7,Navratri,Kebabs,80,false,8,6938508,true,1,5,true,11,1,true,false,January
DST1074,Place_74,Assam,South,Hill Station,Scenery,Goa,Marathi,199770,Rajiv Gandhi International Airport,23196,Summer,Winter,11.7,9,46.15,70.91,39.45,36.05,255,2,Easy,false,false,false,20,4784,133,false,5,36.5,2975.4,7,10,8,Navratri,Chole Bhature,32,false,9,9809096,true,5,1,true,83,3,true,false,October
DST1075,Place_75,Tamil Nadu,South,Wildlife,Culture,Pune,Marathi,650640,Chaudhary Charan Singh International Airport,12603,Winter,Winter,1.09,11,85.05,79.59,7.66,15.04,167,4,Easy,false,true,true,27,7612,180,true,3,29.3,271.3,7,6,3,Navratri,Biryani,68,false,6,16263729,false,5,3,true,26,3,false,true,March
DST1076,Place_76,Himachal Pradesh,Central,Urban,Culture,Ahmedabad,Bengali,130215,Chaudhary Charan Singh International Airport,3488,Winter,Monsoon,7.68,8,73.21,64.71,27.91,38.53,470,3,Moderate,false,true,true,97,3857,178,true,1,10.3,2952.1,7,3,3,Durga Puja,Kebabs,42,true,4,23656531,false,5,4,false,86,1,false,true,May
DST1077,Place_77,Maharashtra,Central,Beach,Scenery,Lucknow,Marathi,549535,Pune Airport,26192,Monsoon,Winter,12.11,5,86.1,67.01,8.87,29.51,492,1,Moderate,true,true,false,25,2944,181,true,5,39,1457.2,1,2,2,Navratri,Dosa,55,true,8,12962288,false,3,1,true,18,4,true,false,August
DST1078,Place_78,Rajasthan,Central,Beach,Wildlife,Ahmedabad,Malayalam,619751,Lokpriya Gopinath Bordoloi International Airport,29897,Winter,Monsoon,9.82,8,85.79,91.59,36.69,11.74,119,2,Difficult,false,true,true,6,3871,166,false,4,33.5,649.9,8,4,6,Bihu,Pav Bhaji,44,true,3,44274252,true,3,1,true,89,5,true,true,August
DST1079,Place_79,Kerala,South,Wildlife,Culture,Chennai,Hindi,830002,Lokpriya Gopinath Bordoloi International Airport,19802,Monsoon,Monsoon,7.64,2,84.57,63.83,17.25,31.72,18,2,Difficult,false,false,true,27,7604,77,false,2,39.9,584.1,6,3,2,Navratri,Momos,31,false,6,48262426,true,5,4,false,80,3,true,true,March
DST1080,Place_80,Rajasthan,Central,Hill Station,Scenery,Cochin,Hindi,403391,Rajiv Gandhi International Airport,17411,Summer,Monsoon,10.02,7,84.26,73.96,22.9,24.06,295,5,Difficult,false,false,true,84,8639,34,false,1,32.9,2001.2,6,6,1,Ganesh Chaturthi,Rogan Josh,43,true,5,9615664,true,5,4,false,85,3,false,true,August
DST1081,Place_81,Kerala,Central,Urban,Temples,Guwahati,Hindi,753980,Raja Bhoj Airport,30666,Summer,Summer,13.7,10,45.88,86.71,11.26,13.35,308,1,Moderate,true,true,false,15,3138,23,false,4,32.9,2161.3,10,6,1,Diwali,Chole Bhature,45,true,3,13583995,false,4,3,true,13,1,false,false,January
DST1082,Place_82,Himachal Pradesh,West,Hill Station,Wildlife,Jaipur,Malayalam,798408,Chennai International Airport,41975,Monsoon,Summer,8.93,4,47.18,91.1,24.13,24.67,246,1,Moderate,true,false,true,77,9480,196,false,1,31,2706.2,4,4,9,Diwali,Kebabs,35,false,8,36372345,true,1,1,false,40,1,true,false,October
DST1083,Place_83,Himachal Pradesh,North,Beach,Food,Chennai,Marathi,874474,Indira Gandhi International Airport,13770,Winter,Monsoon,12.2,5,45.89,71.76,37.86,24.7,204,3,Easy,false,false,false,6,7937,71,false,1,22.7,785.9,9,4,1,Onam,Pav Bhaji,50,true,9,7478450,false,2,3,true,12,1,true,false,January
DST1084,Place_84,Himachal Pradesh,East,Urban,Scenery,Delhi,Bengali,306604,Lokpriya Gopinath Bordoloi International Airport,8977,Summer,Summer,14.73,9,44.55,65.76,36.56,27.75,419,3,Difficult,false,false,false,86,7115,154,true,2,19.4,1356.3,10,10,7,Diwali,Kebabs,19,false,5,43988403,false,3,1,false,50,1,false,true,October
DST1085,Place_85,Kerala,North,Hill Station,Scenery,Bengaluru,Tamil,691002,Rajiv Gandhi International Airport,38429,Monsoon,Winter,10.88,13,57.66,85.8,7.24,28.32,66,3,Difficult,true,false,false,17,4344,126,false,4,25.8,2916.5,9,10,5,Ganesh Chaturthi,Biryani,16,true,8,27456727,true,3,4,false,16,3,true,true,December
DST1086,Place_86,Rajasthan,West,Heritage,Wildlife,Hyderabad,Marathi,397463,Sardar Vallabhbhai Patel International Airport,33031,Summer,Monsoon,9.03,6,74.2,87.04,18.24,31.49,341,5,Easy,true,false,true,49,8700,156,false,5,15.3,1341.2,6,10,6,Ganesh Chaturthi,Biryani,51,true,7,38568615,true,5,2,false,75,2,true,false,March
DST1087,Place_87,Himachal Pradesh,East,Wildlife,Culture,Indore,Malayalam,743346,Kempegowda International Airport,5549,Summer,Monsoon,1.52,6,57.73,94.3,14.36,14.6,344,1,Easy,false,false,false,76,8148,166,false,3,31.7,1432.8,9,2,10,Lohri,Kebabs,20,true,3,21641754,true,5,3,false,84,1,true,false,January
DST1088,Place_88,Goa,Central,Wildlife,Culture,Chennai,Malayalam,378169,Raja Bhoj Airport,21337,Winter,Monsoon,6.24,2,76.02,64.88,21.85,10.26,403,4,Easy,true,true,true,14,8681,109,true,4,39.9,936.7,1,7,9,Holi,Idli,90,true,3,4851698,false,5,3,true,59,4,false,true,March
DST1089,Place_89,Assam,West,Heritage,Culture,Guwahati,Hindi,109780,Raja Bhoj Airport,28365,Summer,Summer,8.92,7,81.01,84.83,34.18,46.8,411,1,Difficult,false,false,false,95,5686,75,true,1,28,2625.8,7,9,3,Onam,Kebabs,81,false,4,43583266,false,2,2,true,69,4,false,false,May
DST1090,Place_90,Kerala,Central,Beach,Food,Bengaluru,Marathi,909138,Chhatrapati Shivaji Maharaj International Airport,21645,Monsoon,Summer,12.16,3,73.31,74.61,30.86,26.87,184,4,Easy,true,false,false,85,7699,54,false,4,35.7,1160.3,9,9,6,Onam,Momos,80,true,2,5592775,false,3,1,true,80,3,true,false,August
DST1091,Place_91,Kerala,South,Urban,Wildlife,Cochin,Hindi,798276,Lokpriya Gopinath Bordoloi International Airport,48797,Winter,Summer,7.13,2,63.26,92.01,17.04,40.68,386,2,Moderate,false,true,false,92,3630,80,true,3,15.2,1943.1,5,10,7,Eid,Pav Bhaji,81,true,4,23087079,true,2,2,true,56,1,false,true,December
DST1092,Place_92,Rajasthan,Northeast,Wildlife,Wildlife,Bhopal,Tamil,175503,Pune Airport,25507,Monsoon,Winter,14.44,7,54.78,74.27,18.39,25.35,341,4,Moderate,false,true,true,25,8914,37,true,4,34.8,629.5,6,2,2,Pongal,Momos,15,true,8,18234336,false,1,2,true,66,5,false,true,October
DST1093,Place_93,Kerala,West,Heritage,Culture,Ahmedabad,Hindi,261928,Pune Airport,5973,Monsoon,Summer,4.81,6,46.22,75.61,27.9,59.21,107,2,Moderate,false,true,false,5,1223,68,false,3,37.2,1885.7,6,9,6,Pongal,Idli,55,true,9,13205133,true,2,5,true,93,1,false,true,August
DST1094,Place_94,Kerala,South,Heritage,Culture,Chennai,Tamil,989598,Netaji Subhas Chandra Bose International Airport,9436,Monsoon,Monsoon,11.42,14,64.68,64.44,11.8,25.77,164,3,Easy,false,false,true,20,2521,191,true,2,35.2,2808.5,5,5,6,Navratri,Biryani,14,true,8,24341460,true,4,1,false,31,3,true,false,March
DST1095,Place_95,Himachal Pradesh,West,Beach,Temples,Chennai,Malayalam,109179,Sardar Vallabhbhai Patel International Airport,11086,Winter,Summer,6.87,6,75.98,71.23,8.6,40.25,120,1,Difficult,false,true,true,47,2654,17,true,1,28.8,2352.8,10,6,5,Durga Puja,Sarson da Saag,89,true,4,8630696,false,3,2,true,31,5,false,true,August
DST1096,Place_96,Rajasthan,West,Beach,Temples,Kolkata,Hindi,793983,Devi Ahilya Bai Holkar Airport,18740,Summer,Summer,7.8,10,67.41,74.03,13.49,21,485,3,Difficult,false,true,false,10,7048,19,false,5,37.8,296.3,9,1,7,Lohri,Momos,54,true,6,48318892,false,2,2,false,98,3,false,false,October
DST1097,Place_97,Himachal Pradesh,South,Hill Station,Scenery,Ahmedabad,Hindi,772947,Chaudhary Charan Singh International Airport,26518,Monsoon,Summer,12.24,13,76.07,60.61,9.34,35.89,401,1,Easy,true,false,false,80,6144,30,true,4,38.8,1938.5,5,7,9,Diwali,Chole Bhature,23,true,4,24552054,false,3,5,true,27,2,false,false,March
DST1098,Place_98,Assam,East,Wildlife,Scenery,Lucknow,Bengali,779093,Goa International Airport,20851,Summer,Summer,5.15,11,56.76,75.32,17.32,38.97,83,4,Easy,true,true,false,15,5772,44,true,2,34.5,1720.2,3,8,7,Diwali,Momos,43,true,9,25782656,false,5,5,true,83,4,false,false,October
DST1099,Place_99,Assam,North,Hill Station,Wildlife,Lucknow,Malayalam,881570,Indira Gandhi International Airport,40732,Summer,Monsoon,2.36,11,43.34,71.77,37.81,19.14,301,1,Difficult,false,false,true,86,7307,13,false,4,26.4,1081.9,6,5,2,Durga Puja,Dosa,65,false,3,19534541,true,2,5,false,71,3,false,true,May
DST1100,Place_100,Himachal Pradesh,Central,Heritage,Wildlife,Pune,Bengali,581522,Chennai International Airport,15842,Monsoon,Summer,8.28,14,78.55,88.13,9.21,16.18,260,4,Moderate,true,false,true,70,1736,190,false,2,35.1,2543.8,6,6,4,Diwali,Kebabs,67,true,5,9969752,false,3,4,false,21,1,true,true,October
DST1101,Place_101,Assam,West,Urban,Food,Jaipur,Tamil,723711,Cochin International Airport,30954,Summer,Monsoon,8.4,4,50.99,63.75,33.64,58.68,106,1,Moderate,true,false,true,53,9337,94,true,3,21.2,2396,1,4,1,Diwali,Momos,59,false,6,46156262,true,2,3,false,38,1,true,true,August
DST1102,Place_102,Rajasthan,Central,Urban,Food,Goa,Tamil,223076,Sardar Vallabhbhai Patel International Airport,2745,Winter,Summer,12.16,2,70.81,86.61,23.71,54.66,122,2,Difficult,true,false,false,24,7978,34,true,2,20.4,1981,4,3,2,Durga Puja,Biryani,98,true,9,29427542,true,2,5,false,12,3,false,true,January
DST1103,Place_103,Maharashtra,Northeast,Beach,Temples,Hyderabad,Malayalam,235047,Devi Ahilya Bai Holkar Airport,13697,Winter,Winter,14.56,9,80.21,84.99,27.15,43,72,4,Easy,false,false,true,25,2033,29,false,3,20.4,2258.1,10,3,9,Ganesh Chaturthi,Chole Bhature,95,true,3,21892330,true,2,1,true,62,4,false,false,March
DST1104,Place_104,Himachal Pradesh,South,Urban,Scenery,Chennai,Tamil,354477,Jaipur International Airport,27933,Summer,Winter,1.77,13,46.96,68.46,10.95,53.05,476,3,Moderate,false,false,true,40,7663,105,true,2,16,660.2,10,2,7,Pongal,Rogan Josh,76,false,7,3958182,false,4,4,false,35,3,true,true,May
DST1105,Place_105,Goa,Central,Urban,Temples,Indore,Malayalam,833815,Chhatrapati Shivaji Maharaj International Airport,4879,Summer,Monsoon,9.28,6,69.92,62.91,10.3,14.78,336,3,Moderate,true,false,true,42,3281,105,true,4,28.7,2769.1,1,10,8,Onam,Dosa,91,false,8,43577971,true,4,3,false,90,3,true,true,January
DST1106,Place_106,Goa,South,Urban,Temples,Chennai,Tamil,437282,Devi Ahilya Bai Holkar Airport,21161,Winter,Monsoon,10.54,12,74.47,89.46,10.7,46.47,459,3,Moderate,true,false,true,60,8348,136,true,5,29.8,2037.3,6,6,8,Lohri,Sarson da Saag,65,false,9,1863366,true,2,4,true,93,1,false,false,January
DST1107,Place_107,Kerala,Central,Heritage,Scenery,Pune,Marathi,800823,Kempegowda International Airport,19499,Summer,Winter,14.8,6,77.33,68.73,28.35,24.28,312,3,Easy,false,true,false,95,7033,31,true,1,35.8,1456.7,2,9,2,Holi,Idli,29,false,5,28748728,false,2,5,false,61,1,false,false,January
DST1108,Place_108,Assam,North,Urban,Food,Jaipur,Hindi,273226,Netaji Subhas Chandra Bose International Airport,23641,Summer,Winter,14.2,9,47.38,65.09,31.17,36.97,153,2,Easy,false,true,false,15,5619,58,false,5,30.8,660,5,3,5,Bihu,Dosa,22,false,5,41503313,true,3,2,false,93,1,true,false,March
DST1109,Place_109,Goa,North,Urban,Scenery,Ahmedabad,Marathi,306748,Raja Bhoj Airport,36035,Summer,Summer,10.97,9,81.26,72.57,37.21,48.24,288,2,Moderate,true,false,false,22,9577,98,false,2,33.4,2080,3,1,1,Eid,Momos,94,false,6,24758031,false,5,2,true,87,4,true,true,March
DST1110,Place_110,Kerala,North,Urban,Culture,Indore,Malayalam,611559,Sardar Vallabhbhai Patel International Airport,19651,Summer,Winter,8.31,12,44.71,74.03,18.94,11.67,96,5,Easy,true,false,true,85,5939,15,false,3,30.7,380.5,6,10,9,Diwali,Dosa,82,true,4,28125893,false,1,4,false,50,1,true,true,January
DST1111,Place_111,Maharashtra,North,Hill Station,Culture,Chennai,Malayalam,710994,Netaji Subhas Chandra Bose International Airport,10688,Monsoon,Monsoon,3.26,3,65.98,71.41,21.17,44.74,291,5,Difficult,true,false,true,49,7478,188,true,4,30.9,1027.3,9,1,5,Onam,Biryani,95,true,6,4224513,false,5,3,true,22,5,true,true,October
DST1112,Place_112,Rajasthan,North,Heritage,Culture,Bengaluru,Marathi,216905,Chhatrapati Shivaji Maharaj International Airport,48833,Summer,Monsoon,6.38,4,62.17,94.18,21.44,31.74,348,5,Easy,true,false,false,30,1513,164,true,1,20.2,1764,3,4,1,Bihu,Sarson da Saag,54,true,6,21914518,false,3,3,true,49,5,false,false,October
DST1113,Place_113,Rajasthan,North,Beach,Wildlife,Mumbai,Hindi,128830,Rajiv Gandhi International Airport,11988,Winter,Winter,9.19,11,51.09,90.83,14.45,31.98,277,5,Difficult,true,false,false,63,9218,155,false,1,39,1973.7,9,1,7,Eid,Rogan Josh,40,true,7,26391617,false,4,1,true,60,3,false,false,January
DST1114,Place_114,Rajasthan,South,Hill Station,Food,Goa,Hindi,996508,Netaji Subhas Chandra Bose International Airport,24470,Monsoon,Monsoon,11.15,11,55.1,90.55,16.49,55.36,253,1,Moderate,true,true,true,10,1664,21,true,4,29.2,150.3,5,10,9,Onam,Kebabs,79,false,6,23782104,true,3,5,false,11,3,false,true,October
DST1115,Place_115,Goa,West,Wildlife,Food,Jaipur,Bengali,565342,Pune Airport,38249,Monsoon,Summer,9.9,2,48.22,73.96,34.64,52.99,81,4,Moderate,true,true,true,47,3187,37,false,2,27.6,125.5,2,2,1,Lohri,Pav Bhaji,50,true,7,46224814,true,3,2,false,45,2,false,true,January
DST1116,Place_116,Maharashtra,Central,Heritage,Wildlife,Chennai,Tamil,392753,Chaudhary Charan Singh International Airport,24849,Winter,Summer,11,4,61.29,93.7,17.03,12.88,16,3,Difficult,true,false,true,98,6824,28,false,1,35.4,423.2,10,4,1,Durga Puja,Pav Bhaji,55,true,5,49651141,true,1,3,true,23,5,true,false,March
DST1117,Place_117,Goa,North,Heritage,Temples,Jaipur,Bengali,641689,Devi Ahilya Bai Holkar Airport,34697,Summer,Winter,7.01,13,41.78,83.94,35.42,40.92,299,1,Moderate,true,true,false,56,7238,52,true,4,22.6,2328.2,10,4,1,Durga Puja,Idli,11,true,4,5944298,false,5,1,false,35,4,true,true,December
DST1118,Place_118,Assam,South,Wildlife,Culture,Lucknow,Hindi,520945,Raja Bhoj Airport,8773,Monsoon,Monsoon,11.19,5,84.45,89.12,15.68,31.79,179,2,Moderate,false,true,true,66,7311,108,true,2,12.9,1744.6,10,8,7,Eid,Chole Bhature,16,false,7,34379047,false,4,4,true,75,3,true,true,October
DST1119,Place_119,Goa,South,Wildlife,Culture,Indore,Marathi,989912,Rajiv Gandhi International Airport,37092,Monsoon,Winter,3.01,12,48.17,77.53,16.9,15.89,215,3,Moderate,false,false,true,21,2540,152,false,4,17.2,1864.4,10,4,10,Navratri,Biryani,21,false,7,15008476,false,3,1,true,20,3,false,false,May
DST1120,Place_120,Maharashtra,South,Wildlife,Temples,Cochin,Tamil,218278,Sardar Vallabhbhai Patel International Airport,30076,Summer,Monsoon,3.28,8,84.3,65.62,24.61,52.55,21,4,Easy,false,false,false,81,3631,45,true,1,34.2,1849.9,9,3,3,Holi,Chole Bhature,73,true,2,6068808,true,1,2,true,82,4,true,false,March
DST1121,Place_121,Maharashtra,West,Beach,Scenery,Guwahati,Marathi,800527,Goa International Airport,5587,Summer,Monsoon,3.28,10,83.18,91.04,8.61,13.58,235,4,Easy,true,false,true,50,8157,106,false,5,32,206.8,3,4,9,Diwali,Sarson da Saag,52,true,5,12529160,true,3,5,true,59,5,false,true,December
DST1122,Place_122,Assam,Central,Urban,Scenery,Bhopal,Bengali,325253,Kempegowda International Airport,34124,Winter,Monsoon,13.47,13,62.58,77.02,37.27,11.6,452,2,Difficult,true,true,true,45,9499,94,true,1,13.5,599.6,9,5,9,Pongal,Dosa,60,true,6,12848845,true,3,1,true,80,2,true,true,January
DST1123,Place_123,Maharashtra,West,Heritage,Food,Hyderabad,Malayalam,943823,Pune Airport,16787,Monsoon,Summer,2.06,6,64.89,93.9,33.71,19.88,384,3,Difficult,false,false,false,17,2993,51,false,1,12.1,2210.8,6,5,7,Lohri,Vada Pav,92,true,7,39640556,false,5,4,false,44,4,true,true,May
DST1124,Place_124,Maharashtra,East,Urban,Wildlife,Chennai,Marathi,750831,Chhatrapati Shivaji Maharaj International Airport,21448,Summer,Monsoon,12.22,13,55.1,68.92,28.47,25.17,210,5,Easy,true,false,true,10,1703,100,true,5,28.7,1972.6,1,4,3,Onam,Biryani,29,true,8,25609550,false,5,1,false,90,2,true,false,December
DST1125,Place_125,Rajasthan,South,Urban,Food,Hyderabad,Bengali,718871,Rajiv Gandhi International Airport,6499,Summer,Summer,4.27,2,89.84,94.73,39.58,13.04,285,3,Moderate,true,false,true,90,7638,135,true,2,38.2,1391.3,1,10,10,Navratri,Kebabs,22,false,9,21297389,true,1,4,true,99,2,true,true,May
DST1126,Place_126,Assam,East,Wildlife,Scenery,Delhi,Bengali,289243,Pune Airport,4841,Winter,Monsoon,7.56,3,73.54,67.78,5.56,42.07,422,3,Easy,false,true,true,37,1354,54,true,4,15.2,159.2,3,2,8,Diwali,Momos,56,false,5,26278799,true,3,1,true,38,3,true,false,March
DST1127,Place_127,Tamil Nadu,Northeast,Beach,Temples,Cochin,Bengali,581312,Chaudhary Charan Singh International Airport,45890,Monsoon,Winter,13.82,11,87.59,72.89,19.39,31.86,206,4,Moderate,false,true,false,8,1546,39,false,2,26.5,1308.8,5,3,6,Pongal,Dosa,94,true,3,49928623,true,3,2,true,47,5,true,true,May
DST1128,Place_128,Tamil Nadu,North,Hill Station,Food,Mumbai,Malayalam,237719,Rajiv Gandhi International Airport,26402,Summer,Summer,9.2,3,60.74,80.79,35.04,30.61,493,2,Difficult,false,false,false,82,6136,48,false,2,34.4,819.1,6,10,4,Holi,Momos,35,false,4,26286956,true,3,3,false,42,2,true,false,December
DST1129,Place_129,Maharashtra,North,Beach,Culture,Pune,Malayalam,368159,Indira Gandhi International Airport,47177,Winter,Summer,3.94,10,84.15,84.27,20.16,17.27,418,3,Difficult,true,false,true,54,1109,183,true,4,25.9,2122.1,5,10,8,Durga Puja,Biryani,67,true,8,42308459,false,2,5,false,84,4,false,false,October
DST1130,Place_130,Tamil Nadu,West,Urban,Culture,Hyderabad,Malayalam,383650,Indira Gandhi International Airport,24055,Monsoon,Summer,4.98,11,62.41,85.21,5.18,31.89,324,1,Difficult,false,true,true,52,2498,195,true,2,20.5,2491.6,8,3,3,Bihu,Chole Bhature,31,false,2,35849115,false,2,4,false,15,5,true,false,May
DST1131,Place_131,Tamil Nadu,Central,Beach,Temples,Chennai,Tamil,345221,Rajiv Gandhi International Airport,40827,Monsoon,Winter,13.89,8,83.34,76.67,10.52,29.51,254,1,Easy,false,true,true,31,4671,39,true,3,33.7,1561,6,5,1,Holi,Rogan Josh,68,false,4,5851339,false,3,2,false,27,1,true,true,May
DST1132,Place_132,Maharashtra,East,Wildlife,Scenery,Kolkata,Malayalam,124067,Devi Ahilya Bai Holkar Airport,1665,Monsoon,Summer,6.98,3,46.55,62.69,20.19,29.18,453,2,Easy,true,false,false,10,9754,118,true,1,33.1,1270.2,2,2,4,Navratri,Idli,84,false,3,38038976,true,5,4,true,40,1,false,false,August
DST1133,Place_133,Tamil Nadu,Central,Hill Station,Culture,Bhopal,Malayalam,492963,Lokpriya Gopinath Bordoloi International Airport,33271,Monsoon,Winter,9.22,2,71.84,77.36,28.38,20.93,344,5,Moderate,false,false,true,62,7892,193,false,3,34.9,891.8,5,2,9,Onam,Rogan Josh,24,true,2,13483239,false,1,3,false,88,4,false,false,May
DST1134,Place_134,Goa,West,Wildlife,Culture,Pune,Malayalam,609993,Rajiv Gandhi International Airport,24237,Winter,Monsoon,7.44,6,73.94,71.71,10.69,14.72,10,3,Difficult,true,true,false,67,8952,97,true,4,38.4,368.6,7,10,7,Eid,Biryani,54,false,5,42744681,true,5,4,true,86,1,true,false,May
DST1135,Place_135,Kerala,North,Hill Station,Wildlife,Goa,Marathi,626344,Devi Ahilya Bai Holkar Airport,43988,Summer,Monsoon,6.3,13,72.81,83.02,20.68,23.04,306,3,Moderate,true,true,true,5,1465,191,true,5,14.5,1178.1,2,2,1,Lohri,Biryani,56,true,2,24799456,true,1,3,false,14,5,true,false,October
DST1136,Place_136,Assam,Central,Urban,Food,Pune,Malayalam,354770,Indira Gandhi International Airport,29267,Monsoon,Winter,4.13,2,62.35,66.38,5.45,43.36,318,4,Moderate,true,true,false,32,1176,95,false,5,20.2,2066.3,5,6,1,Pongal,Dosa,91,true,6,30721299,false,4,3,false,93,5,false,false,May
DST1137,Place_137,Kerala,Central,Hill Station,Scenery,Ahmedabad,Tamil,653616,Sardar Vallabhbhai Patel International Airport,11774,Monsoon,Summer,10.61,10,74.2,73.79,21.71,13.65,341,3,Easy,true,true,false,33,6861,46,true,4,39.6,2031.6,5,8,1,Lohri,Momos,40,false,8,8298146,false,3,4,true,49,3,false,true,May
DST1138,Place_138,Maharashtra,North,Hill Station,Food,Hyderabad,Bengali,964144,Devi Ahilya Bai Holkar Airport,1553,Summer,Summer,11.06,4,51.97,93.81,36.36,29.12,378,5,Easy,true,true,true,32,6382,99,true,4,27.8,1297.1,8,10,6,Lohri,Biryani,38,true,3,27487150,false,3,2,true,56,5,false,false,December
DST1139,Place_139,Rajasthan,East,Hill Station,Scenery,Kolkata,Marathi,152832,Netaji Subhas Chandra Bose International Airport,14860,Monsoon,Winter,4.85,3,69.79,63.11,25.89,35.72,33,3,Moderate,false,false,false,95,3927,159,true,2,30.1,2901.3,9,6,10,Eid,Pav Bhaji,50,false,9,25544137,true,2,1,false,72,2,false,false,March
DST1140,Place_140,Assam,North,Beach,Culture,Hyderabad,Hindi,142771,Goa International Airport,25903,Monsoon,Monsoon,12.05,14,67.71,81.08,20.42,58.16,120,3,Moderate,false,false,true,78,6056,106,false,1,36.5,2826.2,3,4,10,Holi,Idli,90,true,7,45838471,false,4,2,true,91,3,false,true,August
DST1141,Place_141,Maharashtra,Central,Beach,Wildlife,Indore,Malayalam,197421,Kempegowda International Airport,8045,Summer,Winter,12.96,7,55.92,63.17,10.68,52.19,235,4,Moderate,true,false,false,86,2482,33,true,3,30.7,2639.4,4,8,9,Bihu,Biryani,27,false,6,26273741,true,2,2,true,52,2,false,true,May
DST1142,Place_142,Rajasthan,East,Urban,Food,Bhopal,Bengali,277587,Pune Airport,10380,Summer,Summer,13.89,4,78.94,65.49,12.08,55.83,182,1,Easy,true,true,true,72,7409,78,true,4,30.5,1363.8,9,4,3,Navratri,Chole Bhature,19,false,8,42546556,false,5,2,true,11,5,false,true,January
DST1143,Place_143,Kerala,East,Hill Station,Culture,Ahmedabad,Bengali,688826,Pune Airport,33917,Monsoon,Summer,3.26,6,44.04,81.17,7.68,51,77,1,Moderate,false,false,false,45,8232,97,false,5,13.1,2264.9,9,9,3,Navratri,Idli,18,true,3,27012954,true,2,4,true,85,3,true,false,August
DST1144,Place_144,Maharashtra,North,Heritage,Scenery,Cochin,Marathi,572194,Chhatrapati Shivaji Maharaj International Airport,33261,Summer,Summer,5.25,11,48.57,75.54,30.98,39.46,122,5,Easy,false,false,false,59,1426,108,false,1,25.2,2794.1,3,8,7,Ganesh Chaturthi,Sarson da Saag,61,false,5,24464012,true,1,1,false,29,4,true,true,October
DST1145,Place_145,Assam,Central,Urban,Food,Guwahati,Hindi,402295,Kempegowda International Airport,14343,Winter,Summer,13.04,9,63.56,79.2,7.7,53.04,456,2,Difficult,true,false,false,36,2527,131,true,1,30.2,2239.1,2,4,6,Pongal,Sarson da Saag,36,false,8,27419193,true,3,1,false,33,4,false,true,May
DST1146,Place_146,Assam,West,Hill Station,Food,Cochin,Tamil,756989,Chennai International Airport,3853,Winter,Monsoon,3.78,11,84.59,90.8,18.44,38.26,275,2,Difficult,false,false,false,73,6250,95,false,2,34.2,1015.7,7,7,9,Eid,Biryani,35,false,5,9140108,false,5,3,false,82,4,false,true,December
DST1147,Place_147,Himachal Pradesh,Central,Hill Station,Culture,Indore,Bengali,445607,Indira Gandhi International Airport,11128,Monsoon,Monsoon,1.05,3,68.76,88.6,31.24,27.89,207,4,Moderate,true,true,true,26,6952,170,false,5,22.4,297.2,4,10,3,Durga Puja,Vada Pav,94,true,9,34237685,false,4,1,true,44,3,false,false,March
DST1148,Place_148,Goa,South,Beach,Food,Guwahati,Bengali,721141,Cochin International Airport,46348,Monsoon,Monsoon,13.19,13,82.1,91.08,29.95,28.62,185,3,Easy,true,false,false,61,3794,26,false,1,13.7,2878.2,3,9,7,Pongal,Biryani,38,false,6,19224668,true,3,2,true,64,5,true,false,March
DST1149,Place_149,Tamil Nadu,Northeast,Urban,Wildlife,Guwahati,Bengali,713720,Cochin International Airport,49022,Summer,Summer,5.57,14,65.88,81.57,25.21,38.27,464,4,Difficult,false,true,false,26,1086,199,true,5,21,2978,2,6,7,Bihu,Pav Bhaji,29,false,3,24711172,false,5,4,false,61,5,true,true,October
DST1150,Place_150,Rajasthan,West,Hill Station,Wildlife,Goa,Bengali,390299,Chennai International Airport,3736,Summer,Summer,6.8,6,79.27,77.14,25,50.47,16,1,Easy,true,false,false,70,4567,21,true,3,22.9,2111.6,10,1,9,Ganesh Chaturthi,Biryani,82,false,3,37489281,false,4,1,true,54,3,false,false,October
DST1151,Place_151,Himachal Pradesh,East,Hill Station,Culture,Bhopal,Marathi,875817,Goa International Airport,34724,Monsoon,Summer,7.25,12,56.29,76.07,8.16,16.68,289,5,Easy,true,true,false,45,6968,39,false,5,32.5,1014.5,8,6,6,Ganesh Chaturthi,Idli,77,true,5,11931668,false,1,3,true,56,3,true,true,January
DST1152,Place_152,Tamil Nadu,West,Urban,Scenery,Mumbai,Hindi,249360,Chaudhary Charan Singh International Airport,12440,Monsoon,Winter,12.88,9,80.76,85.89,11.12,11.96,489,2,Difficult,false,false,false,47,9584,150,false,1,10.6,2608.6,7,8,9,Onam,Chole Bhature,24,true,4,10800666,false,1,1,true,60,1,false,true,December
DST1153,Place_153,Tamil Nadu,East,Heritage,Culture,Chennai,Bengali,412732,Kempegowda International Airport,6180,Winter,Summer,5.73,2,60.08,78.25,23.72,49.48,253,3,Moderate,false,false,true,38,7657,15,true,5,21.6,2865,5,9,6,Eid,Rogan Josh,61,true,8,12137481,true,4,4,false,38,1,true,true,October
DST1154,Place_154,Maharashtra,East,Urban,Wildlife,Indore,Tamil,318023,Devi Ahilya Bai Holkar Airport,31284,Summer,Monsoon,13.49,11,67.94,63.7,17.18,42.38,458,2,Moderate,false,true,true,6,9947,134,true,5,23.4,1568.7,7,1,2,Pongal,Biryani,96,true,6,19265777,false,3,2,true,77,3,true,true,October
DST1155,Place_155,Tamil Nadu,West,Urban,Temples,Bhopal,Tamil,791445,Jaipur International Airport,42375,Monsoon,Monsoon,9.64,11,48.79,64.97,5.66,51.07,98,1,Difficult,true,true,true,63,7303,20,true,5,26.5,1003.8,1,5,6,Navratri,Biryani,89,true,6,32336134,true,1,1,false,59,4,true,true,August
DST1156,Place_156,Goa,East,Heritage,Temples,Lucknow,Malayalam,635539,Goa International Airport,12646,Monsoon,Monsoon,8.38,12,86.02,72.5,32.94,58.83,445,3,Easy,false,true,false,40,8943,137,true,1,39.1,1278.4,9,5,5,Ganesh Chaturthi,Kebabs,10,false,3,39133160,false,5,4,true,23,5,false,true,May
DST1157,Place_157,Assam,East,Urban,Food,Cochin,Bengali,202420,Chhatrapati Shivaji Maharaj International Airport,20029,Summer,Winter,5.56,14,75.07,62.37,27.88,22.57,417,1,Moderate,true,true,true,12,9974,133,false,3,32.2,314.2,8,8,6,Diwali,Biryani,28,false,9,39592137,true,3,3,false,37,4,true,false,December
DST1158,Place_158,Himachal Pradesh,South,Hill Station,Food,Indore,Bengali,780934,Rajiv Gandhi International Airport,21158,Summer,Monsoon,4.41,13,82.94,68.37,16.4,19.71,483,2,Easy,true,false,true,37,5641,69,false,5,16.7,1740.4,4,7,9,Durga Puja,Pav Bhaji,35,true,7,13943813,true,4,2,true,67,2,true,false,January
DST1159,Place_159,Tamil Nadu,Central,Urban,Temples,Lucknow,Bengali,371767,Chaudhary Charan Singh International Airport,15342,Monsoon,Winter,9.74,14,50.39,82.97,8.44,27.05,455,2,Difficult,true,false,false,37,6780,19,true,3,29,1198.7,1,5,6,Onam,Sarson da Saag,68,false,2,3011989,false,1,3,true,42,2,true,false,January
DST1160,Place_160,Maharashtra,Central,Heritage,Wildlife,Indore,Bengali,317544,Netaji Subhas Chandra Bose International Airport,38781,Monsoon,Winter,7.26,13,43.38,60.44,25.69,53.9,146,1,Moderate,true,true,true,72,6640,25,true,1,20.4,2665.2,4,6,5,Ganesh Chaturthi,Rogan Josh,13,false,7,11981887,true,1,5,true,81,2,false,true,December
DST1161,Place_161,Goa,Northeast,Wildlife,Food,Hyderabad,Bengali,416859,Devi Ahilya Bai Holkar Airport,1084,Monsoon,Winter,13.75,5,56.86,81.14,17.2,10.7,371,3,Moderate,false,false,false,22,7183,93,false,4,34.3,899.1,1,8,5,Diwali,Kebabs,71,true,5,46884774,false,2,3,false,60,4,true,true,January
DST1162,Place_162,Kerala,Northeast,Urban,Culture,Goa,Tamil,368267,Jaipur International Airport,2935,Summer,Summer,7.88,6,65.83,87.03,13.94,10.53,113,1,Moderate,true,false,true,68,8933,179,true,5,15.1,124.3,6,6,3,Eid,Vada Pav,66,true,7,22690809,false,2,3,false,10,1,false,true,May
DST1163,Place_163,Assam,South,Beach,Culture,Ahmedabad,Hindi,365205,Kempegowda International Airport,31466,Monsoon,Summer,8.17,11,80.12,65.96,30.25,20.84,96,3,Difficult,false,false,true,65,1490,181,false,3,14.3,2237.8,8,10,5,Navratri,Biryani,69,false,5,15925254,true,3,1,true,77,2,false,true,October
DST1164,Place_164,Assam,Northeast,Hill Station,Wildlife,Guwahati,Hindi,206393,Devi Ahilya Bai Holkar Airport,43376,Monsoon,Monsoon,6.83,13,59.89,66.33,16.49,28.8,381,4,Difficult,false,true,true,87,4989,156,true,5,13,121.5,5,5,5,Holi,Idli,44,true,8,38119897,true,3,1,false,38,3,false,false,October
DST1165,Place_165,Himachal Pradesh,West,Hill Station,Food,Jaipur,Malayalam,878504,Kempegowda International Airport,10262,Monsoon,Monsoon,12.05,12,53.5,61.01,9.76,25.12,375,4,Difficult,false,false,true,14,4468,109,true,2,26.3,1683.3,9,10,10,Diwali,Rogan Josh,44,true,7,24433996,false,4,3,true,44,5,true,true,August
DST1166,Place_166,Assam,North,Beach,Culture,Chennai,Tamil,988467,Devi Ahilya Bai Holkar Airport,12604,Winter,Winter,6.95,4,58.63,77.94,21.86,51.25,470,3,Easy,false,false,false,54,2048,24,true,2,13.7,625.7,10,1,3,Eid,Sarson da Saag,49,true,4,47747729,true,4,4,true,27,1,true,true,August
DST1167,Place_167,Tamil Nadu,North,Beach,Food,Hyderabad,Bengali,401239,Cochin International Airport,43481,Winter,Summer,4.77,13,75.18,82.91,34,44.49,321,1,Easy,false,true,true,98,1198,94,false,1,11.3,1870.4,2,8,7,Lohri,Dosa,30,false,2,26617092,true,4,5,true,53,2,true,false,January
DST1168,Place_168,Maharashtra,North,Urban,Food,Indore,Hindi,290690,Chennai International Airport,24133,Summer,Monsoon,13.07,3,56.81,75.99,34.74,51.89,327,3,Easy,false,true,false,26,9562,48,false,3,20,673.9,2,8,8,Onam,Momos,36,true,2,2917982,true,2,1,true,64,5,false,true,December
DST1169,Place_169,Assam,South,Beach,Culture,Jaipur,Marathi,968329,Sardar Vallabhbhai Patel International Airport,29667,Monsoon,Monsoon,9.36,13,88.96,73.63,34.73,29.19,348,2,Moderate,false,false,false,43,9590,14,false,3,33.9,1555.4,4,6,7,Holi,Pav Bhaji,56,false,9,24426832,false,1,2,true,45,5,false,true,May
DST1170,Place_170,Assam,South,Wildlife,Temples,Chennai,Marathi,705731,Raja Bhoj Airport,36241,Monsoon,Summer,9.28,4,48.75,75.9,19.73,39.79,169,1,Moderate,false,false,true,69,1459,95,false,5,14.7,1071.7,6,7,2,Onam,Rogan Josh,22,false,2,35795029,true,1,4,true,28,1,false,true,October
DST1171,Place_171,Kerala,East,Heritage,Culture,Jaipur,Marathi,480149,Chennai International Airport,34503,Summer,Winter,9.55,12,77.65,87.35,32.68,35.77,306,3,Moderate,false,true,false,34,3604,40,true,2,20.7,629.4,6,7,7,Eid,Kebabs,63,false,4,18030852,true,4,1,true,58,4,true,true,May
DST1172,Place_172,Kerala,North,Beach,Wildlife,Pune,Bengali,921246,Goa International Airport,3838,Summer,Monsoon,11.06,6,69.46,61.17,34.76,33.74,198,2,Difficult,true,false,false,9,7932,165,true,5,23.1,1858.8,6,2,1,Holi,Idli,15,true,5,31605583,false,2,2,true,30,5,false,true,December
DST1173,Place_173,Rajasthan,West,Beach,Scenery,Hyderabad,Bengali,611048,Pune Airport,36330,Summer,Monsoon,5.38,8,51.65,87.43,21.08,24.41,176,5,Difficult,false,true,false,30,8463,47,false,5,36.3,338.4,6,6,3,Onam,Biryani,40,false,9,39360955,false,4,2,false,62,1,true,false,October
DST1174,Place_174,Goa,Northeast,Wildlife,Culture,Goa,Malayalam,185141,Chennai International Airport,14440,Monsoon,Summer,1.47,3,77.68,83.32,16.16,45.46,123,2,Moderate,true,false,false,67,6461,189,false,1,24.3,2829.3,1,7,10,Holi,Chole Bhature,96,false,9,34897632,true,5,3,false,89,2,false,false,May
DST1175,Place_175,Tamil Nadu,West,Hill Station,Food,Goa,Malayalam,591008,Sardar Vallabhbhai Patel International Airport,37674,Winter,Summer,12.35,14,62.38,68.45,29.57,36.2,156,3,Difficult,true,true,true,50,5668,152,false,4,25.4,2356.6,1,8,4,Lohri,Rogan Josh,42,false,2,9427816,true,3,5,false,79,1,false,false,May
DST1176,Place_176,Assam,Northeast,Hill Station,Food,Ahmedabad,Malayalam,832228,Netaji Subhas Chandra Bose International Airport,35040,Summer,Winter,2.8,8,74.12,78.37,36.66,13.93,94,1,Easy,true,true,false,35,2293,28,true,1,17.6,2756,3,2,6,Durga Puja,Sarson da Saag,18,false,5,26896323,false,2,1,false,99,4,false,true,January
DST1177,Place_177,Assam,North,Urban,Culture,Chennai,Marathi,793192,Raja Bhoj Airport,38604,Monsoon,Winter,11.11,7,73.11,61.73,39.03,10.03,285,1,Easy,false,false,false,45,2198,172,true,1,30.1,223.2,2,10,9,Lohri,Pav Bhaji,78,false,5,7982496,true,1,3,false,10,2,true,false,August
DST1178,Place_178,Maharashtra,North,Wildlife,Scenery,Lucknow,Bengali,764805,Chaudhary Charan Singh International Airport,35630,Summer,Monsoon,2.15,8,45.53,73.29,15.16,11.02,98,4,Difficult,false,true,true,16,9661,24,false,1,10.8,106.2,7,8,9,Holi,Chole Bhature,53,false,4,15340443,false,5,3,false,91,4,true,false,March
DST1179,Place_179,Rajasthan,North,Heritage,Culture,Hyderabad,Marathi,264562,Lokpriya Gopinath Bordoloi International Airport,37994,Monsoon,Winter,6.25,8,82,66.09,38.47,13.8,408,3,Easy,true,false,false,21,6007,123,false,5,38.9,1138,6,2,6,Onam,Pav Bhaji,67,true,5,11508490,true,3,5,false,10,5,true,false,May
DST1180,Place_180,Goa,South,Heritage,Scenery,Chennai,Malayalam,654055,Indira Gandhi International Airport,27339,Summer,Monsoon,1.88,10,74.07,60.78,22.47,28.55,366,2,Easy,false,false,false,22,5934,97,false,5,24.9,1888.4,5,9,9,Lohri,Chole Bhature,47,false,3,17190377,true,3,4,true,36,1,false,false,December
DST1181,Place_181,Rajasthan,Northeast,Wildlife,Scenery,Chennai,Bengali,146057,Kempegowda International Airport,31384,Monsoon,Monsoon,8.31,8,79.03,72.5,15.71,25.28,451,2,Easy,true,false,false,70,7929,184,true,5,11.9,808.7,8,2,6,Bihu,Vada Pav,53,true,5,10435560,false,3,3,true,28,3,false,true,March
DST1182,Place_182,Himachal Pradesh,South,Heritage,Wildlife,Goa,Tamil,311818,Goa International Airport,46378,Summer,Summer,10.14,13,62.39,85.41,39.59,17.83,368,3,Moderate,false,false,false,92,3277,193,true,5,26.8,1693,2,3,7,Durga Puja,Momos,77,true,9,12394950,true,2,4,false,99,4,true,true,January
DST1183,Place_183,Goa,South,Hill Station,Food,Indore,Hindi,320767,Goa International Airport,42782,Winter,Monsoon,3.4,14,49.75,92.24,35.72,35.77,234,2,Difficult,false,false,true,96,7273,157,true,2,25.4,1857.4,7,8,6,Navratri,Momos,41,true,8,35659442,true,2,5,true,61,1,true,false,May
DST1184,Place_184,Assam,Central,Heritage,Food,Jaipur,Hindi,796403,Rajiv Gandhi International Airport,33643,Summer,Summer,6.2,7,56.31,83.18,29.23,58.51,189,5,Difficult,true,true,true,43,9357,18,false,3,17.2,539.7,10,6,3,Ganesh Chaturthi,Rogan Josh,12,false,3,6543665,false,2,3,true,88,3,false,false,January
DST1185,Place_185,Assam,West,Heritage,Scenery,Cochin,Malayalam,448899,Chennai International Airport,17926,Summer,Monsoon,14.02,11,85.07,74.07,36.32,18.03,293,4,Moderate,false,false,true,78,8416,14,true,2,16.3,2329.7,4,9,1,Onam,Sarson da Saag,68,true,2,43145859,true,1,1,true,79,3,true,false,March
DST1186,Place_186,Goa,West,Wildlife,Food,Jaipur,Marathi,914378,Jaipur International Airport,39977,Winter,Monsoon,7.19,9,86.9,94.98,28.85,22.53,272,1,Easy,false,false,false,37,2691,148,true,3,18.1,2815.4,3,8,4,Ganesh Chaturthi,Momos,21,true,7,6855883,false,1,4,true,72,1,true,false,October
DST1187,Place_187,Assam,East,Wildlife,Temples,Kolkata,Tamil,267659,Netaji Subhas Chandra Bose International Airport,24652,Summer,Monsoon,12.24,8,64.09,69.9,20.41,33.11,329,2,Moderate,true,false,true,92,6392,127,true,5,13.9,1956.4,1,10,1,Durga Puja,Chole Bhature,55,false,9,9737974,true,1,5,true,90,2,true,false,May
DST1188,Place_188,Tamil Nadu,South,Heritage,Scenery,Bhopal,Bengali,365508,Chhatrapati Shivaji Maharaj International Airport,11270,Winter,Winter,13.98,7,54.94,66.55,38.18,42.04,384,5,Easy,true,true,true,79,3415,112,true,2,25.9,2848.8,10,6,10,Holi,Vada Pav,41,true,3,46834499,true,5,2,true,76,3,false,false,January
DST1189,Place_189,Goa,Northeast,Beach,Food,Hyderabad,Marathi,613993,Kempegowda International Airport,18268,Monsoon,Winter,14.64,5,76.52,76.23,38.71,40.01,17,3,Moderate,false,true,false,12,7842,100,false,3,36.4,813.8,2,3,1,Navratri,Pav Bhaji,40,false,2,33193282,true,5,3,false,93,1,true,true,December
DST1190,Place_190,Rajasthan,Central,Wildlife,Temples,Indore,Malayalam,811448,Sardar Vallabhbhai Patel International Airport,37417,Winter,Summer,13.58,8,78.3,77.67,16,36.06,446,2,Easy,false,true,false,95,9818,11,true,4,37.7,205.9,7,3,5,Eid,Momos,22,false,7,17763801,false,4,3,false,11,1,false,false,March
DST1191,Place_191,Goa,Central,Urban,Wildlife,Delhi,Marathi,610684,Pune Airport,47894,Winter,Monsoon,5.44,13,80.77,72.42,17.4,46.86,173,3,Moderate,true,true,false,30,3305,189,true,1,38.6,817.6,3,2,8,Bihu,Momos,58,false,3,31664817,true,4,3,false,46,2,false,true,May
DST1192,Place_192,Assam,West,Urban,Food,Bhopal,Malayalam,701303,Sardar Vallabhbhai Patel International Airport,49841,Monsoon,Summer,14.48,9,41.55,84.34,18.4,52.3,402,5,Moderate,true,false,false,80,9034,157,false,3,28,1979.5,5,8,1,Navratri,Kebabs,95,false,9,3608392,true,3,1,false,62,1,false,false,March
DST1193,Place_193,Tamil Nadu,South,Hill Station,Temples,Bengaluru,Hindi,238470,Chennai International Airport,21317,Winter,Summer,12.37,9,40.49,66.44,33.78,59.95,380,5,Easy,true,false,false,39,7350,30,true,2,28.6,1833.1,3,10,5,Durga Puja,Rogan Josh,78,true,8,37957869,true,3,1,false,82,4,true,true,December
DST1194,Place_194,Tamil Nadu,East,Heritage,Culture,Delhi,Hindi,495668,Devi Ahilya Bai Holkar Airport,37434,Winter,Monsoon,12.72,13,57.86,77.86,32.69,33.28,305,1,Easy,true,true,true,61,2131,60,false,2,19.3,875.5,7,5,8,Navratri,Chole Bhature,73,true,9,9405772,false,2,2,true,96,4,true,false,October
DST1195,Place_195,Himachal Pradesh,South,Beach,Culture,Chennai,Marathi,449352,Chaudhary Charan Singh International Airport,47125,Monsoon,Winter,1.21,13,47.62,77.5,39.41,59.75,119,3,Difficult,false,true,false,83,4955,167,false,4,36.6,1283.3,4,9,3,Eid,Kebabs,35,true,9,36533956,true,3,3,false,48,2,true,true,May
DST1196,Place_196,Rajasthan,North,Hill Station,Temples,Kolkata,Tamil,649633,Pune Airport,16448,Summer,Winter,14.36,5,80.25,88.83,21.28,46.52,255,4,Difficult,true,true,false,25,2644,185,true,3,24.6,1166.1,8,5,6,Eid,Kebabs,58,false,3,32693422,true,3,5,true,40,5,false,true,January
DST1197,Place_197,Kerala,South,Heritage,Scenery,Goa,Bengali,605027,Jaipur International Airport,10913,Summer,Summer,11.89,11,66.64,92.44,30.79,42.87,95,1,Moderate,true,true,false,41,3294,10,true,1,18.4,2856.2,10,5,7,Holi,Momos,92,true,2,5099582,false,5,1,false,28,1,false,true,January
DST1198,Place_198,Kerala,North,Wildlife,Scenery,Chennai,Malayalam,448039,Sardar Vallabhbhai Patel International Airport,9566,Winter,Winter,11.75,10,81.27,83.21,34.99,41.98,309,3,Moderate,true,false,true,98,6262,172,true,2,39,1011.6,8,8,10,Lohri,Rogan Josh,32,false,4,26783674,true,1,1,true,51,4,false,false,January
DST1199,Place_199,Goa,North,Urban,Food,Delhi,Bengali,829695,Goa International Airport,33444,Summer,Monsoon,2.14,4,48.85,70.69,12.74,55.54,30,3,Difficult,false,true,false,9,4217,163,false,5,31.2,660,4,8,8,Holi,Biryani,75,true,5,22483572,true,3,2,false,60,4,true,false,January
DST1200,Place_200,Himachal Pradesh,East,Beach,Culture,Cochin,Hindi,254125,Jaipur International Airport,16605,Summer,Monsoon,4.26,10,71.36,84.14,26.72,57.4,96,5,Difficult,true,false,true,21,6196,18,false,5,23.9,1740.3,2,2,3,Holi,Dosa,12,false,3,21070460,false,4,5,true,77,1,false,true,May
DST1201,Place_201,Maharashtra,Northeast,Urban,Scenery,Chennai,Tamil,880912,Chhatrapati Shivaji Maharaj International Airport,1557,Winter,Winter,14.47,4,69.01,68.8,24.17,18.92,469,5,Easy,false,false,true,94,3085,122,false,3,12.1,462,7,8,1,Pongal,Kebabs,86,true,9,16174020,true,4,4,true,43,1,false,true,October
DST1202,Place_202,Goa,West,Wildlife,Scenery,Jaipur,Tamil,753310,Raja Bhoj Airport,43240,Monsoon,Winter,8.01,14,57.02,93.83,31,34.67,192,3,Difficult,true,true,false,86,7803,177,false,4,14.2,1572.8,1,7,10,Ganesh Chaturthi,Vada Pav,30,true,6,8889739,true,3,1,true,63,3,true,false,October
DST1203,Place_203,Himachal Pradesh,South,Heritage,Culture,Hyderabad,Bengali,498231,Jaipur International Airport,45383,Summer,Summer,6.57,8,65.85,88.78,29.34,57.07,232,5,Moderate,false,false,true,29,5216,30,true,1,15.9,2092.1,9,6,8,Holi,Pav Bhaji,55,true,9,47228443,true,2,5,true,67,2,true,true,January
DST1204,Place_204,Rajasthan,North,Wildlife,Wildlife,Cochin,Hindi,328273,Kempegowda International Airport,7040,Winter,Winter,12.76,5,69.45,75.09,33.45,29.11,45,3,Difficult,true,false,false,65,1336,89,true,3,37.1,2835.5,5,3,4,Ganesh Chaturthi,Biryani,48,false,4,1001408,false,4,4,false,24,3,false,true,December
DST1205,Place_205,Rajasthan,South,Wildlife,Scenery,Lucknow,Bengali,413260,Netaji Subhas Chandra Bose International Airport,47652,Monsoon,Summer,2.22,6,84.47,87.45,15.89,21.63,290,3,Difficult,false,true,true,98,2259,149,false,3,39.1,2687.5,10,5,2,Navratri,Momos,87,false,8,37083106,false,3,1,false,38,2,true,false,January
DST1206,Place_206,Rajasthan,Northeast,Urban,Temples,Delhi,Marathi,253023,Pune Airport,34896,Summer,Monsoon,6.84,14,42.78,74.3,12.57,15.13,235,1,Difficult,false,false,false,41,8179,46,true,1,18,2539.5,4,2,1,Eid,Chole Bhature,47,false,7,25331058,true,4,1,true,66,3,true,false,January
DST1207,Place_207,Rajasthan,West,Beach,Food,Bengaluru,Tamil,459743,Kempegowda International Airport,22804,Monsoon,Monsoon,6.26,4,81.17,62.61,33.18,39.86,48,1,Difficult,true,true,false,88,4448,100,false,2,24.9,1242.2,4,9,6,Onam,Pav Bhaji,37,false,5,48339969,false,3,5,false,15,2,false,false,January
DST1208,Place_208,Rajasthan,Northeast,Wildlife,Scenery,Bengaluru,Tamil,329351,Rajiv Gandhi International Airport,10292,Winter,Monsoon,5.9,3,89.01,84.74,17.62,45.01,336,4,Moderate,true,true,false,70,3416,80,true,5,33.8,2692.5,9,5,1,Pongal,Rogan Josh,78,true,4,28260694,true,5,1,false,55,1,false,false,May
DST1209,Place_209,Himachal Pradesh,West,Urban,Scenery,Jaipur,Marathi,912953,Sardar Vallabhbhai Patel International Airport,27110,Monsoon,Winter,5.31,13,76.59,74.16,15.07,19.78,161,1,Difficult,false,true,true,17,6931,161,false,2,21.5,2178.3,1,8,6,Bihu,Biryani,54,false,9,18613380,false,4,4,true,80,2,false,true,October
DST1210,Place_210,Himachal Pradesh,Central,Beach,Wildlife,Hyderabad,Hindi,416575,Cochin International Airport,6349,Monsoon,Winter,3.94,9,76.87,92.56,16.79,43.68,284,2,Difficult,true,false,true,44,9245,187,false,4,24.8,1380.4,4,5,8,Ganesh Chaturthi,Biryani,71,true,4,38809312,false,3,1,true,36,4,true,true,August
DST1211,Place_211,Tamil Nadu,West,Heritage,Temples,Indore,Tamil,897163,Sardar Vallabhbhai Patel International Airport,31374,Winter,Winter,3.42,8,50.9,70.73,7.32,54.98,133,2,Moderate,true,false,true,46,5376,191,false,1,36.6,1735.8,6,10,3,Eid,Biryani,26,true,2,34206238,false,5,3,false,98,5,true,false,August
DST1212,Place_212,Kerala,East,Heritage,Food,Mumbai,Malayalam,774104,Rajiv Gandhi International Airport,20009,Summer,Summer,9.97,8,66.15,89.52,32.06,22.18,256,5,Difficult,false,true,true,88,8164,119,true,2,16.2,1364.7,8,9,6,Bihu,Vada Pav,49,false,6,10129294,true,3,4,true,10,4,false,true,October
DST1213,Place_213,Assam,Northeast,Hill Station,Scenery,Mumbai,Malayalam,425238,Jaipur International Airport,46087,Summer,Summer,13.87,9,75.3,83.82,30.03,16.1,182,2,Moderate,true,true,false,74,2806,113,true,3,39.8,670.7,2,1,6,Bihu,Vada Pav,44,false,8,18976087,false,3,5,false,82,2,true,true,December
DST1214,Place_214,Rajasthan,North,Urban,Food,Indore,Hindi,904855,Lokpriya Gopinath Bordoloi International Airport,43591,Monsoon,Summer,8.12,14,70.11,89.87,24.34,51.77,26,1,Difficult,true,false,true,79,1586,118,false,3,23.7,1409.9,8,6,5,Bihu,Momos,91,false,8,48062718,false,2,5,true,31,2,false,true,December
DST1215,Place_215,Maharashtra,Central,Beach,Culture,Ahmedabad,Marathi,476756,Kempegowda International Airport,1057,Monsoon,Monsoon,5.17,2,59.26,70.22,30.06,55.82,139,4,Difficult,true,false,true,29,5452,165,false,4,17.7,2441.5,9,8,3,Eid,Rogan Josh,66,false,9,39447522,false,3,1,true,31,2,true,false,January
DST1216,Place_216,Assam,East,Wildlife,Scenery,Ahmedabad,Bengali,628222,Cochin International Airport,9503,Monsoon,Summer,3.23,13,87.01,76.15,18.06,20.74,259,3,Difficult,true,true,true,46,1486,13,false,4,36.8,873.1,8,7,6,Diwali,Dosa,94,false,5,32740220,true,4,4,false,62,5,false,false,August
DST1217,Place_217,Himachal Pradesh,South,Heritage,Scenery,Delhi,Hindi,176945,Pune Airport,29293,Monsoon,Winter,12.62,9,65.7,88.81,15.34,46.07,79,4,Easy,false,false,true,14,8554,149,true,1,12.3,1957,5,2,1,Diwali,Momos,34,true,8,2752719,true,1,5,true,75,5,false,true,May
DST1218,Place_218,Maharashtra,Northeast,Beach,Culture,Jaipur,Bengali,875842,Pune Airport,43961,Summer,Winter,14.6,11,88.49,82.53,35.18,39.55,179,1,Difficult,false,false,true,99,2708,76,false,2,29.3,1704.5,1,2,4,Ganesh Chaturthi,Chole Bhature,24,true,8,25084807,true,3,3,false,79,3,true,false,January
DST1219,Place_219,Maharashtra,North,Urban,Wildlife,Jaipur,Hindi,721234,Lokpriya Gopinath Bordoloi International Airport,20121,Winter,Monsoon,5.89,13,68.19,72.6,19.79,21.96,383,1,Moderate,false,false,true,47,5006,174,true,3,11.9,2768.3,6,10,8,Eid,Rogan Josh,28,false,9,15872391,true,4,2,true,74,2,false,true,October
DST1220,Place_220,Maharashtra,West,Hill Station,Scenery,Chennai,Malayalam,720632,Rajiv Gandhi International Airport,6493,Winter,Winter,5.07,6,79.67,77.92,11.86,51.18,266,1,Easy,false,false,true,72,5627,13,true,1,38.4,2263.9,1,1,6,Holi,Biryani,60,true,4,4023382,false,3,3,true,64,3,true,false,October
DST1221,Place_221,Tamil Nadu,North,Heritage,Food,Indore,Marathi,239244,Sardar Vallabhbhai Patel International Airport,37645,Winter,Winter,9.42,9,77.1,94.86,31.22,33.52,51,5,Difficult,true,false,true,93,7900,24,false,1,29.2,1148,4,1,4,Pongal,Dosa,22,true,2,35156989,true,1,3,false,90,4,false,true,March
DST1222,Place_222,Himachal Pradesh,South,Beach,Temples,Indore,Malayalam,651646,Rajiv Gandhi International Airport,3282,Monsoon,Winter,11.85,10,73.04,85.96,16.76,45.02,83,2,Moderate,false,true,true,32,4030,165,true,3,21.9,1729,9,3,6,Ganesh Chaturthi,Idli,87,true,5,49853419,true,1,4,false,53,5,false,true,May
DST1223,Place_223,Maharashtra,Central,Beach,Food,Bengaluru,Marathi,821673,Lokpriya Gopinath Bordoloi International Airport,24170,Monsoon,Summer,7.38,14,40.72,81.51,12.41,25.07,409,1,Difficult,true,true,false,28,5302,46,false,2,22.7,2742.5,5,3,1,Bihu,Dosa,34,false,2,35465978,true,3,1,false,46,1,false,false,May
DST1224,Place_224,Rajasthan,Central,Beach,Wildlife,Bengaluru,Bengali,229774,Cochin International Airport,45143,Winter,Summer,9.82,3,43.87,88.98,5.95,50.79,155,3,Moderate,true,true,false,45,5380,146,false,5,15,756.8,7,8,3,Ganesh Chaturthi,Idli,92,false,5,28599568,true,4,5,true,47,5,false,false,March
DST1225,Place_225,Goa,Northeast,Urban,Temples,Cochin,Hindi,381907,Chhatrapati Shivaji Maharaj International Airport,2431,Summer,Winter,11.03,4,69.07,75.47,38.97,23.21,489,2,Difficult,false,true,false,65,1937,23,true,4,20.8,1476,9,9,7,Holi,Biryani,32,true,4,37443868,false,5,1,true,77,3,true,true,December
DST1226,Place_226,Maharashtra,Central,Urban,Food,Bengaluru,Tamil,593938,Chhatrapati Shivaji Maharaj International Airport,46294,Winter,Winter,14.45,7,85.59,93.25,21.36,28.24,327,2,Moderate,true,true,true,9,7239,132,true,2,37.1,742.9,4,5,1,Eid,Momos,92,false,3,5287754,true,2,4,true,14,1,true,true,March
DST1227,Place_227,Tamil Nadu,Northeast,Urban,Food,Kolkata,Tamil,589922,Raja Bhoj Airport,35543,Summer,Winter,3.31,10,70.06,79.32,10.66,29.57,449,5,Moderate,false,true,false,15,3031,120,true,5,34.2,1313.4,5,1,2,Diwali,Momos,90,true,9,25825430,true,3,4,true,32,1,true,false,March
DST1228,Place_228,Assam,Northeast,Wildlife,Culture,Hyderabad,Marathi,185997,Chhatrapati Shivaji Maharaj International Airport,21591,Monsoon,Winter,14.96,11,51.8,71.44,31.52,20.32,103,4,Easy,true,false,false,12,3871,135,true,5,29.8,268.8,6,2,3,Holi,Momos,68,true,9,41711363,true,4,5,false,69,1,false,true,December
DST1229,Place_229,Himachal Pradesh,Northeast,Beach,Wildlife,Pune,Marathi,341830,Indira Gandhi International Airport,12351,Winter,Summer,6.49,11,56.01,63.01,36.07,53.72,345,2,Easy,true,false,false,25,6899,91,true,3,39,2640.3,1,4,4,Holi,Sarson da Saag,25,true,7,22411152,true,1,3,false,51,5,true,true,December
DST1230,Place_230,Tamil Nadu,West,Heritage,Culture,Indore,Malayalam,954407,Netaji Subhas Chandra Bose International Airport,33483,Winter,Monsoon,11.12,9,71.16,73.15,23.48,15.67,410,2,Moderate,false,true,false,68,4636,59,true,5,27.2,2936.9,10,9,6,Pongal,Dosa,60,false,7,38216074,false,4,4,true,90,2,true,true,December
DST1231,Place_231,Maharashtra,East,Urban,Temples,Guwahati,Tamil,238876,Cochin International Airport,32195,Monsoon,Winter,9.01,14,69.85,79.9,5.99,38.16,96,1,Moderate,true,false,false,9,6729,87,true,4,15.3,1746.6,5,5,9,Diwali,Biryani,19,true,6,19157063,true,3,5,false,33,1,false,false,May
DST1232,Place_232,Himachal Pradesh,Northeast,Urban,Culture,Goa,Malayalam,309820,Chaudhary Charan Singh International Airport,48407,Summer,Summer,7.81,7,87.79,84.61,17.78,50.71,124,3,Easy,true,true,false,38,5921,34,false,1,31.4,1706.8,10,9,1,Holi,Sarson da Saag,81,true,8,23075900,true,4,3,false,51,4,false,false,March
DST1233,Place_233,Goa,Northeast,Beach,Wildlife,Guwahati,Bengali,711477,Goa International Airport,38153,Winter,Winter,10.77,6,66.45,90.63,13.51,39.05,182,1,Moderate,false,true,false,13,4863,48,true,2,27.8,2871.9,4,1,4,Pongal,Chole Bhature,64,false,7,2858291,false,4,2,false,57,4,true,true,May
DST1234,Place_234,Maharashtra,East,Urban,Scenery,Goa,Tamil,711795,Chennai International Airport,23735,Winter,Monsoon,6.54,14,57.75,93.04,27.27,26.34,326,3,Difficult,false,true,true,42,9252,35,false,4,23.1,1240.4,1,9,4,Pongal,Idli,71,false,9,29003442,false,3,2,true,15,1,false,true,December
DST1235,Place_235,Tamil Nadu,North,Wildlife,Scenery,Goa,Bengali,429669,Goa International Airport,16203,Summer,Summer,2.77,4,66.25,63.59,23.16,49.07,53,2,Difficult,true,false,true,47,6248,69,true,5,14.4,1901.2,4,8,6,Lohri,Idli,54,true,3,26524044,true,3,4,false,76,4,false,false,March
DST1236,Place_236,Kerala,Northeast,Wildlife,Temples,Chennai,Hindi,723536,Indira Gandhi International Airport,4974,Winter,Summer,7.84,13,79.31,81.03,17.45,34.96,301,3,Moderate,false,false,true,14,3017,61,true,1,30.3,2528.1,5,1,1,Onam,Dosa,75,true,3,24645283,false,5,5,false,25,4,true,true,August
DST1237,Place_237,Rajasthan,West,Urban,Scenery,Mumbai,Malayalam,648892,Pune Airport,39673,Winter,Monsoon,8.31,5,67.02,83.33,27.7,18.15,163,1,Moderate,true,false,false,16,4811,79,false,1,23.3,1566.7,9,7,9,Bihu,Dosa,34,false,4,17184401,false,3,2,false,38,4,true,false,December
DST1238,Place_238,Assam,Central,Beach,Culture,Jaipur,Marathi,793278,Jaipur International Airport,38233,Monsoon,Monsoon,3.83,14,56.3,66.02,25.46,25.84,383,1,Easy,false,false,true,22,1069,163,false,5,27.4,742.3,1,5,1,Bihu,Chole Bhature,67,true,8,30172556,true,1,1,false,83,3,false,false,October
DST1239,Place_239,Tamil Nadu,Central,Beach,Temples,Mumbai,Tamil,229716,Sardar Vallabhbhai Patel International Airport,20686,Summer,Summer,14.1,14,56.93,79.1,36.73,39.6,148,4,Easy,false,true,true,91,5780,57,false,4,19.5,2456.8,6,10,10,Ganesh Chaturthi,Momos,73,true,2,46035101,false,4,1,true,67,3,true,false,May
DST1240,Place_240,Himachal Pradesh,South,Beach,Wildlife,Kolkata,Malayalam,806209,Cochin International Airport,40713,Winter,Monsoon,4.18,8,77.84,71.72,25.89,42.94,432,5,Moderate,true,false,false,16,7536,63,false,5,14.7,886.3,8,8,1,Durga Puja,Sarson da Saag,53,true,8,40462270,true,1,5,true,12,4,true,false,January
DST1241,Place_241,Maharashtra,South,Hill Station,Temples,Mumbai,Marathi,261919,Raja Bhoj Airport,44826,Winter,Winter,6.73,8,43.32,62.71,22.77,37.41,289,4,Difficult,false,false,false,35,8624,124,true,2,20.8,2547,9,4,3,Ganesh Chaturthi,Vada Pav,33,true,6,15683840,true,2,1,true,31,2,true,false,January
DST1242,Place_242,Rajasthan,Central,Urban,Temples,Bengaluru,Hindi,553925,Devi Ahilya Bai Holkar Airport,13636,Monsoon,Monsoon,3.17,4,53.74,62.31,33.83,23.6,377,2,Easy,true,false,false,15,6271,178,true,1,35.6,2839.4,5,2,1,Ganesh Chaturthi,Pav Bhaji,60,true,3,19082040,false,2,4,true,74,4,false,false,March
DST1243,Place_243,Maharashtra,Central,Beach,Food,Indore,Tamil,634968,Devi Ahilya Bai Holkar Airport,36070,Winter,Monsoon,8.5,5,47.65,86.57,12.08,39.69,86,3,Difficult,false,true,false,31,2254,125,false,3,14.8,1683.5,2,1,4,Holi,Vada Pav,72,false,2,39034996,true,3,2,false,40,3,true,true,March
DST1244,Place_244,Himachal Pradesh,West,Wildlife,Food,Lucknow,Bengali,737796,Cochin International Airport,30123,Monsoon,Summer,5.31,4,87.23,81.54,13.52,26.62,161,1,Difficult,true,true,true,25,3513,138,true,1,24.1,243,1,7,7,Holi,Pav Bhaji,33,true,6,5996706,false,4,2,true,14,1,true,false,May
DST1245,Place_245,Maharashtra,East,Heritage,Temples,Chennai,Hindi,195619,Jaipur International Airport,32812,Winter,Monsoon,7.85,3,44.5,85.03,32.43,21.25,167,1,Difficult,true,false,true,78,5527,123,true,5,18.9,2871.3,5,1,9,Lohri,Dosa,57,false,4,42034909,true,3,5,false,47,4,false,true,August
DST1246,Place_246,Kerala,South,Heritage,Scenery,Indore,Marathi,155037,Rajiv Gandhi International Airport,29760,Monsoon,Summer,4.14,7,77.91,83.98,20.48,57.28,134,1,Difficult,false,false,false,17,6030,30,false,5,38.9,2510.8,3,9,4,Navratri,Dosa,29,true,7,4693114,false,5,3,false,29,5,true,false,January
DST1247,Place_247,Rajasthan,East,Beach,Food,Lucknow,Tamil,724257,Lokpriya Gopinath Bordoloi International Airport,5966,Summer,Winter,1.75,8,71.52,64.7,19.32,25.74,89,1,Easy,false,false,false,49,5369,119,false,3,12.5,440.3,6,1,6,Durga Puja,Momos,41,false,6,4755416,false,1,2,false,74,3,false,true,May
DST1248,Place_248,Rajasthan,West,Heritage,Wildlife,Ahmedabad,Tamil,211115,Sardar Vallabhbhai Patel International Airport,47215,Summer,Monsoon,11.91,5,71.64,65.3,36.05,26.78,487,2,Moderate,true,true,false,51,4176,81,true,3,17.4,1925.2,9,6,2,Lohri,Vada Pav,43,false,7,44012256,false,3,3,true,96,3,false,false,December
DST1249,Place_249,Himachal Pradesh,Central,Heritage,Culture,Bhopal,Hindi,158914,Chennai International Airport,19426,Winter,Monsoon,9.98,6,78.17,68.84,26.35,54.84,307,5,Moderate,false,false,true,29,6467,162,false,1,23.5,1015.3,1,2,7,Lohri,Rogan Josh,61,true,9,42845263,false,5,3,true,73,3,true,true,January
DST1250,Place_250,Assam,Northeast,Hill Station,Food,Lucknow,Tamil,781669,Chennai International Airport,15162,Winter,Summer,5.77,9,60.02,73.97,33.1,17.13,304,4,Easy,true,true,false,81,8425,27,true,5,17.4,1058,4,6,8,Lohri,Pav Bhaji,47,true,5,24887106,false,1,5,false,77,1,true,false,October
DST1251,Place_251,Kerala,East,Wildlife,Temples,Pune,Marathi,207255,Kempegowda International Airport,17058,Monsoon,Summer,1.66,10,60.04,92.87,33.34,39.23,374,4,Difficult,true,true,true,68,6476,24,false,1,31.2,1782.9,4,6,3,Holi,Idli,23,true,9,5252142,false,3,3,true,39,5,false,false,March
DST1252,Place_252,Tamil Nadu,Central,Wildlife,Scenery,Cochin,Hindi,634637,Jaipur International Airport,42482,Monsoon,Monsoon,13.12,8,54.44,83.59,9.2,49.19,80,1,Moderate,true,false,false,74,1232,51,true,4,21.1,2164.5,7,5,1,Navratri,Dosa,33,false,7,10308956,true,3,3,true,77,5,false,false,December
DST1253,Place_253,Maharashtra,Central,Hill Station,Culture,Jaipur,Bengali,568295,Lokpriya Gopinath Bordoloi International Airport,44667,Summer,Summer,3.38,11,69.89,68.93,27.88,23.68,350,1,Moderate,false,true,true,32,2187,29,false,5,33.4,132.6,2,5,2,Eid,Pav Bhaji,92,true,9,32402253,false,3,5,true,16,5,true,true,May
DST1254,Place_254,Goa,North,Hill Station,Food,Kolkata,Hindi,554036,Chaudhary Charan Singh International Airport,3998,Winter,Monsoon,14.03,2,86.49,61.96,38.34,52.2,230,3,Moderate,false,false,true,24,6423,25,false,1,26.5,542.8,8,8,2,Navratri,Rogan Josh,81,true,4,3144490,false,5,5,false,70,3,false,false,March
DST1255,Place_255,Maharashtra,East,Heritage,Scenery,Indore,Hindi,306068,Chennai International Airport,1909,Monsoon,Winter,7.7,12,86.2,83.95,21.8,48.48,88,1,Difficult,true,false,false,88,5980,144,false,5,22.8,2718.1,6,7,6,Pongal,Biryani,17,true,3,5794604,true,1,5,false,61,4,true,true,May
DST1256,Place_256,Maharashtra,Northeast,Urban,Scenery,Goa,Bengali,652813,Netaji Subhas Chandra Bose International Airport,46497,Summer,Monsoon,5.77,4,75.15,81.89,30.63,34.3,292,4,Moderate,false,false,false,45,7999,104,false,5,20.9,1535.5,4,5,7,Lohri,Sarson da Saag,15,true,5,27384580,false,4,5,true,40,4,true,false,March
DST1257,Place_257,Tamil Nadu,East,Heritage,Scenery,Jaipur,Marathi,368092,Kempegowda International Airport,35648,Summer,Winter,11.38,12,85.31,83.65,24.84,15.94,445,3,Easy,false,false,false,8,5898,102,true,2,16.7,1526.4,3,4,5,Lohri,Dosa,84,false,9,22885931,false,5,5,true,26,5,true,true,March
DST1258,Place_258,Maharashtra,Central,Hill Station,Temples,Pune,Malayalam,638786,Chaudhary Charan Singh International Airport,13497,Monsoon,Winter,13.28,6,88.18,69.14,12.17,58.51,398,3,Moderate,false,true,true,88,5805,90,true,1,17.6,2536.9,10,1,10,Eid,Vada Pav,52,true,2,25762320,false,5,1,true,87,3,true,true,May
DST1259,Place_259,Kerala,Northeast,Wildlife,Wildlife,Jaipur,Malayalam,845870,Sardar Vallabhbhai Patel International Airport,19944,Winter,Summer,6.19,4,79.76,78.09,11.83,41.21,1,1,Moderate,true,false,true,73,1848,142,true,5,15.3,475.2,7,2,1,Onam,Vada Pav,64,false,3,19866548,true,5,4,false,28,4,false,true,October
DST1260,Place_260,Kerala,West,Heritage,Scenery,Lucknow,Bengali,159790,Jaipur International Airport,8527,Summer,Summer,6.7,2,60.39,72.66,20.18,35.85,394,3,Easy,true,false,false,90,2650,155,true,3,35.6,2169.6,9,10,5,Pongal,Biryani,86,true,5,2408028,false,1,2,true,16,2,true,false,January
DST1261,Place_261,Rajasthan,North,Urban,Culture,Hyderabad,Marathi,126245,Jaipur International Airport,39464,Monsoon,Summer,7.06,3,64.16,88.62,21.9,54.27,351,5,Difficult,false,true,false,28,9105,87,false,3,26.4,1568.1,2,7,8,Bihu,Chole Bhature,36,false,7,24305456,true,2,5,false,32,4,true,true,May
DST1262,Place_262,Himachal Pradesh,Central,Heritage,Food,Jaipur,Tamil,231310,Raja Bhoj Airport,4072,Summer,Summer,13.91,9,86.56,62.43,22.61,31.07,221,1,Moderate,true,true,true,21,9137,104,true,2,24.5,2250.6,8,10,10,Bihu,Biryani,33,false,7,6519643,true,4,3,true,75,4,true,false,December
DST1263,Place_263,Assam,South,Beach,Culture,Indore,Bengali,146659,Devi Ahilya Bai Holkar Airport,13018,Winter,Monsoon,10.7,8,73.5,69.64,38.43,38.18,16,5,Difficult,true,false,false,9,6925,155,false,5,19.7,2069.9,2,1,2,Eid,Kebabs,76,false,4,8705784,false,4,2,false,63,2,true,true,October
DST1264,Place_264,Goa,South,Heritage,Temples,Ahmedabad,Malayalam,611765,Lokpriya Gopinath Bordoloi International Airport,30652,Monsoon,Winter,4.47,14,81.03,81.1,8.51,52.92,471,1,Difficult,true,true,false,61,1691,73,true,1,25.5,2032.8,6,9,8,Ganesh Chaturthi,Vada Pav,15,false,5,24865722,true,4,5,false,85,4,true,false,August
DST1265,Place_265,Maharashtra,North,Hill Station,Temples,Chennai,Marathi,699162,Chaudhary Charan Singh International Airport,5476,Winter,Monsoon,3.59,11,45.81,67.18,18.32,29.65,428,5,Difficult,false,false,true,30,1007,162,false,1,36.5,2582.5,8,6,6,Durga Puja,Rogan Josh,75,false,8,15313144,true,2,1,false,52,1,true,true,December
DST1266,Place_266,Maharashtra,West,Wildlife,Culture,Chennai,Hindi,404661,Raja Bhoj Airport,44835,Winter,Winter,4.23,4,49.7,83.54,23.01,48.62,195,1,Moderate,true,false,true,76,3082,35,true,3,35.7,1697.3,1,5,1,Pongal,Idli,25,false,5,23603216,false,5,3,true,20,3,false,false,March
DST1267,Place_267,Tamil Nadu,Central,Wildlife,Wildlife,Mumbai,Marathi,750906,Chaudhary Charan Singh International Airport,31232,Summer,Winter,4.69,5,57.21,64.79,38.71,22.81,119,4,Moderate,true,false,true,77,5897,153,false,4,28,1282.8,7,6,10,Diwali,Biryani,66,true,7,5014185,false,2,1,true,38,1,false,true,March
DST1268,Place_268,Himachal Pradesh,East,Hill Station,Temples,Delhi,Marathi,700173,Chennai International Airport,28482,Winter,Winter,4.22,14,49.41,60.8,22.65,45.12,241,1,Easy,false,true,true,21,2703,86,true,5,25.9,675.6,9,1,9,Diwali,Kebabs,71,true,7,21612117,false,4,4,false,44,1,true,false,January
DST1269,Place_269,Kerala,North,Beach,Temples,Lucknow,Malayalam,670638,Sardar Vallabhbhai Patel International Airport,38257,Summer,Monsoon,10.22,4,85.32,90.22,32.13,35.52,444,4,Difficult,false,false,true,60,6227,67,false,2,16.8,1097.5,6,2,8,Eid,Chole Bhature,94,false,3,36959655,true,5,4,false,70,3,true,false,January
DST1270,Place_270,Goa,West,Hill Station,Culture,Bengaluru,Malayalam,963611,Lokpriya Gopinath Bordoloi International Airport,21875,Monsoon,Summer,2.62,14,50.84,71.67,31.22,18.25,173,2,Easy,true,true,false,12,9331,105,false,2,30.8,2622.8,6,7,5,Pongal,Momos,74,true,7,18707281,false,1,5,true,37,1,false,true,December
DST1271,Place_271,Rajasthan,East,Heritage,Temples,Bhopal,Tamil,878539,Cochin International Airport,17219,Monsoon,Monsoon,6.42,5,67.86,65.49,24.83,16.8,31,2,Moderate,false,true,true,68,4432,164,true,5,35.6,1078.7,9,6,4,Diwali,Kebabs,27,true,5,47063515,false,4,4,true,67,4,true,true,March
DST1272,Place_272,Kerala,South,Hill Station,Wildlife,Bhopal,Tamil,407157,Cochin International Airport,31448,Summer,Winter,9.75,9,44.27,66.04,9.57,32.88,274,1,Moderate,true,false,true,73,1658,186,true,5,19.2,2957.7,2,7,1,Lohri,Biryani,89,true,6,5362552,false,5,5,true,16,5,true,true,March
DST1273,Place_273,Himachal Pradesh,South,Hill Station,Wildlife,Pune,Bengali,861563,Lokpriya Gopinath Bordoloi International Airport,15367,Summer,Monsoon,5.07,10,47.75,91.01,12.66,45.54,194,4,Easy,false,false,false,14,5661,56,false,2,23.1,1863.2,4,6,2,Eid,Pav Bhaji,47,false,7,6038948,false,1,5,false,26,5,true,true,May
DST1274,Place_274,Assam,East,Beach,Wildlife,Kolkata,Hindi,139913,Kempegowda International Airport,26120,Summer,Winter,1.91,8,52.37,82.91,13.4,40.16,3,4,Easy,true,false,false,54,4437,80,true,2,13.2,2463.4,8,7,5,Navratri,Dosa,27,false,9,14215577,true,2,4,true,75,1,false,false,January
DST1275,Place_275,Rajasthan,North,Heritage,Food,Cochin,Tamil,335237,Netaji Subhas Chandra Bose International Airport,7855,Winter,Summer,2.15,10,89.14,93.47,6.35,52.74,280,3,Difficult,false,true,true,59,3748,132,true,1,35.7,1530.5,5,7,5,Eid,Momos,23,true,3,40406262,true,5,4,true,31,5,true,false,May
DST1276,Place_276,Assam,South,Urban,Wildlife,Lucknow,Malayalam,407963,Cochin International Airport,4097,Monsoon,Summer,2.76,10,79.85,88,18.27,29.48,456,3,Moderate,true,true,true,18,9593,187,false,2,12.9,1998.2,9,6,8,Holi,Kebabs,35,true,6,14008200,false,5,1,false,37,1,true,false,May
DST1277,Place_277,Tamil Nadu,Central,Urban,Wildlife,Goa,Marathi,182168,Pune Airport,45585,Monsoon,Monsoon,12.7,8,73.68,86.86,26.37,52.18,20,5,Difficult,true,false,true,95,8514,55,false,3,31.1,2969.6,3,8,5,Durga Puja,Rogan Josh,79,true,5,4472503,true,2,1,true,66,3,false,false,March
DST1278,Place_278,Tamil Nadu,Northeast,Wildlife,Food,Guwahati,Bengali,454824,Lokpriya Gopinath Bordoloi International Airport,20889,Winter,Summer,10.21,8,85.81,77.49,10.05,11.85,470,3,Difficult,true,true,true,31,7527,17,false,2,15.6,1550.8,6,7,5,Eid,Sarson da Saag,20,true,7,22258069,false,1,1,false,11,2,true,false,January
DST1279,Place_279,Maharashtra,East,Hill Station,Scenery,Indore,Tamil,456936,Pune Airport,2084,Summer,Winter,1.9,9,87.81,88.73,11.13,28.29,237,1,Moderate,true,true,false,9,1851,11,true,2,32,863.7,6,9,3,Navratri,Idli,11,true,8,34869577,false,2,3,true,93,1,false,true,October
DST1280,Place_280,Assam,East,Wildlife,Temples,Bhopal,Marathi,820270,Indira Gandhi International Airport,34320,Monsoon,Winter,6.47,13,62.68,74.44,29.74,13.65,92,3,Moderate,false,true,false,83,3708,155,true,3,29.3,1984.6,3,5,7,Diwali,Momos,34,false,6,37116877,true,4,3,false,70,2,false,true,January
DST1281,Place_281,Himachal Pradesh,South,Beach,Wildlife,Chennai,Marathi,778845,Netaji Subhas Chandra Bose International Airport,22944,Winter,Summer,4.9,11,56.38,88.95,10.92,55.96,477,3,Difficult,true,false,true,32,4868,45,false,3,30.7,2766.9,6,8,6,Ganesh Chaturthi,Idli,76,false,8,8290699,true,3,2,false,84,4,true,false,May
DST1282,Place_282,Goa,North,Urban,Temples,Guwahati,Tamil,496076,Sardar Vallabhbhai Patel International Airport,34921,Summer,Summer,9.09,13,55.77,86.52,9.74,33.77,88,1,Easy,true,false,false,9,9974,97,true,5,29.1,149.9,1,8,5,Pongal,Idli,70,true,4,33228703,true,2,5,false,54,3,false,true,May
DST1283,Place_283,Rajasthan,Central,Hill Station,Culture,Mumbai,Hindi,149875,Cochin International Airport,22857,Monsoon,Summer,8.32,13,41.79,83.75,39.22,25.81,112,1,Moderate,false,true,false,90,8509,128,true,2,21.9,2978.4,5,8,2,Eid,Biryani,49,false,7,49228646,true,4,5,true,30,5,true,true,March
DST1284,Place_284,Kerala,North,Beach,Temples,Cochin,Hindi,245991,Sardar Vallabhbhai Patel International Airport,19070,Summer,Monsoon,7.74,4,53.98,71.54,5.52,34.62,220,5,Difficult,false,true,true,16,9534,51,true,3,28.6,1679.2,2,4,4,Diwali,Kebabs,39,false,4,48144940,false,5,3,true,91,1,false,true,August
DST1285,Place_285,Himachal Pradesh,West,Beach,Food,Goa,Bengali,592089,Kempegowda International Airport,25475,Winter,Monsoon,5.4,9,57.75,82.07,16.39,36.64,97,4,Easy,true,false,false,12,2786,111,false,1,17,2418.4,8,9,3,Eid,Biryani,18,true,5,36246243,false,4,3,false,65,1,true,false,January
DST1286,Place_286,Himachal Pradesh,West,Hill Station,Temples,Cochin,Hindi,960379,Raja Bhoj Airport,23219,Monsoon,Winter,2.93,2,41.84,77.74,6.22,52.31,141,3,Difficult,false,true,true,63,3903,148,true,4,18.2,442.8,7,10,7,Navratri,Idli,39,false,6,12292466,true,5,5,true,69,4,true,true,October
DST1287,Place_287,Tamil Nadu,Northeast,Beach,Temples,Jaipur,Bengali,109586,Raja Bhoj Airport,42457,Summer,Monsoon,11.39,14,84.13,76.15,34.33,37.12,149,2,Moderate,true,true,false,69,9973,68,true,3,12,945.4,7,4,9,Ganesh Chaturthi,Biryani,30,false,5,24936945,false,3,2,true,76,3,false,true,January
DST1288,Place_288,Assam,South,Hill Station,Temples,Bengaluru,Malayalam,151986,Jaipur International Airport,32489,Summer,Monsoon,13.32,7,82.39,94.66,25.42,31.57,47,4,Easy,false,false,true,64,4748,189,false,4,28.4,2933.8,10,6,3,Ganesh Chaturthi,Rogan Josh,95,false,4,38417614,false,3,4,false,45,2,true,true,January
DST1289,Place_289,Maharashtra,South,Hill Station,Scenery,Bengaluru,Tamil,976280,Indira Gandhi International Airport,24178,Summer,Winter,14.22,3,52.58,77.65,6.68,58.07,50,1,Easy,false,false,true,84,7646,58,true,2,35.2,934.9,4,6,7,Ganesh Chaturthi,Chole Bhature,54,false,9,47625082,false,2,2,true,50,3,false,false,May
DST1290,Place_290,Maharashtra,South,Heritage,Scenery,Delhi,Marathi,385199,Goa International Airport,14483,Winter,Winter,1.82,8,80.13,61.12,26.54,58.43,207,3,Easy,true,false,true,59,7709,193,false,1,21.4,1295.4,2,2,9,Bihu,Rogan Josh,21,true,6,30988303,true,3,3,false,28,4,true,false,December
DST1291,Place_291,Rajasthan,Northeast,Wildlife,Culture,Hyderabad,Bengali,528106,Kempegowda International Airport,48802,Summer,Summer,11.36,14,79.81,81.93,9.31,11.92,10,5,Moderate,true,true,false,98,2338,113,true,1,16.3,914,3,7,5,Lohri,Idli,51,false,4,34335107,true,2,3,false,57,2,false,false,March
DST1292,Place_292,Tamil Nadu,West,Beach,Food,Cochin,Hindi,556297,Devi Ahilya Bai Holkar Airport,45927,Monsoon,Summer,11.17,4,56.75,85.48,22.35,45.34,442,2,Moderate,true,false,false,47,7783,137,true,5,34.7,1458.6,10,7,8,Lohri,Kebabs,62,false,6,41123317,false,1,4,true,16,2,true,true,October
DST1293,Place_293,Himachal Pradesh,North,Beach,Temples,Delhi,Bengali,653095,Goa International Airport,34573,Monsoon,Monsoon,14.26,12,74.85,90.98,28.43,28.59,269,4,Difficult,true,true,false,45,6306,83,false,5,29.3,561.3,4,1,8,Onam,Idli,39,false,7,21696706,true,5,4,false,84,1,false,false,October
DST1294,Place_294,Goa,Northeast,Heritage,Temples,Guwahati,Bengali,316992,Indira Gandhi International Airport,34688,Summer,Winter,4.54,11,54.49,82.14,10.2,43.76,262,3,Difficult,true,false,true,14,4796,39,false,2,36.8,1575.7,3,5,7,Durga Puja,Chole Bhature,55,false,3,9640601,false,2,2,false,20,1,true,false,January
DST1295,Place_295,Tamil Nadu,Northeast,Heritage,Temples,Jaipur,Hindi,933609,Goa International Airport,46930,Winter,Monsoon,11.39,6,43.51,60.68,22.4,41.85,196,1,Moderate,false,false,false,79,3870,192,false,3,10.2,965.5,3,9,1,Ganesh Chaturthi,Idli,79,true,9,45368503,true,3,5,true,90,3,true,true,January
DST1296,Place_296,Rajasthan,North,Heritage,Temples,Cochin,Hindi,587677,Jaipur International Airport,32529,Monsoon,Monsoon,1.76,11,65.24,64.19,21.01,26.51,185,4,Difficult,false,false,false,88,1691,37,true,1,22,2463.9,1,10,5,Durga Puja,Kebabs,88,true,5,19630441,false,3,5,false,70,2,false,false,December
DST1297,Place_297,Rajasthan,South,Urban,Scenery,Lucknow,Tamil,168625,Rajiv Gandhi International Airport,35211,Monsoon,Winter,9.84,3,61.92,65.64,37.05,59.33,295,2,Easy,false,false,true,11,4878,102,true,2,37,1230.3,1,5,10,Durga Puja,Rogan Josh,69,true,8,2074952,false,5,1,false,13,1,true,true,December
DST1298,Place_298,Tamil Nadu,Central,Urban,Culture,Ahmedabad,Marathi,418461,Indira Gandhi International Airport,40816,Monsoon,Winter,5.91,2,46.91,67.39,39.85,27.86,220,1,Moderate,false,false,true,25,4916,188,false,2,30.3,2398.9,8,10,9,Onam,Chole Bhature,64,false,8,7019341,true,5,2,false,65,2,true,true,October
DST1299,Place_299,Rajasthan,North,Urban,Wildlife,Pune,Tamil,533194,Kempegowda International Airport,47475,Summer,Winter,11.76,6,64.53,87.99,27.91,41.6,80,2,Moderate,true,false,true,79,1658,36,false,3,24.1,1961.1,8,7,9,Eid,Vada Pav,63,true,7,29253536,false,1,3,true,15,2,false,false,October
DST1300,Place_300,Tamil Nadu,West,Hill Station,Food,Bengaluru,Tamil,378577,Lokpriya Gopinath Bordoloi International Airport,34978,Monsoon,Winter,13.09,10,87.47,70.84,34.92,50.67,221,3,Difficult,false,true,false,91,9375,136,true,1,22.4,2753.8,1,9,6,Eid,Pav Bhaji,39,true,7,5598255,true,1,1,false,71,5,true,false,August
DST1301,Place_301,Kerala,East,Beach,Temples,Kolkata,Hindi,133282,Rajiv Gandhi International Airport,30677,Summer,Monsoon,6.11,10,76.57,70.93,27.64,17.27,408,4,Moderate,false,false,true,48,6419,107,true,1,36.9,2450.8,4,1,8,Eid,Rogan Josh,88,true,6,36545189,true,3,2,true,39,1,true,false,August
DST1302,Place_302,Tamil Nadu,East,Wildlife,Culture,Indore,Hindi,700807,Devi Ahilya Bai Holkar Airport,17004,Summer,Monsoon,8.36,8,76.94,86.45,35.67,25.03,461,5,Easy,false,true,true,99,6933,61,false,1,35,2713.2,2,9,4,Durga Puja,Rogan Josh,68,true,7,28108740,false,5,5,true,68,1,true,false,October
DST1303,Place_303,Assam,Northeast,Hill Station,Wildlife,Lucknow,Marathi,864634,Raja Bhoj Airport,11272,Summer,Monsoon,2.64,10,77.88,74.44,20.16,19.95,378,3,Moderate,false,false,false,86,2703,171,true,5,10.4,1624.4,1,4,9,Holi,Rogan Josh,45,false,7,28062619,true,2,4,false,52,1,true,true,March
DST1304,Place_304,Tamil Nadu,East,Beach,Culture,Kolkata,Bengali,930010,Chaudhary Charan Singh International Airport,7212,Summer,Winter,6.84,5,77.23,62.26,26.28,49.09,169,3,Easy,true,true,false,92,5431,169,false,1,13.6,2749,2,1,2,Pongal,Dosa,67,true,6,40538438,true,2,3,true,70,5,true,true,August
DST1305,Place_305,Rajasthan,Central,Beach,Scenery,Guwahati,Tamil,230843,Lokpriya Gopinath Bordoloi International Airport,22071,Summer,Summer,6.05,4,41,80.48,34.58,50.06,85,5,Moderate,true,true,false,90,6560,53,true,4,25.4,548.7,1,8,2,Diwali,Kebabs,66,true,3,42404199,false,5,1,true,65,4,true,true,May
DST1306,Place_306,Assam,South,Heritage,Wildlife,Mumbai,Marathi,732621,Netaji Subhas Chandra Bose International Airport,44108,Monsoon,Monsoon,3.56,12,86.23,64.55,37.13,22.8,43,5,Moderate,false,true,true,41,1402,141,true,3,13.4,344.9,5,3,7,Diwali,Vada Pav,16,true,9,7310050,true,4,4,true,67,5,true,true,May
DST1307,Place_307,Rajasthan,West,Heritage,Culture,Kolkata,Tamil,255205,Chennai International Airport,10700,Summer,Summer,13.52,5,81.51,80.01,5.86,10.21,260,1,Moderate,false,false,true,48,9164,57,true,1,18.2,1625.5,10,8,4,Bihu,Kebabs,88,true,2,21558534,false,1,3,true,68,4,true,true,December
DST1308,Place_308,Maharashtra,Central,Hill Station,Scenery,Guwahati,Bengali,623566,Kempegowda International Airport,30980,Summer,Summer,3.07,8,53.73,87.29,8.64,31.17,103,2,Difficult,false,true,false,69,8979,107,true,3,35,2495.5,6,6,4,Onam,Vada Pav,61,false,3,1601607,true,4,5,true,86,3,false,false,May
DST1309,Place_309,Maharashtra,West,Heritage,Culture,Bhopal,Tamil,674605,Chaudhary Charan Singh International Airport,18297,Summer,Summer,9.9,9,67.64,92.53,37.59,44.36,283,3,Difficult,false,false,true,10,9427,25,true,3,21.6,715.3,8,6,2,Navratri,Idli,60,true,6,22851506,false,2,5,true,74,1,false,true,January
DST1310,Place_310,Assam,West,Beach,Culture,Bengaluru,Malayalam,227878,Pune Airport,42349,Summer,Winter,13.46,3,70.75,62.35,24.9,41.13,459,1,Easy,true,true,true,42,1605,197,false,4,23.5,2909,10,8,9,Diwali,Vada Pav,23,true,7,36777003,true,5,5,true,69,4,true,true,August
DST1311,Place_311,Kerala,South,Heritage,Wildlife,Goa,Marathi,208745,Pune Airport,29625,Summer,Winter,13.77,6,46.6,70.64,39.66,32.28,227,1,Difficult,false,false,false,97,9414,56,false,1,15.2,637.2,8,9,2,Eid,Biryani,83,false,7,10952699,false,2,2,false,62,2,false,true,December
DST1312,Place_312,Maharashtra,Northeast,Urban,Scenery,Bengaluru,Hindi,491374,Sardar Vallabhbhai Patel International Airport,29831,Summer,Monsoon,12.11,6,52.7,82.84,32.74,25.1,187,3,Moderate,true,true,false,47,8979,119,false,3,28.1,2155.2,4,8,9,Pongal,Momos,33,false,8,33421417,false,1,3,false,20,4,true,false,December
DST1313,Place_313,Tamil Nadu,East,Heritage,Temples,Bengaluru,Tamil,690238,Kempegowda International Airport,30367,Monsoon,Monsoon,3.47,14,41.16,71.04,33.63,33.72,460,2,Difficult,false,true,true,61,5010,84,false,1,13.6,2753.8,3,7,5,Bihu,Chole Bhature,47,true,2,36973598,false,2,2,true,89,4,true,true,January
DST1314,Place_314,Rajasthan,South,Beach,Food,Lucknow,Marathi,683900,Raja Bhoj Airport,46813,Summer,Winter,12.44,10,83.2,75.79,18.51,10.76,120,5,Difficult,true,false,false,79,1622,24,false,4,28.9,2899.5,5,3,5,Pongal,Biryani,11,true,9,48706231,true,5,5,false,58,2,true,true,March
DST1315,Place_315,Maharashtra,Central,Hill Station,Wildlife,Goa,Marathi,164873,Devi Ahilya Bai Holkar Airport,36338,Summer,Winter,4.87,14,41.25,60.7,14.01,13.69,148,3,Easy,false,true,true,84,2833,111,false,5,32.4,2018.1,8,4,7,Eid,Kebabs,80,true,7,30907588,true,5,3,true,51,3,false,false,October
DST1316,Place_316,Maharashtra,Northeast,Wildlife,Scenery,Indore,Tamil,868757,Chhatrapati Shivaji Maharaj International Airport,21121,Monsoon,Summer,13.91,14,55.93,84.27,25.94,18.13,351,2,Moderate,true,true,false,74,9430,103,true,5,36.2,1765.2,5,9,5,Bihu,Dosa,44,false,9,28365380,true,5,3,false,98,1,true,true,October
DST1317,Place_317,Kerala,Central,Heritage,Culture,Goa,Hindi,740080,Chennai International Airport,36547,Monsoon,Winter,10.93,14,43.91,90.91,35.77,41.27,304,5,Easy,true,true,false,69,6845,193,false,5,27.5,363.5,10,4,6,Durga Puja,Idli,49,true,4,43500311,true,1,5,true,71,5,true,false,March
DST1318,Place_318,Assam,Northeast,Beach,Scenery,Indore,Hindi,842138,Chhatrapati Shivaji Maharaj International Airport,25914,Winter,Winter,11.99,4,79.07,94.19,30.4,20.94,439,4,Difficult,true,true,true,59,6708,153,true,5,20,157.4,7,8,3,Ganesh Chaturthi,Idli,59,false,5,16350005,true,2,2,false,75,3,false,false,August
DST1319,Place_319,Assam,Central,Wildlife,Food,Lucknow,Tamil,293074,Netaji Subhas Chandra Bose International Airport,45396,Monsoon,Winter,2.19,13,86.25,89.07,21.53,31.17,56,3,Moderate,false,false,true,39,7701,138,false,2,35.6,2958.7,4,6,3,Lohri,Momos,35,false,8,31775253,true,1,1,true,29,5,false,false,December
DST1320,Place_320,Himachal Pradesh,South,Wildlife,Food,Goa,Marathi,593936,Goa International Airport,18178,Monsoon,Winter,9.16,7,68.14,61.11,31.36,41.07,340,3,Easy,false,true,true,28,7899,162,false,3,27.9,895.7,2,5,3,Eid,Momos,24,false,2,28307645,true,1,5,false,26,5,false,true,March
DST1321,Place_321,Kerala,Northeast,Urban,Temples,Pune,Hindi,793739,Sardar Vallabhbhai Patel International Airport,2722,Summer,Summer,12.5,11,46.98,82.81,29.16,51.53,188,2,Easy,true,false,false,42,3432,73,false,2,20.7,309.5,9,7,1,Diwali,Kebabs,95,true,4,39932172,true,2,5,false,98,3,true,false,December
DST1322,Place_322,Tamil Nadu,Northeast,Wildlife,Temples,Guwahati,Tamil,639519,Devi Ahilya Bai Holkar Airport,14885,Winter,Monsoon,13.06,13,67.91,77.35,36.96,37.48,356,1,Moderate,true,false,true,7,6038,101,true,1,19.7,1661.6,10,1,3,Pongal,Idli,96,true,7,5557525,true,4,1,false,53,4,false,true,October
DST1323,Place_323,Assam,West,Beach,Food,Chennai,Tamil,449529,Devi Ahilya Bai Holkar Airport,1102,Summer,Summer,1.4,6,78.52,92.83,14.22,18.86,37,1,Easy,false,true,false,55,7506,52,true,5,19.6,1006.5,2,10,4,Eid,Chole Bhature,19,false,8,35865753,false,2,1,true,25,3,false,false,October
DST1324,Place_324,Rajasthan,West,Beach,Wildlife,Hyderabad,Tamil,665451,Cochin International Airport,28435,Winter,Winter,14.15,3,75.92,91.57,9.18,57.59,200,2,Easy,false,true,true,65,6571,23,true,1,11.7,1137,2,3,6,Diwali,Kebabs,98,true,6,29357696,true,1,3,true,67,5,true,true,December
DST1325,Place_325,Kerala,North,Heritage,Wildlife,Guwahati,Marathi,974024,Chennai International Airport,14262,Summer,Winter,1.61,3,77.09,94.58,21.45,14.5,228,3,Easy,true,false,true,44,3334,185,false,4,13,1125.9,8,5,4,Durga Puja,Vada Pav,36,true,2,24709520,false,3,1,false,30,3,true,false,March
DST1326,Place_326,Maharashtra,Central,Heritage,Culture,Jaipur,Hindi,468708,Rajiv Gandhi International Airport,8453,Monsoon,Monsoon,9.6,5,53.96,90.17,17.64,28.36,385,3,Difficult,false,true,true,58,4424,77,false,3,12.7,821.2,10,4,3,Bihu,Momos,35,false,3,45230738,false,4,3,false,62,2,true,false,January
DST1327,Place_327,Rajasthan,West,Heritage,Temples,Jaipur,Marathi,878755,Indira Gandhi International Airport,43407,Monsoon,Monsoon,10.71,13,43.69,79.14,39.12,56.07,130,3,Easy,true,true,true,70,7029,23,true,4,19.4,2906.3,6,3,8,Holi,Sarson da Saag,27,false,7,40517569,false,4,1,true,91,4,true,true,December
DST1328,Place_328,Rajasthan,North,Wildlife,Culture,Mumbai,Malayalam,679823,Chennai International Airport,46174,Winter,Monsoon,2.5,5,47.45,85.02,5.26,40.12,170,4,Difficult,false,false,true,64,1886,152,false,3,24.2,869.1,5,3,5,Pongal,Sarson da Saag,74,false,5,16259960,true,3,2,true,19,4,false,true,March
DST1329,Place_329,Maharashtra,West,Wildlife,Temples,Delhi,Hindi,473096,Jaipur International Airport,13224,Summer,Summer,1.67,8,87.78,93.76,37.67,43.13,329,1,Easy,false,false,true,19,9885,154,false,4,14.4,1715.4,3,9,3,Lohri,Biryani,75,true,7,4424947,true,4,3,true,15,5,false,true,January
DST1330,Place_330,Kerala,Central,Urban,Food,Pune,Marathi,277182,Rajiv Gandhi International Airport,7172,Summer,Monsoon,11.99,13,70.68,80.23,38.43,25.08,34,4,Easy,true,true,true,90,9372,101,false,4,34.8,792,7,5,4,Ganesh Chaturthi,Kebabs,41,false,8,37574858,false,2,2,false,26,4,true,false,August
DST1331,Place_331,Maharashtra,Northeast,Heritage,Wildlife,Chennai,Hindi,802338,Raja Bhoj Airport,12252,Monsoon,Winter,6.39,2,76.39,89.4,6.78,13.93,200,3,Easy,false,true,true,50,4167,189,false,3,12,2309.4,8,3,4,Diwali,Momos,85,true,3,26446429,false,3,1,true,21,5,false,true,December
DST1332,Place_332,Himachal Pradesh,East,Hill Station,Wildlife,Ahmedabad,Malayalam,846178,Indira Gandhi International Airport,18918,Monsoon,Winter,2.5,12,84.95,92.98,36.13,28.29,167,1,Easy,false,true,false,59,2512,147,false,1,38.4,764.2,9,5,3,Lohri,Dosa,86,false,9,31578349,true,3,2,true,51,2,true,false,October
DST1333,Place_333,Rajasthan,Central,Urban,Food,Mumbai,Bengali,827729,Lokpriya Gopinath Bordoloi International Airport,8197,Winter,Winter,11.68,7,82.64,79.97,21.48,30.11,495,3,Moderate,false,true,false,8,8921,26,true,4,12.2,1882.5,2,9,9,Navratri,Pav Bhaji,68,true,3,30188822,true,3,5,true,69,5,true,false,May
DST1334,Place_334,Goa,South,Hill Station,Culture,Cochin,Tamil,497968,Devi Ahilya Bai Holkar Airport,32591,Monsoon,Summer,12.89,12,50.92,65.57,31.82,23.51,380,3,Difficult,true,false,false,28,5393,145,true,3,36.8,2518.5,8,3,4,Durga Puja,Rogan Josh,72,true,5,3971001,false,2,1,false,42,2,false,false,May
DST1335,Place_335,Goa,West,Wildlife,Culture,Lucknow,Marathi,648795,Netaji Subhas Chandra Bose International Airport,14677,Winter,Monsoon,9.22,14,42.9,65.44,7.77,20.77,245,2,Moderate,true,false,true,87,7838,11,false,3,17.8,887.7,5,5,8,Holi,Rogan Josh,68,false,3,7277006,false,4,3,false,45,2,true,false,October
DST1336,Place_336,Tamil Nadu,West,Urban,Scenery,Cochin,Malayalam,578921,Pune Airport,12039,Winter,Monsoon,3.26,10,86.26,64.04,38.43,27.78,223,1,Moderate,false,true,false,98,2189,193,false,4,39.6,2429.4,1,2,9,Navratri,Rogan Josh,12,true,6,17439355,true,4,1,true,32,4,true,false,March
DST1337,Place_337,Assam,Northeast,Urban,Temples,Chennai,Malayalam,748513,Indira Gandhi International Airport,28785,Winter,Monsoon,1.21,3,89.08,76.67,26.26,41.97,340,3,Moderate,true,false,false,90,4976,74,true,1,25.6,368.2,10,8,7,Lohri,Chole Bhature,77,false,3,19165590,true,5,4,true,12,4,true,true,December
DST1338,Place_338,Maharashtra,South,Beach,Culture,Goa,Hindi,354295,Jaipur International Airport,5570,Winter,Monsoon,10.81,13,68.37,76.8,36.45,57.45,57,5,Moderate,false,false,true,44,6004,192,false,5,10.5,437.6,7,6,3,Diwali,Rogan Josh,25,true,8,37867674,false,2,5,false,82,5,true,true,December
DST1339,Place_339,Maharashtra,Northeast,Wildlife,Food,Cochin,Hindi,210282,Sardar Vallabhbhai Patel International Airport,7706,Monsoon,Winter,8.7,6,84.42,81.61,28.55,45.19,289,5,Easy,true,false,true,31,6461,128,false,2,18.5,1261.7,7,8,1,Holi,Pav Bhaji,72,false,6,31820357,true,4,3,false,76,5,false,true,December
DST1340,Place_340,Tamil Nadu,South,Wildlife,Culture,Bengaluru,Tamil,321538,Raja Bhoj Airport,12655,Winter,Summer,10.11,11,51.59,76.9,23.79,48.98,24,3,Easy,true,true,false,83,5078,108,false,5,38.2,1280.1,10,1,9,Onam,Biryani,19,false,3,6695197,false,5,1,true,71,4,true,false,October
DST1341,Place_341,Tamil Nadu,East,Urban,Wildlife,Lucknow,Hindi,291958,Lokpriya Gopinath Bordoloi International Airport,34202,Monsoon,Monsoon,12.38,12,45.55,94.06,11.04,25.3,489,2,Moderate,false,false,false,56,6363,116,false,4,19,1597.8,3,2,4,Durga Puja,Vada Pav,23,true,7,4065860,false,5,5,true,55,5,true,false,March
DST1342,Place_342,Tamil Nadu,West,Wildlife,Temples,Cochin,Marathi,432703,Indira Gandhi International Airport,48907,Winter,Winter,7.08,11,64.99,70.2,11.23,15.23,439,3,Moderate,false,true,false,41,7109,126,false,4,20.8,168.7,3,7,3,Holi,Kebabs,60,false,6,46462445,false,1,3,true,18,3,false,false,March
DST1343,Place_343,Rajasthan,West,Urban,Scenery,Cochin,Marathi,625270,Goa International Airport,10449,Monsoon,Winter,2.74,5,80.56,90.58,21.54,24.58,31,5,Difficult,false,false,false,5,2234,173,false,3,11.3,439.7,4,7,7,Pongal,Dosa,92,true,2,32153058,true,2,5,false,92,5,true,true,October
DST1344,Place_344,Himachal Pradesh,East,Beach,Temples,Bhopal,Marathi,310913,Chennai International Airport,25630,Winter,Summer,14.16,5,72.73,63.51,35.47,30.13,109,1,Moderate,true,false,true,80,1009,18,true,1,17.6,129.8,5,9,10,Bihu,Idli,52,true,6,14833654,true,5,3,false,31,3,true,true,May
DST1345,Place_345,Maharashtra,North,Urban,Wildlife,Delhi,Bengali,753416,Chennai International Airport,10122,Monsoon,Monsoon,8.63,9,71.87,81.07,9.03,44.49,100,2,Easy,false,true,true,13,6048,151,true,1,17.8,2868.1,5,6,9,Bihu,Biryani,77,false,8,45513413,false,3,5,true,87,5,true,false,October
DST1346,Place_346,Rajasthan,Northeast,Wildlife,Wildlife,Delhi,Marathi,509362,Sardar Vallabhbhai Patel International Airport,47371,Summer,Summer,9.61,7,40.87,82.69,39.94,56.97,149,3,Difficult,false,true,false,87,4571,83,false,4,31.5,1008.7,5,7,7,Lohri,Sarson da Saag,71,false,7,27821645,true,3,3,false,59,3,false,false,December
DST1347,Place_347,Tamil Nadu,East,Wildlife,Wildlife,Jaipur,Hindi,871393,Lokpriya Gopinath Bordoloi International Airport,11991,Winter,Monsoon,14.07,8,55.87,87.03,35.66,50.46,382,5,Moderate,false,true,false,22,8286,31,true,1,25.2,2095.4,6,4,9,Bihu,Biryani,71,false,5,18577137,true,1,3,false,63,2,false,false,March
DST1348,Place_348,Maharashtra,Northeast,Urban,Wildlife,Guwahati,Hindi,285915,Devi Ahilya Bai Holkar Airport,25887,Winter,Summer,14.04,12,86.97,77.61,18.74,23.32,344,1,Difficult,true,true,false,43,4702,25,false,2,14.8,1864.5,1,2,7,Bihu,Idli,41,false,3,30887760,false,5,4,false,62,1,true,false,August
DST1349,Place_349,Rajasthan,Central,Urban,Food,Hyderabad,Marathi,351762,Chennai International Airport,14859,Summer,Monsoon,9.01,13,46.71,66.9,13.86,51.02,192,5,Moderate,true,true,false,79,7100,178,true,1,33.9,2201.7,7,9,8,Navratri,Dosa,32,false,7,28181735,false,3,3,true,96,5,false,true,December
DST1350,Place_350,Himachal Pradesh,West,Urban,Scenery,Hyderabad,Malayalam,701025,Goa International Airport,24640,Summer,Monsoon,5.17,10,76.32,72.91,37.27,30.59,108,2,Difficult,true,true,true,79,8765,165,false,1,28.3,2660.3,4,1,8,Pongal,Idli,92,true,2,27717150,false,5,4,false,42,5,true,false,May
DST1351,Place_351,Rajasthan,Northeast,Heritage,Wildlife,Ahmedabad,Malayalam,182446,Raja Bhoj Airport,49339,Winter,Summer,14.96,14,77.97,69.53,9.31,18.77,355,4,Difficult,false,true,true,34,1777,103,true,3,18.1,776.1,5,6,8,Pongal,Chole Bhature,43,false,9,17669219,true,3,1,true,50,2,true,true,March
DST1352,Place_352,Himachal Pradesh,South,Wildlife,Wildlife,Lucknow,Malayalam,188567,Netaji Subhas Chandra Bose International Airport,26532,Monsoon,Monsoon,10.53,4,76.64,74.67,17.16,33.06,276,3,Easy,false,false,false,24,6508,166,false,4,16.7,1334.7,8,10,2,Lohri,Pav Bhaji,84,true,3,19062409,false,2,1,true,30,4,false,false,May
DST1353,Place_353,Tamil Nadu,Northeast,Wildlife,Culture,Lucknow,Tamil,910068,Raja Bhoj Airport,40229,Winter,Summer,6.72,12,89.46,78.55,7.94,38.16,232,1,Difficult,true,false,true,19,5475,165,true,1,37.7,1052.5,8,9,2,Eid,Dosa,28,false,7,5542810,true,4,5,false,35,4,true,false,January
DST1354,Place_354,Himachal Pradesh,Central,Heritage,Scenery,Guwahati,Bengali,444994,Jaipur International Airport,39764,Monsoon,Summer,8.84,3,60.46,81.88,38.37,48.17,463,2,Moderate,false,false,false,68,3379,95,false,4,29.1,339.1,5,10,2,Lohri,Chole Bhature,32,true,6,9754736,true,3,2,true,19,4,true,true,October
DST1355,Place_355,Maharashtra,West,Urban,Temples,Delhi,Marathi,282506,Kempegowda International Airport,38620,Summer,Monsoon,6.82,4,74.11,89.58,26.62,27.49,479,2,Difficult,true,true,false,29,4640,41,false,1,34.2,192.6,3,10,7,Durga Puja,Kebabs,53,false,3,47849459,true,2,2,true,73,2,true,false,October
DST1356,Place_356,Tamil Nadu,East,Beach,Scenery,Bengaluru,Tamil,183866,Kempegowda International Airport,3512,Monsoon,Monsoon,13.44,9,49.68,91.85,16.77,17.34,20,4,Moderate,true,false,false,53,9356,189,false,1,16.8,2317.9,10,2,8,Diwali,Kebabs,60,false,8,30084868,false,4,1,true,32,1,false,true,May
DST1357,Place_357,Maharashtra,Central,Urban,Scenery,Bengaluru,Malayalam,816631,Pune Airport,16446,Winter,Summer,7.75,14,59.99,76.19,14.64,14.72,372,4,Moderate,true,true,true,71,3897,20,true,1,27.7,474.8,8,2,10,Pongal,Dosa,49,false,7,14208784,false,1,4,false,76,4,false,false,January
DST1358,Place_358,Goa,West,Urban,Scenery,Kolkata,Marathi,162726,Chaudhary Charan Singh International Airport,22912,Summer,Winter,12.53,10,64.58,63.1,20.54,15.62,411,3,Easy,true,false,true,30,4267,163,false,3,11.6,144.6,2,9,1,Eid,Pav Bhaji,65,true,4,11095646,false,4,3,false,19,4,false,false,December
DST1359,Place_359,Kerala,Northeast,Heritage,Wildlife,Bengaluru,Tamil,967333,Cochin International Airport,35031,Summer,Summer,12.76,11,50.74,87.9,8.2,57.5,251,3,Difficult,true,true,false,49,7106,168,false,1,27.8,1371.4,9,10,8,Onam,Dosa,81,false,2,23303309,false,2,5,true,10,5,false,true,August
DST1360,Place_360,Himachal Pradesh,North,Wildlife,Wildlife,Goa,Hindi,602253,Netaji Subhas Chandra Bose International Airport,36515,Winter,Winter,12.54,6,85.34,76.7,36.13,57.59,402,2,Easy,false,true,false,96,5334,29,false,5,16.1,1034.6,6,10,8,Diwali,Dosa,18,false,7,49845270,true,3,3,false,37,2,false,true,August
DST1361,Place_361,Kerala,North,Urban,Food,Chennai,Malayalam,765468,Cochin International Airport,16416,Winter,Winter,11.11,9,75.81,79.13,22.88,58.44,13,3,Moderate,false,true,true,10,5089,93,true,2,30.1,291.7,10,9,5,Pongal,Kebabs,23,true,4,31095467,true,1,3,true,86,2,false,false,August
DST1362,Place_362,Kerala,South,Wildlife,Temples,Hyderabad,Tamil,693184,Chaudhary Charan Singh International Airport,8280,Summer,Summer,12.97,12,54.19,80.85,30.38,25.12,214,3,Difficult,true,false,true,36,3117,178,false,1,38,249.6,4,4,3,Bihu,Momos,67,true,3,48107932,false,5,2,false,48,3,false,true,May
DST1363,Place_363,Himachal Pradesh,West,Hill Station,Culture,Bengaluru,Hindi,273625,Kempegowda International Airport,11974,Monsoon,Summer,6.42,8,46.75,83.38,13.18,19.58,23,4,Difficult,false,false,false,79,5114,76,true,5,23.8,2748.2,4,8,1,Lohri,Biryani,72,true,6,19270638,false,1,1,false,87,5,true,false,March
DST1364,Place_364,Tamil Nadu,North,Wildlife,Scenery,Pune,Malayalam,665168,Indira Gandhi International Airport,44746,Monsoon,Summer,2.61,13,54.39,91.15,22.63,59.05,19,2,Moderate,true,false,false,81,3285,53,true,4,19.2,2825.1,3,8,4,Eid,Pav Bhaji,43,true,2,16411787,true,4,4,false,67,3,true,false,October
DST1365,Place_365,Goa,East,Beach,Temples,Bhopal,Bengali,869680,Lokpriya Gopinath Bordoloi International Airport,44775,Monsoon,Winter,12.79,13,71.15,93.33,12.39,59.41,415,5,Easy,false,true,false,21,6006,197,false,3,13.7,1498.6,5,2,7,Ganesh Chaturthi,Biryani,74,false,7,28410016,true,2,2,true,47,3,true,false,January
DST1366,Place_366,Maharashtra,West,Beach,Temples,Lucknow,Malayalam,414221,Indira Gandhi International Airport,37531,Winter,Summer,7.97,14,81.32,92.91,33.56,13.92,487,5,Easy,true,false,false,50,4444,104,false,4,30.1,2560,6,4,7,Onam,Pav Bhaji,41,false,2,14663992,false,1,3,true,74,1,true,false,January
DST1367,Place_367,Rajasthan,East,Urban,Food,Bengaluru,Bengali,103625,Indira Gandhi International Airport,13227,Summer,Summer,2.78,10,65.16,88.33,32.13,47.63,201,1,Difficult,false,false,true,57,8583,115,false,3,27.5,2420.3,10,6,5,Diwali,Biryani,17,false,8,48067001,true,1,3,true,11,4,true,false,August
DST1368,Place_368,Maharashtra,East,Wildlife,Culture,Kolkata,Bengali,138237,Devi Ahilya Bai Holkar Airport,14031,Monsoon,Monsoon,2.61,5,45.12,91.12,10.19,24.43,435,4,Easy,true,false,true,98,3117,144,false,4,26.3,1780.1,3,4,6,Onam,Momos,32,false,6,48642343,false,3,1,false,79,2,false,true,December
DST1369,Place_369,Rajasthan,North,Urban,Scenery,Guwahati,Bengali,101223,Chennai International Airport,44283,Summer,Monsoon,3.23,14,52.47,61.74,7.61,55.46,320,1,Difficult,true,false,true,8,1197,103,true,4,38.1,2277.3,9,7,9,Lohri,Rogan Josh,41,true,2,17293469,true,4,4,true,27,3,true,true,August
DST1370,Place_370,Maharashtra,West,Heritage,Culture,Indore,Marathi,290375,Devi Ahilya Bai Holkar Airport,34000,Monsoon,Monsoon,11.51,11,57.26,89.72,33.85,14.46,478,2,Easy,true,true,true,82,4333,63,true,2,39.3,2798.6,8,10,7,Diwali,Chole Bhature,47,true,8,26627925,true,3,1,false,61,5,false,false,December
DST1371,Place_371,Himachal Pradesh,Northeast,Beach,Food,Ahmedabad,Marathi,165197,Cochin International Airport,46312,Summer,Summer,10.95,4,71.81,62.53,8.84,54.43,51,5,Moderate,true,true,true,32,1193,91,false,2,31.5,1742.3,6,5,2,Ganesh Chaturthi,Idli,31,false,7,27145053,false,3,5,false,63,2,false,true,January
DST1372,Place_372,Goa,Central,Urban,Wildlife,Ahmedabad,Bengali,336486,Chennai International Airport,3028,Winter,Summer,3.85,10,52.33,86.12,24.2,10.13,356,5,Moderate,true,true,true,75,8640,22,false,2,15.9,1583.8,5,4,2,Bihu,Biryani,36,true,6,23305183,false,4,5,true,27,4,false,true,October
DST1373,Place_373,Rajasthan,North,Heritage,Temples,Delhi,Hindi,436837,Chhatrapati Shivaji Maharaj International Airport,31433,Winter,Summer,12.86,9,51.7,65.93,23.71,36.1,185,5,Moderate,false,false,false,20,1131,42,true,4,38.4,110.3,3,6,2,Eid,Momos,94,false,7,36587834,false,1,2,false,31,2,true,false,January
DST1374,Place_374,Assam,North,Urban,Scenery,Bhopal,Bengali,735843,Indira Gandhi International Airport,19313,Winter,Winter,4.94,8,54.31,72.6,12.1,26.78,206,1,Difficult,true,true,true,82,7518,144,false,3,20.3,1672.2,3,6,2,Navratri,Dosa,70,false,4,39257363,false,2,1,false,56,1,false,false,August
DST1375,Place_375,Tamil Nadu,Northeast,Wildlife,Wildlife,Bengaluru,Tamil,399904,Indira Gandhi International Airport,49790,Monsoon,Winter,12.1,2,69.63,66.45,25.7,31.37,359,3,Difficult,false,true,false,43,1766,167,true,2,12.4,2470.8,8,5,5,Bihu,Idli,61,false,3,13377217,true,2,3,false,85,4,true,true,August
DST1376,Place_376,Maharashtra,West,Wildlife,Food,Cochin,Bengali,572398,Devi Ahilya Bai Holkar Airport,10650,Winter,Monsoon,7.84,3,64.63,75.52,22.6,31.69,94,1,Moderate,true,true,true,95,3418,20,true,3,17.2,2310.1,6,6,10,Lohri,Vada Pav,38,true,2,10607032,true,4,5,true,84,4,true,true,May
DST1377,Place_377,Maharashtra,West,Wildlife,Culture,Lucknow,Marathi,996606,Rajiv Gandhi International Airport,27224,Winter,Winter,11.24,10,82.08,74.41,22.82,42.68,347,5,Moderate,true,false,true,34,6559,79,true,3,34.9,1972.8,10,5,5,Durga Puja,Kebabs,22,true,2,48782463,false,4,2,false,82,2,true,true,August
DST1378,Place_378,Rajasthan,East,Wildlife,Temples,Lucknow,Marathi,489336,Sardar Vallabhbhai Patel International Airport,31364,Winter,Winter,6.34,6,74.9,61.68,17.59,11.15,265,4,Easy,false,true,true,83,6988,30,true,1,16.1,171.3,6,7,8,Navratri,Dosa,46,true,2,16007409,false,2,5,false,37,5,false,false,May
DST1379,Place_379,Tamil Nadu,Northeast,Hill Station,Scenery,Indore,Tamil,551182,Kempegowda International Airport,19361,Summer,Winter,5.86,2,73.34,89.07,34.34,44.57,325,4,Moderate,true,false,true,61,9421,41,true,5,21.9,2783.6,4,5,5,Pongal,Kebabs,51,false,4,3125494,true,2,5,true,51,3,false,true,October
DST1380,Place_380,Tamil Nadu,Northeast,Heritage,Wildlife,Hyderabad,Tamil,391168,Chennai International Airport,3413,Summer,Monsoon,12.78,10,47.73,89.9,7.95,11.11,14,1,Moderate,true,true,false,60,8309,142,true,4,18.2,1344.4,3,4,8,Lohri,Kebabs,54,true,6,42361819,false,5,5,false,48,3,false,false,August
DST1381,Place_381,Himachal Pradesh,West,Heritage,Wildlife,Ahmedabad,Malayalam,563539,Goa International Airport,41794,Summer,Monsoon,1.49,2,42.76,87.56,20.35,19.26,174,1,Moderate,true,false,false,43,8790,115,false,5,11.4,1757.5,6,9,6,Lohri,Sarson da Saag,51,false,7,31261762,false,4,5,true,28,3,true,true,August
DST1382,Place_382,Assam,East,Wildlife,Temples,Delhi,Hindi,909634,Jaipur International Airport,32070,Summer,Winter,14.65,9,65.5,89.67,14.09,40.34,218,2,Difficult,true,true,false,46,6557,102,false,4,26.9,1253.4,1,5,10,Bihu,Rogan Josh,43,false,9,36841466,true,3,1,true,29,2,true,false,January
DST1383,Place_383,Himachal Pradesh,North,Hill Station,Culture,Bengaluru,Hindi,151524,Chennai International Airport,39186,Summer,Summer,10.07,6,43.58,86.28,34.7,14.32,9,1,Difficult,true,false,true,22,6585,44,false,3,28.9,1111.8,5,6,4,Durga Puja,Vada Pav,43,true,9,37468883,true,1,3,false,77,5,false,true,August
DST1384,Place_384,Himachal Pradesh,South,Wildlife,Food,Ahmedabad,Hindi,799268,Jaipur International Airport,23409,Summer,Monsoon,7.05,12,58.2,92.81,12.88,59.55,404,1,Moderate,true,false,true,79,8097,56,false,5,33.7,1580.7,7,2,10,Diwali,Dosa,83,true,6,39569058,true,1,1,false,36,2,true,true,October
DST1385,Place_385,Himachal Pradesh,Central,Hill Station,Culture,Ahmedabad,Marathi,529283,Chhatrapati Shivaji Maharaj International Airport,30854,Summer,Winter,9.79,13,41.31,80.17,31.85,49.22,18,5,Easy,false,false,true,26,9043,21,false,1,22.4,1534.6,1,1,4,Bihu,Kebabs,88,true,4,6612989,true,5,2,false,74,3,false,false,December
DST1386,Place_386,Himachal Pradesh,North,Wildlife,Culture,Indore,Hindi,502576,Jaipur International Airport,32206,Winter,Summer,2.72,7,48.84,80.39,26.4,45.28,67,3,Easy,true,false,false,8,8113,46,true,5,14.2,1133.6,10,3,3,Ganesh Chaturthi,Momos,36,true,3,18320382,false,4,2,false,55,3,true,false,March
DST1387,Place_387,Himachal Pradesh,West,Beach,Culture,Lucknow,Malayalam,460372,Raja Bhoj Airport,30655,Winter,Summer,8.2,2,45.52,90.1,35.62,23.38,277,5,Moderate,false,false,false,7,5660,53,true,5,29.6,2431.2,4,7,9,Holi,Pav Bhaji,89,true,7,43569234,true,1,2,false,73,3,false,true,January
DST1388,Place_388,Goa,Central,Beach,Temples,Bengaluru,Malayalam,204755,Chennai International Airport,10952,Monsoon,Monsoon,14.79,3,80.05,72.23,25.78,12.43,318,3,Difficult,true,true,true,65,6803,31,true,1,36.7,246.8,2,1,5,Holi,Biryani,51,true,4,35494922,true,1,3,true,73,5,false,true,October
DST1389,Place_389,Tamil Nadu,South,Urban,Temples,Cochin,Hindi,768301,Pune Airport,37365,Winter,Summer,4.29,8,57.31,61.75,24.48,58.94,293,5,Moderate,true,false,true,28,8546,148,false,1,13.6,439.4,1,1,8,Eid,Idli,35,false,7,43328133,true,1,1,false,66,1,false,false,May
DST1390,Place_390,Himachal Pradesh,South,Wildlife,Food,Mumbai,Tamil,378137,Chennai International Airport,18762,Summer,Monsoon,11.11,3,43.94,86.24,33.04,17.39,14,5,Easy,false,true,false,82,5546,96,true,2,15.5,339.4,1,8,4,Diwali,Vada Pav,61,true,2,4039185,false,2,2,false,59,3,true,false,January
DST1391,Place_391,Tamil Nadu,East,Heritage,Culture,Cochin,Malayalam,638908,Raja Bhoj Airport,1620,Summer,Winter,7.09,6,53.27,68.91,24.69,51.53,325,2,Difficult,false,false,true,56,1486,64,true,4,19.9,1738.5,7,3,3,Diwali,Vada Pav,36,false,3,14116910,true,5,1,true,10,3,false,true,August
DST1392,Place_392,Tamil Nadu,Central,Urban,Temples,Bengaluru,Tamil,644481,Cochin International Airport,34697,Monsoon,Monsoon,10.13,12,74.14,76.6,34.56,19.88,113,3,Difficult,true,true,false,71,9169,19,false,3,29.5,1296.3,6,2,6,Holi,Chole Bhature,60,false,5,4148877,false,3,3,false,12,5,false,false,January
DST1393,Place_393,Kerala,East,Beach,Food,Chennai,Marathi,937991,Netaji Subhas Chandra Bose International Airport,16455,Winter,Summer,3.87,10,77.28,68.42,6.73,28.7,458,5,Difficult,false,true,true,35,9870,179,true,5,25.7,1410.9,7,8,6,Diwali,Kebabs,77,false,8,15976192,true,2,3,true,13,2,false,true,May
DST1394,Place_394,Goa,North,Wildlife,Food,Ahmedabad,Malayalam,383392,Pune Airport,23210,Winter,Monsoon,7.59,6,45.99,88.95,22.33,44.68,299,5,Moderate,true,true,false,57,3261,126,false,5,31.4,1772.6,1,10,6,Bihu,Pav Bhaji,70,true,3,12680181,true,4,2,false,36,4,false,true,December
DST1395,Place_395,Himachal Pradesh,Northeast,Urban,Culture,Hyderabad,Tamil,539068,Indira Gandhi International Airport,48673,Monsoon,Monsoon,14.72,13,78.93,93.54,33.44,57.27,157,3,Moderate,true,false,false,65,7170,89,true,3,10.9,1039.5,10,2,2,Pongal,Momos,43,false,7,17886140,true,5,1,false,46,4,false,false,March
DST1396,Place_396,Maharashtra,Northeast,Wildlife,Scenery,Guwahati,Hindi,949842,Kempegowda International Airport,1974,Summer,Winter,3.73,4,58.53,61.93,34.69,10.99,103,2,Moderate,true,true,false,62,7963,85,false,1,34.3,631.1,3,10,6,Navratri,Pav Bhaji,84,false,4,29892347,false,2,4,false,32,5,false,false,December
DST1397,Place_397,Rajasthan,Northeast,Beach,Culture,Guwahati,Marathi,366404,Goa International Airport,13679,Summer,Summer,9.91,12,73.97,68.17,34.19,23.04,279,3,Easy,false,false,false,39,5164,192,true,1,39.6,989.8,7,7,5,Eid,Vada Pav,12,false,7,48688437,true,2,3,false,36,1,true,true,August
DST1398,Place_398,Assam,Central,Urban,Scenery,Goa,Bengali,924028,Jaipur International Airport,28429,Summer,Monsoon,9.06,14,73.58,66.63,26.15,48.25,85,2,Difficult,false,false,false,35,3241,187,false,5,11.4,2982.6,10,7,5,Lohri,Vada Pav,34,false,8,46619021,true,5,2,true,98,2,false,true,October
DST1399,Place_399,Maharashtra,Northeast,Beach,Food,Goa,Bengali,862436,Chennai International Airport,19073,Summer,Winter,8.91,7,79.68,83.56,39.79,18.67,93,2,Difficult,false,true,true,61,1556,169,false,5,24.9,2862.8,10,10,3,Onam,Kebabs,34,true,2,39038060,false,4,3,true,91,3,false,true,March
DST1400,Place_400,Goa,North,Hill Station,Temples,Indore,Hindi,109012,Chennai International Airport,5671,Monsoon,Winter,9.61,8,74.86,75,11.35,15.57,173,4,Easy,false,false,true,80,2655,97,true,3,32.2,2874.2,9,6,5,Ganesh Chaturthi,Vada Pav,74,true,8,43654921,false,5,1,false,11,2,false,true,December
DST1401,Place_401,Rajasthan,East,Beach,Wildlife,Mumbai,Marathi,125823,Jaipur International Airport,31365,Winter,Winter,8.03,11,41.94,75.97,11.11,12.31,387,2,Easy,true,true,false,14,1966,106,false,3,24.3,180.1,6,1,10,Onam,Biryani,85,false,7,7747360,false,5,4,true,19,1,false,true,May
DST1402,Place_402,Goa,Central,Wildlife,Food,Kolkata,Marathi,960283,Chaudhary Charan Singh International Airport,47367,Summer,Winter,1.24,12,65.97,65.5,6.15,35.12,241,4,Difficult,false,false,false,88,9483,27,false,4,27.8,359.4,8,1,1,Ganesh Chaturthi,Kebabs,91,true,3,41917828,true,4,4,true,53,3,false,true,March
DST1403,Place_403,Tamil Nadu,East,Heritage,Temples,Delhi,Marathi,147027,Kempegowda International Airport,46578,Winter,Winter,13.6,11,48.31,74.52,39.63,48.39,261,1,Difficult,false,true,true,22,6831,120,true,1,37.6,232.6,9,3,1,Onam,Dosa,46,false,6,26842707,false,2,4,true,99,5,false,false,October
DST1404,Place_404,Rajasthan,Central,Beach,Food,Cochin,Marathi,309239,Raja Bhoj Airport,9917,Winter,Monsoon,12.58,12,88.5,70.61,17.18,58.09,293,2,Easy,false,false,false,60,1675,94,true,2,26.2,2464.9,7,4,7,Holi,Dosa,22,false,3,46856661,true,4,4,false,36,5,false,true,October
DST1405,Place_405,Tamil Nadu,East,Heritage,Culture,Bengaluru,Bengali,445938,Rajiv Gandhi International Airport,42121,Summer,Monsoon,3.44,9,52.79,81.39,31.67,23.37,281,3,Moderate,true,true,false,40,4283,74,true,2,17.1,2975,9,9,10,Holi,Pav Bhaji,91,false,5,29440487,true,3,5,true,46,3,true,true,January
DST1406,Place_406,Maharashtra,South,Hill Station,Scenery,Hyderabad,Tamil,911531,Sardar Vallabhbhai Patel International Airport,8784,Summer,Summer,6.79,4,61.01,67.6,7.09,16.07,146,4,Moderate,true,false,false,55,7035,132,true,3,32.2,1674.7,10,7,7,Bihu,Chole Bhature,24,false,9,15314960,true,4,1,false,84,3,false,false,March
DST1407,Place_407,Maharashtra,East,Urban,Food,Kolkata,Marathi,987859,Indira Gandhi International Airport,47993,Summer,Monsoon,11.79,12,49.84,81.52,15.45,30.13,1,1,Moderate,true,false,false,65,1180,117,true,4,21.3,2132.4,4,1,9,Bihu,Biryani,15,false,7,16569073,false,3,4,true,58,5,false,false,January
DST1408,Place_408,Rajasthan,Northeast,Urban,Temples,Kolkata,Tamil,923424,Pune Airport,34426,Winter,Summer,14.72,5,46.73,73.22,26.83,12.77,67,1,Easy,false,true,true,23,1360,162,true,5,18.6,1121.4,9,4,9,Lohri,Rogan Josh,48,false,7,5296625,true,5,1,false,38,1,true,false,August
DST1409,Place_409,Rajasthan,South,Heritage,Culture,Ahmedabad,Marathi,242049,Chennai International Airport,36665,Monsoon,Summer,14.32,11,70.05,72.12,23.37,26.57,68,2,Difficult,true,false,true,85,3471,132,false,3,17.5,2319.7,9,6,7,Lohri,Biryani,22,false,7,41718088,true,1,5,false,86,1,true,true,May
DST1410,Place_410,Himachal Pradesh,East,Urban,Wildlife,Chennai,Malayalam,847590,Devi Ahilya Bai Holkar Airport,13291,Summer,Summer,13.59,5,64.66,70.69,12.27,42.15,46,3,Easy,true,false,true,15,9801,40,true,3,12.4,2002.6,2,6,10,Durga Puja,Vada Pav,85,true,8,45389353,false,5,2,false,17,5,false,true,August
DST1411,Place_411,Goa,Central,Beach,Culture,Ahmedabad,Malayalam,802736,Chhatrapati Shivaji Maharaj International Airport,19926,Winter,Monsoon,3.22,3,58.73,83.58,21.16,18.41,354,2,Moderate,true,false,true,9,7321,156,true,3,38,2422.8,9,7,9,Eid,Vada Pav,83,false,3,48264968,false,3,5,true,97,2,false,true,October
DST1412,Place_412,Himachal Pradesh,Central,Heritage,Scenery,Delhi,Malayalam,109218,Kempegowda International Airport,27154,Winter,Winter,13.8,8,44.27,79.68,8.81,41.59,412,5,Moderate,false,false,false,49,9521,98,true,2,26.9,1550.1,3,9,10,Lohri,Dosa,35,true,8,34796275,false,4,3,true,69,1,true,false,October
DST1413,Place_413,Goa,Central,Wildlife,Culture,Mumbai,Marathi,383932,Devi Ahilya Bai Holkar Airport,26650,Summer,Summer,13.3,13,76.8,89.81,23.99,58.6,63,1,Moderate,false,true,true,49,8106,122,false,3,38.7,662.7,7,6,9,Ganesh Chaturthi,Chole Bhature,36,true,3,48266093,false,3,1,false,74,1,true,true,October
DST1414,Place_414,Himachal Pradesh,West,Beach,Wildlife,Cochin,Tamil,120501,Jaipur International Airport,47340,Monsoon,Winter,6.28,5,40.29,68.46,8.39,53.21,79,5,Easy,true,false,true,52,5258,27,true,4,35.9,1479.6,3,1,3,Ganesh Chaturthi,Momos,31,false,7,17737736,false,1,2,true,86,1,false,true,October
DST1415,Place_415,Tamil Nadu,North,Beach,Temples,Lucknow,Bengali,833349,Chennai International Airport,4205,Summer,Summer,6.52,5,62.88,61.4,27.26,27.84,253,5,Easy,true,true,true,18,2855,170,false,2,10.9,1005.1,5,3,4,Lohri,Biryani,89,false,3,34720968,true,5,4,true,63,4,false,false,March
DST1416,Place_416,Rajasthan,Central,Beach,Food,Pune,Hindi,728021,Pune Airport,37812,Summer,Monsoon,7.44,14,71.63,66.37,10.44,31.07,236,4,Moderate,true,true,false,32,1492,79,true,4,17.4,2112.9,2,1,1,Onam,Kebabs,74,true,2,48718816,false,3,2,true,34,4,true,true,March
DST1417,Place_417,Maharashtra,South,Wildlife,Scenery,Mumbai,Bengali,377354,Chhatrapati Shivaji Maharaj International Airport,31294,Monsoon,Summer,10.19,13,61.54,72.02,24.15,30.97,395,5,Moderate,true,false,false,13,2829,16,false,2,19.5,496.9,10,6,2,Navratri,Sarson da Saag,52,false,4,27891320,true,2,5,true,16,3,false,false,October
DST1418,Place_418,Goa,Central,Hill Station,Wildlife,Cochin,Marathi,228476,Raja Bhoj Airport,37201,Summer,Monsoon,4.65,9,46.31,66.29,9.52,53,468,1,Difficult,true,false,true,63,8021,10,true,4,24.7,1062.5,10,7,8,Holi,Kebabs,52,false,2,5477684,true,5,4,false,31,1,false,true,December
DST1419,Place_419,Goa,West,Urban,Scenery,Delhi,Malayalam,960657,Sardar Vallabhbhai Patel International Airport,40479,Summer,Winter,1.32,7,78.91,62.92,19.02,59.69,328,1,Easy,false,true,true,42,1470,111,true,1,31.5,119.1,3,3,9,Navratri,Biryani,74,false,3,24697150,false,5,5,false,24,4,true,true,August
DST1420,Place_420,Maharashtra,Northeast,Heritage,Culture,Goa,Malayalam,800849,Sardar Vallabhbhai Patel International Airport,8384,Monsoon,Monsoon,2.98,7,56.2,75.59,17.31,51.29,138,3,Difficult,true,true,false,97,2380,108,false,1,30.4,2465,10,10,9,Durga Puja,Sarson da Saag,20,true,6,4493534,false,3,3,true,12,1,true,true,May
DST1421,Place_421,Himachal Pradesh,South,Hill Station,Scenery,Cochin,Tamil,323989,Pune Airport,18261,Winter,Winter,7.16,12,46.74,83.69,31.47,37.91,263,2,Moderate,true,false,false,29,5855,96,true,2,39.6,1279.2,4,9,9,Pongal,Biryani,95,false,6,11842057,false,3,4,false,64,1,true,false,May
DST1422,Place_422,Goa,West,Heritage,Wildlife,Lucknow,Marathi,950153,Kempegowda International Airport,4059,Winter,Monsoon,4.95,10,67.51,86.3,27.44,14.87,315,3,Moderate,true,false,true,76,3632,89,true,1,37.7,2350.9,10,1,1,Durga Puja,Pav Bhaji,43,true,9,25085444,false,1,1,false,17,3,true,true,December
DST1423,Place_423,Assam,Northeast,Urban,Food,Kolkata,Bengali,588260,Chhatrapati Shivaji Maharaj International Airport,32734,Winter,Summer,11.7,5,40.96,73.96,37.8,57.72,153,3,Moderate,false,false,true,52,4330,68,false,5,15.6,383,6,1,8,Bihu,Chole Bhature,76,true,6,40899488,false,2,4,true,57,5,true,true,August
DST1424,Place_424,Tamil Nadu,South,Wildlife,Food,Mumbai,Marathi,535869,Goa International Airport,24391,Winter,Summer,2.49,10,56.2,76.73,37.27,53,415,2,Difficult,false,true,true,23,7878,43,true,4,35.8,662,6,7,5,Bihu,Kebabs,86,true,8,13895600,true,3,2,false,74,5,false,true,August
DST1425,Place_425,Rajasthan,East,Beach,Scenery,Lucknow,Marathi,579894,Devi Ahilya Bai Holkar Airport,16915,Winter,Monsoon,13.84,2,77.53,86.44,30.37,52.07,422,1,Easy,true,true,false,6,4293,189,false,2,35.3,2566.4,3,5,3,Navratri,Rogan Josh,67,false,3,17337227,false,1,2,false,85,1,false,false,August
DST1426,Place_426,Maharashtra,North,Beach,Temples,Bengaluru,Malayalam,272022,Jaipur International Airport,41281,Summer,Winter,13.53,12,85.64,72.34,31.97,29.59,131,4,Easy,false,false,true,10,2039,148,true,1,27.2,1826.8,3,5,6,Diwali,Vada Pav,20,true,3,37889048,false,3,4,true,92,3,false,true,December
DST1427,Place_427,Rajasthan,North,Wildlife,Scenery,Ahmedabad,Bengali,764276,Chhatrapati Shivaji Maharaj International Airport,47633,Monsoon,Winter,13.72,10,69.59,87.47,26.87,32.36,225,5,Difficult,false,true,true,34,4868,17,true,2,20.1,117.1,9,5,4,Pongal,Dosa,59,true,5,27755903,true,5,2,true,91,4,false,true,May
DST1428,Place_428,Assam,West,Hill Station,Culture,Cochin,Hindi,296983,Goa International Airport,35442,Winter,Winter,11.35,2,50.88,93.86,29.21,15.98,91,4,Easy,false,false,true,65,3765,97,false,5,16.3,2724.9,10,5,1,Pongal,Sarson da Saag,81,false,5,19801525,false,5,5,true,61,2,true,false,May
DST1429,Place_429,Goa,Northeast,Hill Station,Food,Pune,Malayalam,655737,Netaji Subhas Chandra Bose International Airport,43568,Monsoon,Monsoon,2.5,8,51,90.82,26.6,56.89,472,5,Difficult,true,true,true,6,1611,62,true,2,16.4,2952.1,2,2,3,Ganesh Chaturthi,Chole Bhature,19,true,8,36513370,true,5,1,true,86,3,true,true,October
DST1430,Place_430,Goa,North,Heritage,Food,Hyderabad,Bengali,451477,Jaipur International Airport,26793,Winter,Monsoon,7.13,7,70.19,75.88,15.91,57.16,498,2,Difficult,true,true,true,55,8102,152,false,2,20.1,2017.4,4,1,2,Eid,Sarson da Saag,88,false,4,31777960,false,5,3,true,47,1,false,false,October
DST1431,Place_431,Assam,Northeast,Wildlife,Food,Cochin,Tamil,382926,Raja Bhoj Airport,47746,Summer,Monsoon,2.84,8,60.34,80.28,17.27,22.72,117,2,Easy,true,true,false,87,7701,37,true,3,25.1,2210.7,5,5,1,Onam,Vada Pav,17,false,3,6603572,true,4,5,true,31,5,true,true,August
DST1432,Place_432,Maharashtra,Northeast,Hill Station,Temples,Bengaluru,Malayalam,585780,Indira Gandhi International Airport,32989,Winter,Monsoon,14.83,10,48.86,85.07,25.12,44.8,125,3,Easy,true,false,false,17,5071,151,false,3,27.5,487.4,8,10,10,Bihu,Vada Pav,73,false,3,10241264,true,5,3,false,66,4,false,false,March
DST1433,Place_433,Tamil Nadu,West,Wildlife,Temples,Mumbai,Tamil,906675,Rajiv Gandhi International Airport,26305,Winter,Winter,5.66,11,79.37,72.23,30.21,20.17,374,2,Difficult,true,true,false,53,9293,99,true,3,19.8,2322.1,8,9,9,Eid,Rogan Josh,39,false,6,3386111,true,2,1,true,22,3,true,false,December
DST1434,Place_434,Kerala,West,Urban,Wildlife,Cochin,Malayalam,609590,Indira Gandhi International Airport,17767,Monsoon,Winter,9.19,5,50.01,87.97,19.21,29.65,427,5,Easy,false,true,false,12,9856,195,false,3,20.7,387.1,6,8,3,Lohri,Vada Pav,45,false,8,49274837,true,5,4,false,45,5,true,false,March
DST1435,Place_435,Maharashtra,West,Beach,Scenery,Jaipur,Marathi,653667,Rajiv Gandhi International Airport,39652,Monsoon,Monsoon,11.91,13,56.08,75.29,9.99,25.12,226,4,Easy,false,false,false,13,4114,66,true,4,10.4,2680.3,2,9,1,Durga Puja,Pav Bhaji,39,true,5,45150785,true,4,2,true,63,3,false,true,January
DST1436,Place_436,Kerala,North,Beach,Scenery,Lucknow,Bengali,137780,Indira Gandhi International Airport,19196,Summer,Monsoon,13.89,10,43.07,89.64,21.08,29.48,338,4,Difficult,false,false,false,27,2590,189,true,5,10.1,1563.9,10,3,3,Bihu,Kebabs,65,false,7,30592504,false,3,4,false,56,2,true,true,May
DST1437,Place_437,Assam,West,Beach,Culture,Kolkata,Tamil,739232,Cochin International Airport,19708,Monsoon,Winter,11.58,4,75.07,68.92,38.71,25.45,418,4,Moderate,true,true,false,76,8585,46,false,2,37.2,509.4,10,2,1,Durga Puja,Rogan Josh,78,false,7,34213295,false,3,4,true,56,3,true,true,March
DST1438,Place_438,Himachal Pradesh,North,Wildlife,Food,Kolkata,Malayalam,882734,Chhatrapati Shivaji Maharaj International Airport,14383,Monsoon,Winter,10.44,11,53.76,60.4,12.49,27.26,434,4,Difficult,false,true,false,77,3368,11,false,5,10.4,357.3,1,5,1,Bihu,Rogan Josh,28,false,2,21486350,true,4,1,true,79,2,true,true,January
DST1439,Place_439,Kerala,West,Wildlife,Temples,Jaipur,Tamil,906416,Goa International Airport,6248,Monsoon,Summer,7.52,12,51.64,82.14,27.72,49.55,178,3,Easy,true,false,false,20,5508,171,true,2,11,1376.3,7,7,9,Diwali,Dosa,58,true,5,41558230,false,5,5,true,81,4,false,false,May
DST1440,Place_440,Tamil Nadu,Central,Heritage,Culture,Mumbai,Malayalam,624338,Kempegowda International Airport,37197,Summer,Monsoon,9.48,12,55.17,75.82,39.39,25,486,4,Moderate,true,false,true,20,2850,43,false,3,16.2,115.5,10,4,1,Ganesh Chaturthi,Chole Bhature,86,true,7,42551165,false,1,1,true,97,1,false,true,August
DST1441,Place_441,Himachal Pradesh,Northeast,Beach,Culture,Kolkata,Malayalam,664493,Pune Airport,27440,Summer,Summer,2.32,10,83.71,62.09,18.17,50.73,412,5,Easy,false,true,true,16,7893,67,false,4,32.3,2887.6,1,2,5,Bihu,Dosa,71,false,8,45430092,true,2,4,true,89,1,false,true,August
DST1442,Place_442,Kerala,West,Heritage,Temples,Cochin,Hindi,901594,Chennai International Airport,22230,Summer,Winter,13.37,14,65.9,77.07,36.08,38.4,461,3,Difficult,false,false,false,93,1444,82,false,2,30.4,595,3,9,5,Bihu,Momos,70,false,4,29936494,true,5,3,false,92,2,true,false,October
DST1443,Place_443,Assam,South,Beach,Scenery,Chennai,Hindi,411890,Rajiv Gandhi International Airport,30654,Monsoon,Winter,8.61,2,47.89,65.9,35.24,49.02,84,3,Difficult,true,false,false,15,2854,198,false,2,29.4,1316.6,9,6,1,Onam,Momos,34,true,8,35077843,true,4,1,true,47,4,false,false,January
DST1444,Place_444,Himachal Pradesh,Northeast,Heritage,Food,Guwahati,Hindi,768465,Chennai International Airport,17611,Monsoon,Monsoon,1.56,6,78.72,82.04,16.87,55.94,163,3,Difficult,false,false,true,86,2689,117,true,1,27.2,1859.3,6,3,9,Pongal,Biryani,87,true,2,37938422,true,5,5,false,57,3,false,true,January
DST1445,Place_445,Assam,Northeast,Heritage,Scenery,Goa,Tamil,530715,Netaji Subhas Chandra Bose International Airport,23457,Summer,Summer,13.88,11,50.42,75.58,8.45,16.92,229,2,Moderate,false,false,true,17,1716,126,false,4,16.1,2057,8,1,5,Onam,Dosa,20,true,6,12186330,false,4,1,true,76,3,true,false,January
DST1446,Place_446,Kerala,West,Urban,Culture,Indore,Marathi,529857,Netaji Subhas Chandra Bose International Airport,11256,Monsoon,Winter,7.85,6,60.62,65.99,11.25,27.19,205,3,Easy,false,true,true,39,6387,191,true,4,21.9,1737.9,9,1,2,Bihu,Idli,39,false,8,18986665,true,5,2,true,31,4,true,true,January
DST1447,Place_447,Assam,East,Heritage,Food,Kolkata,Malayalam,635916,Chennai International Airport,41971,Monsoon,Summer,13.16,2,68.4,74.42,17.8,12.78,103,5,Moderate,true,false,false,86,8701,125,false,4,24.3,617.9,7,8,7,Lohri,Pav Bhaji,80,false,5,47053328,false,1,5,true,31,2,true,false,October
DST1448,Place_448,Tamil Nadu,West,Wildlife,Wildlife,Bhopal,Bengali,273104,Cochin International Airport,41533,Winter,Summer,13,2,69.22,68.14,38.57,30.35,113,4,Difficult,true,false,true,98,5407,123,true,5,27.5,1468.2,8,4,9,Diwali,Pav Bhaji,75,false,7,10319838,true,1,2,true,71,2,false,true,December
DST1449,Place_449,Kerala,Northeast,Heritage,Culture,Goa,Hindi,558245,Goa International Airport,35290,Summer,Summer,12.42,4,43.45,82.86,14.61,21.87,187,2,Easy,false,false,false,47,5101,39,false,3,16,1035.5,4,9,4,Durga Puja,Kebabs,44,true,3,16926105,false,2,3,true,96,1,true,false,October
DST1450,Place_450,Kerala,South,Beach,Scenery,Pune,Tamil,400660,Cochin International Airport,34459,Summer,Summer,1.86,10,81.84,70.33,37.44,38.58,270,4,Difficult,false,true,false,34,3595,92,true,1,31.9,359.2,5,5,5,Holi,Sarson da Saag,52,true,7,21730389,false,2,4,true,10,1,true,false,August
DST1451,Place_451,Kerala,Northeast,Heritage,Scenery,Chennai,Tamil,449301,Netaji Subhas Chandra Bose International Airport,29281,Monsoon,Summer,4.46,8,63.97,88.77,11.35,49.17,50,1,Easy,true,false,true,64,9829,116,true,5,19.3,1223.8,7,5,9,Pongal,Rogan Josh,76,true,8,5516159,true,4,2,false,95,4,true,false,August
DST1452,Place_452,Maharashtra,South,Hill Station,Scenery,Delhi,Tamil,494692,Jaipur International Airport,2739,Monsoon,Monsoon,13.26,7,89.46,60.5,38.94,34.32,305,2,Moderate,true,true,false,71,6818,68,true,3,29.8,1865.6,9,8,2,Navratri,Chole Bhature,60,false,4,11454037,true,1,2,false,72,3,true,false,March
DST1453,Place_453,Maharashtra,North,Beach,Temples,Cochin,Bengali,219558,Chennai International Airport,2525,Winter,Monsoon,13.59,10,75.87,74.12,15.28,26.68,221,5,Moderate,true,false,true,33,3618,195,false,2,25.4,395.9,8,7,5,Pongal,Vada Pav,55,true,4,35866139,false,2,4,false,89,5,false,false,December
DST1454,Place_454,Maharashtra,Central,Hill Station,Culture,Cochin,Bengali,402944,Lokpriya Gopinath Bordoloi International Airport,17453,Summer,Summer,7.41,5,89.63,81.6,27.16,17.63,110,2,Moderate,true,true,true,29,4551,129,false,1,27.8,578.4,7,8,6,Ganesh Chaturthi,Biryani,71,true,2,27629110,true,4,3,true,51,2,true,false,January
DST1455,Place_455,Tamil Nadu,Northeast,Beach,Food,Delhi,Hindi,660076,Netaji Subhas Chandra Bose International Airport,7251,Summer,Monsoon,7.16,5,62.67,60.79,7.44,11.34,54,3,Moderate,false,true,true,70,8987,161,false,5,22.4,350.2,4,4,3,Diwali,Biryani,71,true,2,26957422,false,2,4,true,76,4,true,false,January
DST1456,Place_456,Himachal Pradesh,West,Wildlife,Scenery,Lucknow,Bengali,220754,Rajiv Gandhi International Airport,44208,Monsoon,Winter,3.45,4,47.04,67.55,15.49,43.89,11,2,Easy,true,false,true,9,1119,152,false,1,23.4,103.2,1,10,10,Bihu,Biryani,41,true,8,1084931,false,1,2,true,11,5,true,true,January
DST1457,Place_457,Assam,North,Wildlife,Scenery,Chennai,Hindi,388384,Lokpriya Gopinath Bordoloi International Airport,20507,Summer,Summer,14.56,6,76.37,71.46,12.37,11.53,433,3,Easy,true,true,true,99,6059,159,true,3,36,2815.7,1,2,9,Durga Puja,Idli,26,true,4,1527823,false,5,1,true,70,4,false,false,October
DST1458,Place_458,Goa,Central,Wildlife,Temples,Bengaluru,Bengali,604204,Kempegowda International Airport,14860,Monsoon,Monsoon,3.98,6,78.89,60.76,5.12,56.04,189,4,Moderate,false,false,true,9,1874,169,false,5,24.3,2531,5,6,10,Holi,Momos,60,true,5,23920362,false,3,2,true,70,3,true,false,December
DST1459,Place_459,Kerala,West,Hill Station,Food,Lucknow,Bengali,504138,Lokpriya Gopinath Bordoloi International Airport,22108,Winter,Monsoon,3.67,13,82.64,79.13,10.49,39.71,388,2,Moderate,false,true,true,89,3994,84,true,5,33.8,771.5,7,7,8,Onam,Pav Bhaji,37,true,3,13528982,false,1,4,true,19,5,true,true,January
DST1460,Place_460,Assam,East,Urban,Culture,Bengaluru,Bengali,606906,Cochin International Airport,28906,Monsoon,Winter,10.25,11,55.07,82.08,25.76,27.66,154,2,Easy,false,true,true,53,6984,102,false,1,21.9,1775.1,8,6,4,Durga Puja,Biryani,94,true,6,8852069,true,2,5,true,45,2,false,false,January
DST1461,Place_461,Kerala,West,Beach,Wildlife,Pune,Hindi,950630,Netaji Subhas Chandra Bose International Airport,8649,Winter,Winter,4.4,8,65.53,67.96,18.65,12.1,334,5,Difficult,true,true,false,30,4651,179,true,2,31,2424.6,7,3,5,Ganesh Chaturthi,Momos,60,false,3,35252200,false,3,5,true,66,4,true,true,August
DST1462,Place_462,Tamil Nadu,South,Wildlife,Temples,Ahmedabad,Malayalam,420883,Goa International Airport,35055,Monsoon,Winter,14.14,8,82.88,79.02,30.29,30.67,345,1,Moderate,true,false,true,75,6785,196,true,2,17,1163,4,3,8,Ganesh Chaturthi,Pav Bhaji,28,false,8,24035887,false,1,4,true,25,4,false,true,March
DST1463,Place_463,Kerala,South,Beach,Culture,Mumbai,Hindi,828962,Goa International Airport,14193,Winter,Winter,1.15,7,83.24,94.97,28.49,53.36,264,2,Easy,false,true,false,34,2320,97,true,2,37.5,2243.2,7,5,10,Navratri,Momos,66,false,8,49876003,false,2,5,false,22,1,true,false,December
DST1464,Place_464,Maharashtra,East,Hill Station,Wildlife,Cochin,Malayalam,374233,Chennai International Airport,32022,Winter,Summer,1.08,5,41.28,91.04,32.98,58.49,359,4,Moderate,true,true,true,32,5020,92,false,3,39,2619.1,6,7,10,Lohri,Chole Bhature,84,true,5,20454349,false,1,4,false,43,3,true,false,October
DST1465,Place_465,Goa,North,Urban,Scenery,Guwahati,Tamil,656888,Rajiv Gandhi International Airport,32656,Summer,Monsoon,8.07,8,73.55,62.05,35.35,14.25,103,3,Easy,true,true,false,18,3675,64,true,1,37,1546.1,8,2,1,Eid,Biryani,96,true,9,21191466,false,4,1,false,31,4,true,false,October
DST1466,Place_466,Rajasthan,Central,Hill Station,Scenery,Cochin,Tamil,277248,Chennai International Airport,42535,Monsoon,Monsoon,7.83,3,70.08,64.48,33.69,48.86,162,4,Moderate,true,false,true,22,3661,142,true,3,20.4,2675.3,9,4,8,Durga Puja,Rogan Josh,16,true,2,4381610,false,2,4,false,28,2,true,false,May
DST1467,Place_467,Kerala,West,Beach,Food,Chennai,Hindi,894599,Sardar Vallabhbhai Patel International Airport,16913,Summer,Winter,3.29,14,44.17,77.3,20.68,22.92,140,5,Moderate,false,false,false,61,6556,178,false,3,18.3,708.9,1,8,6,Durga Puja,Vada Pav,17,false,6,38764928,false,3,1,false,27,5,false,true,January
DST1468,Place_468,Assam,South,Urban,Wildlife,Jaipur,Malayalam,964784,Chhatrapati Shivaji Maharaj International Airport,16629,Summer,Monsoon,7.92,13,86.51,68.58,15.81,28.97,236,2,Difficult,false,true,false,85,8639,66,false,2,15.5,2714.2,2,3,7,Lohri,Sarson da Saag,39,true,3,4599659,false,1,5,false,57,1,false,true,January
DST1469,Place_469,Maharashtra,North,Urban,Scenery,Hyderabad,Malayalam,448109,Raja Bhoj Airport,31692,Monsoon,Monsoon,6.76,10,62.27,62.83,22.58,37.38,43,1,Difficult,true,true,false,29,1274,62,true,2,36.2,2435.9,8,7,4,Onam,Chole Bhature,16,false,3,49971535,false,2,3,true,19,5,false,false,January
DST1470,Place_470,Rajasthan,East,Hill Station,Scenery,Mumbai,Malayalam,487684,Devi Ahilya Bai Holkar Airport,5954,Summer,Monsoon,13.46,8,73.71,68.91,23.73,59.74,238,1,Difficult,true,false,false,74,4136,175,false,2,13.6,2536.2,7,10,6,Navratri,Kebabs,67,true,6,46734023,false,5,5,false,92,5,false,false,March
DST1471,Place_471,Goa,Northeast,Wildlife,Food,Pune,Tamil,855897,Chhatrapati Shivaji Maharaj International Airport,34512,Summer,Winter,1.13,3,84.14,62.14,15.96,20.44,429,2,Difficult,true,false,true,9,1068,10,true,1,29.3,113,7,3,10,Diwali,Idli,95,true,4,3067904,false,2,4,true,36,1,true,false,January
DST1472,Place_472,Rajasthan,South,Beach,Culture,Chennai,Hindi,917847,Goa International Airport,11719,Summer,Monsoon,14.67,11,46.51,78.55,23.9,16.52,96,1,Moderate,true,true,false,57,3774,69,false,1,19.9,2024.5,3,8,10,Diwali,Kebabs,36,false,6,20844180,true,1,5,false,23,4,true,true,October
DST1473,Place_473,Maharashtra,East,Heritage,Scenery,Delhi,Marathi,566869,Lokpriya Gopinath Bordoloi International Airport,28649,Monsoon,Monsoon,9.74,3,82.79,77.16,8.7,39.75,97,4,Moderate,true,false,false,89,5404,85,true,2,15.6,1261.9,7,7,4,Lohri,Kebabs,49,false,3,45152125,false,5,3,false,21,3,false,true,December
DST1474,Place_474,Himachal Pradesh,West,Heritage,Temples,Indore,Malayalam,171895,Chhatrapati Shivaji Maharaj International Airport,13402,Summer,Monsoon,3.13,14,76.22,60.22,13.09,52.65,374,3,Difficult,false,false,true,43,3194,55,false,3,15.5,1853.2,4,1,10,Ganesh Chaturthi,Biryani,45,true,6,10240269,false,3,5,false,85,3,false,true,August
DST1475,Place_475,Himachal Pradesh,Central,Hill Station,Temples,Cochin,Malayalam,966332,Indira Gandhi International Airport,38344,Summer,Summer,1.65,7,81.98,76.89,31.11,42.41,323,2,Difficult,false,false,false,61,9769,13,true,1,36.1,342.6,10,4,10,Holi,Chole Bhature,28,true,7,10557077,true,5,3,false,95,5,true,false,August
DST1476,Place_476,Rajasthan,South,Beach,Culture,Mumbai,Marathi,857861,Jaipur International Airport,10216,Summer,Summer,8.53,12,64.74,78.19,11.4,27.38,460,3,Moderate,true,true,true,88,5271,24,false,5,35.8,785.8,10,7,2,Pongal,Vada Pav,65,true,3,32149879,false,1,2,false,18,5,false,true,May
DST1477,Place_477,Tamil Nadu,South,Beach,Wildlife,Bhopal,Hindi,718618,Lokpriya Gopinath Bordoloi International Airport,32050,Monsoon,Monsoon,4.29,8,41.67,81.2,9.87,58.85,457,1,Easy,false,true,true,15,4407,90,false,3,18.2,1118.7,2,5,1,Holi,Sarson da Saag,79,true,7,13544211,true,5,4,true,44,3,true,false,March
DST1478,Place_478,Assam,West,Hill Station,Food,Cochin,Malayalam,569045,Chennai International Airport,31272,Winter,Monsoon,5.22,10,73.53,93.95,15.06,59.75,52,5,Difficult,true,true,false,73,7856,125,false,3,11,2183.4,1,3,4,Ganesh Chaturthi,Biryani,89,true,5,28794620,true,1,4,false,23,2,true,true,March
DST1479,Place_479,Assam,Northeast,Beach,Temples,Cochin,Hindi,158650,Raja Bhoj Airport,6050,Winter,Monsoon,4.43,5,58.73,94.39,17.99,48.53,108,3,Easy,true,true,true,29,6758,21,false,4,36.1,1703.5,8,2,7,Ganesh Chaturthi,Rogan Josh,33,false,8,21650491,true,5,3,false,33,2,true,false,December
DST1480,Place_480,Rajasthan,North,Wildlife,Temples,Cochin,Malayalam,568084,Jaipur International Airport,47716,Winter,Monsoon,10.1,9,60.12,78.44,16.5,50.12,256,5,Moderate,true,true,true,34,2184,10,false,1,11.7,142.4,5,9,8,Diwali,Sarson da Saag,33,false,7,5403515,false,4,1,false,76,5,true,true,January
DST1481,Place_481,Kerala,Central,Hill Station,Culture,Bengaluru,Bengali,100615,Lokpriya Gopinath Bordoloi International Airport,3438,Winter,Monsoon,8.75,11,62.06,89.58,18.11,48.04,10,4,Easy,false,false,true,6,1229,86,false,5,12.5,1070.8,10,10,3,Lohri,Kebabs,39,true,8,2908757,false,3,3,true,99,3,true,true,May
DST1482,Place_482,Kerala,South,Wildlife,Wildlife,Jaipur,Malayalam,800972,Chennai International Airport,44150,Summer,Monsoon,2.09,14,64.65,62.98,9.9,22.88,177,5,Difficult,false,false,false,88,8098,39,true,1,34.7,2825.9,4,6,3,Diwali,Momos,48,true,4,30471637,false,3,2,true,55,1,false,true,August
DST1483,Place_483,Assam,Central,Beach,Wildlife,Mumbai,Bengali,964369,Devi Ahilya Bai Holkar Airport,48431,Monsoon,Summer,8.37,3,73.1,78.59,10.79,17.51,392,3,Difficult,false,true,false,40,6729,143,true,3,34.5,621.6,9,10,5,Lohri,Rogan Josh,54,true,6,10147796,false,3,4,false,35,4,false,true,January
DST1484,Place_484,Assam,South,Hill Station,Culture,Hyderabad,Hindi,871614,Raja Bhoj Airport,47837,Summer,Winter,12.08,7,76.34,83.76,13.25,37.72,293,3,Difficult,false,false,false,41,4984,82,true,1,16.1,786.7,5,1,10,Navratri,Rogan Josh,58,true,5,8975948,false,4,4,true,55,1,false,false,March
DST1485,Place_485,Himachal Pradesh,Central,Beach,Temples,Pune,Malayalam,622915,Sardar Vallabhbhai Patel International Airport,42587,Monsoon,Monsoon,2.14,5,78.84,79.77,19.07,57.71,470,2,Difficult,false,false,false,6,4788,59,true,3,11.1,991.4,10,5,10,Diwali,Idli,44,true,5,26233644,true,3,5,false,80,2,true,false,January
DST1486,Place_486,Tamil Nadu,East,Hill Station,Food,Pune,Tamil,404080,Raja Bhoj Airport,17760,Summer,Monsoon,13.46,9,73.58,68.08,16.76,53.91,396,5,Difficult,false,false,false,51,9618,139,true,5,11.9,877.2,2,7,7,Durga Puja,Sarson da Saag,29,true,8,17131781,true,5,3,true,38,2,false,false,August
DST1487,Place_487,Maharashtra,South,Beach,Temples,Lucknow,Tamil,784732,Raja Bhoj Airport,13078,Winter,Monsoon,9.1,10,80.17,62.19,32.7,15.34,388,4,Moderate,true,false,true,95,6935,15,true,3,23.6,453,9,8,4,Eid,Kebabs,45,false,4,31112216,false,2,2,true,14,2,true,false,May
DST1488,Place_488,Kerala,Central,Wildlife,Wildlife,Cochin,Marathi,469956,Devi Ahilya Bai Holkar Airport,17473,Winter,Winter,14.31,3,46.11,73.53,23.39,12.85,24,2,Easy,true,true,true,63,9669,84,true,2,22.5,1006.7,10,5,7,Pongal,Idli,84,false,2,13503678,false,4,5,true,39,5,false,false,December
DST1489,Place_489,Assam,North,Wildlife,Temples,Goa,Tamil,430019,Netaji Subhas Chandra Bose International Airport,44815,Monsoon,Monsoon,3.07,8,81.84,82.67,25.15,53.69,125,2,Moderate,true,false,false,8,2954,99,false,3,15.5,1664.4,7,10,2,Eid,Sarson da Saag,28,true,6,3469931,true,4,1,true,21,5,false,true,December
DST1490,Place_490,Himachal Pradesh,East,Beach,Food,Guwahati,Bengali,706070,Indira Gandhi International Airport,10257,Summer,Monsoon,14.91,8,59.36,94.71,24.62,40.65,265,4,Moderate,true,true,false,95,2056,101,true,2,37.3,2058.3,9,10,1,Lohri,Momos,49,true,7,15819230,false,1,5,true,98,1,true,false,October
DST1491,Place_491,Goa,East,Hill Station,Scenery,Goa,Tamil,161700,Kempegowda International Airport,23450,Winter,Winter,10.02,9,66.44,68.28,18.96,25.22,132,2,Moderate,false,false,true,98,3640,86,false,5,26.6,1964.3,5,1,6,Pongal,Idli,98,false,9,44917592,true,4,2,false,70,1,false,false,January
DST1492,Place_492,Himachal Pradesh,North,Heritage,Temples,Pune,Tamil,108109,Chennai International Airport,26634,Monsoon,Monsoon,8.94,14,61.69,92.12,39.32,38.09,277,4,Easy,false,false,true,71,3914,175,false,5,34.2,571.8,7,2,4,Durga Puja,Idli,31,false,9,48017311,false,3,3,false,23,1,true,false,December
DST1493,Place_493,Kerala,Central,Wildlife,Culture,Lucknow,Tamil,123758,Rajiv Gandhi International Airport,47573,Summer,Winter,8.21,6,63.79,62.39,6.31,21.08,41,1,Easy,true,false,true,50,4531,85,false,3,13.1,1882.1,8,4,7,Navratri,Biryani,74,false,4,34899574,true,4,1,false,40,2,false,false,December
DST1494,Place_494,Kerala,West,Wildlife,Scenery,Pune,Malayalam,843987,Raja Bhoj Airport,29648,Monsoon,Winter,1.33,12,54.27,92.58,12.55,57.35,472,2,Moderate,false,true,false,95,1513,92,true,2,39.2,1139.1,4,10,1,Bihu,Chole Bhature,93,false,7,35635292,true,4,4,false,52,4,false,false,March
DST1495,Place_495,Himachal Pradesh,North,Heritage,Culture,Hyderabad,Marathi,995024,Goa International Airport,28176,Summer,Monsoon,14.15,14,48.5,89.13,14.96,51.36,100,3,Easy,false,true,true,40,5427,27,false,3,34.3,2483.3,8,1,1,Diwali,Dosa,32,true,8,29227311,false,5,5,true,85,4,false,true,May
DST1496,Place_496,Maharashtra,Central,Beach,Culture,Pune,Hindi,637605,Netaji Subhas Chandra Bose International Airport,49980,Summer,Summer,10.02,4,45.24,60.73,35.85,58.11,403,1,Moderate,false,false,false,69,1532,156,false,5,18.6,1151,7,4,5,Lohri,Vada Pav,33,false,4,13982050,false,5,2,true,71,3,false,true,December
DST1497,Place_497,Rajasthan,North,Hill Station,Culture,Jaipur,Marathi,300073,Pune Airport,11296,Summer,Summer,2.28,2,62.57,70.44,37.16,19.35,283,2,Moderate,false,false,false,60,4926,165,false,2,10.6,2932,3,6,1,Ganesh Chaturthi,Kebabs,48,true,3,13796747,false,4,3,true,61,3,true,true,January
DST1498,Place_498,Kerala,North,Beach,Temples,Ahmedabad,Bengali,613909,Pune Airport,22959,Monsoon,Monsoon,1.29,5,46.26,61.78,34.61,52.18,276,4,Difficult,false,false,true,80,3911,21,true,4,14.9,1883,8,6,2,Diwali,Sarson da Saag,96,true,9,8113807,true,3,5,false,76,2,true,true,March
DST1499,Place_499,Himachal Pradesh,South,Urban,Wildlife,Bhopal,Malayalam,125622,Kempegowda International Airport,15570,Monsoon,Winter,1.71,4,52.25,94.84,19.59,38.01,138,1,Easy,false,true,true,39,4268,61,true,4,22.6,1344,4,2,3,Lohri,Vada Pav,47,true,4,48397580,true,5,2,true,98,3,false,true,March
DST1500,Place_500,Assam,Central,Wildlife,Scenery,Cochin,Malayalam,608911,Rajiv Gandhi International Airport,36423,Summer,Winter,9.53,3,46.68,74.97,37.01,26.25,220,1,Difficult,true,true,false,86,2277,96,false,5,10.1,1559,2,1,1,Holi,Rogan Josh,56,true,4,21897276,false,2,1,false,54,4,true,true,May
DST1501,Place_501,Himachal Pradesh,West,Urban,Food,Delhi,Tamil,631088,Chhatrapati Shivaji Maharaj International Airport,15727,Winter,Winter,9.6,7,45.46,83.18,8.45,33.98,68,3,Moderate,false,true,false,27,1866,109,false,2,11.2,610.3,9,8,8,Diwali,Pav Bhaji,16,false,6,25443467,false,5,5,false,32,5,false,false,March
DST1502,Place_502,Tamil Nadu,South,Wildlife,Wildlife,Jaipur,Tamil,870157,Indira Gandhi International Airport,18899,Summer,Monsoon,8,8,84.12,68.2,27.84,57.22,292,2,Moderate,false,false,true,82,8929,195,false,3,13,2072.4,8,9,2,Diwali,Chole Bhature,53,false,9,9138073,false,1,5,true,14,2,false,false,March
DST1503,Place_503,Rajasthan,North,Wildlife,Temples,Goa,Bengali,659827,Lokpriya Gopinath Bordoloi International Airport,36785,Monsoon,Summer,5.29,11,73.7,92.68,37.8,44.57,176,2,Moderate,true,false,true,48,6714,31,false,5,34.3,2892.9,4,9,2,Durga Puja,Kebabs,82,true,4,32722998,true,1,3,false,67,5,true,false,August
DST1504,Place_504,Goa,Northeast,Urban,Culture,Pune,Malayalam,333259,Jaipur International Airport,47910,Summer,Winter,8.44,8,86.19,69.6,31.42,28,372,4,Difficult,true,true,false,5,7538,111,true,5,26.4,1593.4,3,7,8,Diwali,Biryani,50,false,7,9793486,false,4,2,false,49,3,true,true,October
DST1505,Place_505,Maharashtra,North,Urban,Food,Guwahati,Hindi,757960,Devi Ahilya Bai Holkar Airport,41111,Monsoon,Winter,8.23,13,72.2,69.11,14.73,59.99,196,1,Difficult,true,true,true,95,6800,182,false,1,15.7,2977.8,3,4,7,Eid,Rogan Josh,51,false,4,30844399,false,4,2,false,21,5,false,true,May
DST1506,Place_506,Goa,North,Beach,Scenery,Chennai,Marathi,709451,Cochin International Airport,13339,Summer,Monsoon,1.27,9,82.2,71.01,30.11,27.29,32,3,Moderate,true,true,false,92,6143,71,false,3,17.9,536.3,6,2,3,Holi,Sarson da Saag,83,false,2,38200939,false,3,4,false,26,1,true,false,August
DST1507,Place_507,Rajasthan,Central,Urban,Wildlife,Indore,Malayalam,346765,Chaudhary Charan Singh International Airport,35341,Summer,Summer,4.95,14,67.76,76.19,15.32,50.69,300,4,Difficult,true,false,true,70,3156,51,false,3,29.3,1949.3,2,7,5,Lohri,Vada Pav,88,true,9,3537583,false,2,4,false,24,2,true,true,October
DST1508,Place_508,Rajasthan,Central,Beach,Wildlife,Cochin,Hindi,784729,Chaudhary Charan Singh International Airport,6597,Winter,Summer,1.74,3,63.13,60.65,8.91,49.22,227,4,Moderate,true,false,true,16,7940,76,true,4,19.6,2066,3,6,3,Navratri,Idli,57,true,5,42302283,true,3,2,true,52,2,true,false,December
DST1509,Place_509,Rajasthan,South,Beach,Food,Bengaluru,Hindi,852341,Indira Gandhi International Airport,28112,Winter,Monsoon,13.6,12,66.42,80.92,30.1,46.15,135,3,Moderate,true,false,false,17,3049,146,false,1,30.5,1004,1,7,5,Durga Puja,Rogan Josh,81,true,6,30263163,false,3,5,true,76,3,true,true,January
DST1510,Place_510,Goa,West,Beach,Temples,Ahmedabad,Marathi,378833,Cochin International Airport,37694,Monsoon,Summer,11.15,13,56.01,61.11,11.27,43.47,371,2,Difficult,true,true,true,31,3813,152,true,3,33.3,1119.5,10,1,9,Lohri,Biryani,31,false,2,49173989,false,1,1,true,84,4,true,false,August
DST1511,Place_511,Assam,South,Wildlife,Scenery,Bhopal,Hindi,967891,Netaji Subhas Chandra Bose International Airport,11244,Summer,Monsoon,14.95,11,72.9,78.87,8.89,15.43,133,3,Easy,true,true,true,24,2134,167,true,3,19.2,2841.9,5,4,3,Lohri,Rogan Josh,72,false,7,25927935,true,2,4,false,23,5,false,false,December
DST1512,Place_512,Rajasthan,East,Wildlife,Food,Bhopal,Bengali,138469,Raja Bhoj Airport,4796,Monsoon,Winter,5.23,14,84.86,76.03,24.31,59.75,398,2,Moderate,false,false,false,10,8753,163,false,4,21,1874.6,3,1,3,Eid,Biryani,93,false,6,12101690,true,2,4,true,68,5,false,true,December
DST1513,Place_513,Himachal Pradesh,North,Urban,Culture,Indore,Hindi,589155,Sardar Vallabhbhai Patel International Airport,42591,Summer,Monsoon,13.3,7,79.12,68.49,26.72,18.05,142,5,Moderate,false,false,false,12,7219,103,false,1,11.5,2366.4,7,7,1,Onam,Idli,66,false,8,26646429,true,5,1,false,90,5,false,false,December
DST1514,Place_514,Goa,Northeast,Wildlife,Scenery,Delhi,Bengali,756318,Netaji Subhas Chandra Bose International Airport,11053,Summer,Winter,9.44,14,63.1,71.54,6.79,39.81,244,1,Difficult,true,false,true,25,2976,131,true,1,34.6,2205.4,9,6,5,Diwali,Dosa,91,false,9,25825870,false,4,3,false,44,5,false,false,October
DST1515,Place_515,Rajasthan,North,Urban,Wildlife,Guwahati,Hindi,354905,Pune Airport,29528,Summer,Monsoon,7.34,7,87.7,84.7,5.16,22.46,495,3,Difficult,true,false,false,25,4013,104,false,2,28.2,1871.8,5,10,3,Onam,Dosa,65,false,5,19958115,true,4,5,false,39,3,true,false,March
DST1516,Place_516,Himachal Pradesh,North,Wildlife,Food,Bengaluru,Tamil,875318,Jaipur International Airport,19648,Winter,Winter,4.12,11,89.27,60.34,35.87,18.44,136,4,Difficult,true,false,true,49,5983,136,false,5,36.6,238.8,2,8,3,Diwali,Sarson da Saag,43,false,8,2940036,true,1,4,false,78,5,true,true,December
DST1517,Place_517,Assam,South,Hill Station,Wildlife,Cochin,Hindi,946444,Pune Airport,19431,Monsoon,Winter,11.34,13,64.66,71.08,9.03,37.97,60,2,Moderate,false,false,false,74,7494,31,true,2,15.7,2021.8,2,2,4,Eid,Momos,32,false,4,23496707,false,1,3,true,22,1,false,false,December
DST1518,Place_518,Tamil Nadu,Northeast,Hill Station,Wildlife,Jaipur,Bengali,824434,Chennai International Airport,1535,Summer,Monsoon,13.66,2,83.23,83.81,25.44,51.82,55,1,Easy,true,true,false,48,6920,63,true,1,38.8,1100.2,4,8,2,Onam,Rogan Josh,37,true,4,19291801,true,5,2,true,30,5,true,false,May
DST1519,Place_519,Assam,Northeast,Urban,Wildlife,Hyderabad,Hindi,160021,Pune Airport,49469,Summer,Winter,4.29,3,40.24,65.33,38.37,28.85,132,1,Easy,false,true,false,63,3369,134,true,4,31.2,1460.2,10,8,2,Pongal,Sarson da Saag,50,false,7,5527274,true,5,4,false,99,1,true,true,August
DST1520,Place_520,Rajasthan,Northeast,Wildlife,Temples,Hyderabad,Hindi,582156,Chaudhary Charan Singh International Airport,41652,Monsoon,Summer,3.46,14,43.33,79.61,22.92,13.86,381,3,Easy,false,true,true,34,1206,67,true,2,15.9,2569.2,9,2,8,Ganesh Chaturthi,Pav Bhaji,19,false,3,8694925,true,3,1,true,47,5,false,false,January
DST1521,Place_521,Goa,South,Wildlife,Wildlife,Bengaluru,Hindi,281854,Devi Ahilya Bai Holkar Airport,45493,Monsoon,Monsoon,10.75,10,41.12,65.91,9.89,41.19,409,4,Moderate,false,true,true,14,5160,190,false,4,23.9,2909.3,2,7,3,Lohri,Momos,61,false,8,33933210,true,4,2,false,65,4,true,true,August
DST1522,Place_522,Kerala,North,Beach,Culture,Chennai,Bengali,568735,Devi Ahilya Bai Holkar Airport,7881,Summer,Summer,14.68,9,78.66,65.42,18.77,48.32,470,3,Difficult,false,false,true,79,7559,108,false,1,31,2113.4,5,3,4,Ganesh Chaturthi,Chole Bhature,65,true,9,2067127,false,5,2,true,79,5,false,false,March
DST1523,Place_523,Rajasthan,South,Heritage,Culture,Bengaluru,Hindi,331979,Chaudhary Charan Singh International Airport,46785,Winter,Winter,11.5,13,43.99,87.03,26.84,24.8,207,4,Easy,true,true,false,5,2022,28,false,4,10.5,772.7,7,5,2,Ganesh Chaturthi,Sarson da Saag,32,false,5,36607717,true,2,5,false,77,2,false,false,May
DST1524,Place_524,Kerala,Central,Urban,Scenery,Jaipur,Marathi,648930,Jaipur International Airport,20481,Winter,Winter,4.98,14,40.85,69.33,31.7,44.53,125,5,Easy,true,true,false,14,8765,171,true,2,33.4,1021.3,10,8,5,Navratri,Chole Bhature,19,false,4,30749529,false,3,3,false,91,5,true,false,August
DST1525,Place_525,Himachal Pradesh,Central,Heritage,Wildlife,Indore,Marathi,441147,Raja Bhoj Airport,43235,Summer,Winter,6.88,5,47.37,73.15,26.24,13.79,122,3,Easy,true,true,true,29,3524,151,false,1,38.4,500.5,4,1,9,Holi,Sarson da Saag,74,true,9,2554025,true,3,5,false,33,4,true,false,August
DST1526,Place_526,Tamil Nadu,South,Heritage,Wildlife,Bengaluru,Bengali,748002,Pune Airport,36841,Winter,Monsoon,6.38,7,55.31,85.55,6.2,28.07,440,2,Moderate,true,false,true,84,9561,31,true,1,12.4,1784,7,1,9,Pongal,Biryani,38,true,6,33003286,true,4,2,false,82,5,true,true,March
DST1527,Place_527,Maharashtra,Northeast,Urban,Food,Delhi,Tamil,624493,Indira Gandhi International Airport,49731,Monsoon,Winter,12.93,3,63.24,66.28,10.01,33.71,230,3,Difficult,true,true,false,87,5527,150,false,2,36.9,2796.8,7,10,8,Onam,Biryani,55,false,7,23979057,true,4,5,false,36,4,true,false,December
DST1528,Place_528,Assam,North,Wildlife,Temples,Cochin,Marathi,979377,Indira Gandhi International Airport,2025,Winter,Summer,11.8,13,43.27,78.61,18.01,49.1,34,3,Difficult,false,true,true,78,5388,132,true,5,23.9,2451.7,2,8,9,Diwali,Biryani,50,false,8,22179708,true,4,1,false,17,1,true,true,May
DST1529,Place_529,Tamil Nadu,South,Urban,Scenery,Chennai,Malayalam,112442,Cochin International Airport,31869,Monsoon,Summer,9.25,6,64.95,92.12,29.7,26.91,265,5,Difficult,false,false,true,18,7380,65,true,2,25.5,1676.6,2,6,9,Bihu,Kebabs,78,false,6,8830337,false,1,4,true,99,3,true,false,March
DST1530,Place_530,Rajasthan,South,Heritage,Wildlife,Kolkata,Marathi,978258,Kempegowda International Airport,35819,Monsoon,Monsoon,4.85,3,52.4,79.38,25.45,32.68,90,5,Difficult,true,false,true,7,7788,51,true,2,35.2,2830.1,2,3,9,Pongal,Dosa,53,true,3,4922421,true,4,1,true,86,3,true,false,March
DST1531,Place_531,Kerala,South,Wildlife,Food,Mumbai,Malayalam,847004,Sardar Vallabhbhai Patel International Airport,31192,Monsoon,Summer,14.13,14,53.72,61.71,6.56,41.42,463,3,Easy,false,false,false,72,2841,75,false,3,27.7,2700.6,9,8,10,Eid,Vada Pav,38,false,4,22697740,false,1,2,true,73,1,true,false,October
DST1532,Place_532,Assam,East,Hill Station,Temples,Bhopal,Bengali,138909,Jaipur International Airport,4621,Monsoon,Monsoon,10.15,6,81.1,80.64,32.89,41.2,20,4,Difficult,false,true,true,44,6845,179,true,1,20.5,1147.1,1,8,2,Eid,Pav Bhaji,59,false,6,3871012,true,5,5,false,66,5,false,false,October
DST1533,Place_533,Kerala,Central,Urban,Scenery,Cochin,Tamil,381648,Pune Airport,31566,Winter,Monsoon,14.59,8,89.35,63.16,26.18,35.89,139,5,Easy,true,true,false,37,9516,43,true,3,32,1694.4,6,9,3,Lohri,Biryani,29,false,7,13160803,true,2,3,true,14,2,true,false,October
DST1534,Place_534,Goa,Northeast,Urban,Scenery,Goa,Malayalam,557486,Jaipur International Airport,21947,Monsoon,Winter,9.12,8,63.19,69.87,36.05,26.42,264,5,Moderate,false,false,true,88,9036,38,true,3,14.1,958.3,7,10,4,Diwali,Idli,72,false,5,49074690,false,2,3,true,28,2,true,false,October
DST1535,Place_535,Kerala,West,Wildlife,Wildlife,Kolkata,Malayalam,195698,Netaji Subhas Chandra Bose International Airport,15405,Summer,Summer,12.5,10,56.09,89.74,19.62,43.5,399,4,Moderate,false,true,true,83,7565,163,false,3,30,125.4,9,10,1,Pongal,Idli,17,true,7,28380547,false,3,2,true,61,4,true,false,August
DST1536,Place_536,Goa,Northeast,Hill Station,Scenery,Lucknow,Marathi,860392,Chhatrapati Shivaji Maharaj International Airport,5403,Monsoon,Summer,12.38,4,86.57,60.39,22.16,51.86,456,1,Moderate,true,true,false,11,5525,160,true,4,33.2,1408.4,3,6,6,Durga Puja,Chole Bhature,98,false,3,49385950,true,3,4,false,87,5,false,false,August
DST1537,Place_537,Himachal Pradesh,West,Hill Station,Food,Bengaluru,Malayalam,804690,Raja Bhoj Airport,37091,Summer,Summer,5.72,13,65.02,62.7,19.19,17.69,119,5,Difficult,false,true,false,7,5449,45,false,2,20,2275.3,9,7,2,Onam,Vada Pav,74,true,4,11897192,true,3,5,true,54,4,false,false,December
DST1538,Place_538,Assam,East,Wildlife,Scenery,Hyderabad,Bengali,187087,Cochin International Airport,23525,Monsoon,Winter,14.5,5,76.52,72.72,30.29,27.02,220,5,Difficult,true,true,false,95,5388,127,true,3,39.1,1939.1,7,6,4,Onam,Dosa,53,true,7,10775771,true,2,1,true,46,5,false,true,December
DST1539,Place_539,Assam,South,Beach,Culture,Kolkata,Bengali,309991,Rajiv Gandhi International Airport,6017,Monsoon,Monsoon,1.31,10,60.69,94.98,31.32,43.44,437,4,Easy,false,false,true,41,3842,18,true,4,29.2,2787.8,5,3,5,Bihu,Sarson da Saag,25,true,8,23376138,false,3,1,true,24,5,true,true,March
DST1540,Place_540,Maharashtra,East,Urban,Food,Pune,Bengali,837392,Lokpriya Gopinath Bordoloi International Airport,40203,Winter,Summer,11.76,9,50.13,70.22,30.31,47.79,382,4,Difficult,false,true,true,97,6532,94,false,4,12.9,2088.7,5,9,4,Onam,Momos,78,false,9,2361838,true,1,3,false,67,5,false,true,May
DST1541,Place_541,Rajasthan,East,Urban,Temples,Indore,Marathi,141716,Netaji Subhas Chandra Bose International Airport,49260,Monsoon,Summer,14.52,13,72.74,65.5,15.21,49.07,22,3,Moderate,true,false,true,30,5476,51,false,1,39,509.6,7,1,6,Lohri,Vada Pav,59,true,4,48711671,true,3,1,false,36,2,true,false,October
DST1542,Place_542,Goa,North,Heritage,Temples,Jaipur,Tamil,305696,Devi Ahilya Bai Holkar Airport,46938,Monsoon,Summer,5.74,8,73.24,79.23,27.26,42.66,38,3,Difficult,false,true,true,95,6319,76,true,2,32.3,873.8,10,5,10,Durga Puja,Sarson da Saag,22,true,3,6563114,true,5,4,false,90,4,false,true,March
DST1543,Place_543,Maharashtra,Central,Wildlife,Wildlife,Kolkata,Marathi,278054,Cochin International Airport,20729,Winter,Summer,10.07,9,63.01,78.17,16.85,33.91,234,1,Easy,false,false,true,29,1224,16,false,5,30.9,463.5,6,6,10,Navratri,Kebabs,74,true,8,25398799,false,3,2,false,17,1,false,false,December
DST1544,Place_544,Kerala,West,Heritage,Wildlife,Ahmedabad,Bengali,258516,Netaji Subhas Chandra Bose International Airport,29430,Winter,Winter,8.87,10,53.5,75.74,34.2,42.29,240,1,Moderate,true,true,true,44,5766,32,false,2,17.6,2404.7,8,6,6,Holi,Dosa,81,false,9,16712997,false,1,5,false,57,1,true,false,May
DST1545,Place_545,Kerala,South,Heritage,Culture,Indore,Marathi,797105,Devi Ahilya Bai Holkar Airport,39584,Summer,Monsoon,11.66,13,81.59,93.13,6.93,16.75,127,1,Moderate,false,true,false,47,6413,169,true,4,24.2,2857,10,1,9,Holi,Chole Bhature,10,false,8,5631836,false,2,1,false,35,3,true,false,March
DST1546,Place_546,Maharashtra,West,Hill Station,Temples,Bhopal,Bengali,134571,Pune Airport,38372,Winter,Summer,13.13,5,53.77,69.81,6.32,20.39,471,2,Easy,false,true,false,98,9798,32,false,2,37,756.2,10,8,9,Diwali,Sarson da Saag,29,false,2,28993102,false,2,2,false,87,2,false,true,October
DST1547,Place_547,Assam,Northeast,Urban,Temples,Chennai,Hindi,323023,Devi Ahilya Bai Holkar Airport,37192,Summer,Summer,9.44,6,72.95,70.27,8.56,56.38,21,4,Moderate,true,false,true,48,9633,25,true,1,19.2,2320,9,1,1,Bihu,Rogan Josh,34,true,7,25243540,true,2,5,true,18,1,true,false,October
DST1548,Place_548,Kerala,West,Heritage,Temples,Bhopal,Hindi,979712,Chhatrapati Shivaji Maharaj International Airport,15628,Monsoon,Monsoon,12.42,10,59.2,64.91,12.08,56.11,54,5,Easy,true,true,false,88,3655,78,false,2,22.7,1367.3,6,3,10,Bihu,Rogan Josh,38,true,6,34706125,false,1,2,false,85,1,false,true,August
DST1549,Place_549,Himachal Pradesh,Northeast,Hill Station,Temples,Cochin,Malayalam,839578,Lokpriya Gopinath Bordoloi International Airport,45629,Summer,Winter,5.37,8,63.62,84.41,6.32,46.19,414,4,Easy,false,false,false,75,6401,22,false,4,17.7,1130.1,3,8,8,Bihu,Chole Bhature,76,true,6,17669327,true,2,1,false,24,4,false,false,January
DST1550,Place_550,Himachal Pradesh,Central,Wildlife,Scenery,Indore,Tamil,669326,Goa International Airport,13501,Winter,Winter,4.2,5,50.57,71.25,7.51,26.35,329,4,Difficult,false,true,true,33,3977,19,false,4,16.5,2962,9,8,5,Diwali,Idli,27,false,3,3929114,false,4,2,false,95,3,true,false,January
DST1551,Place_551,Maharashtra,Northeast,Heritage,Food,Jaipur,Hindi,697083,Indira Gandhi International Airport,31131,Monsoon,Winter,7.03,7,72.47,88.1,15.71,42.44,46,1,Moderate,true,true,false,94,1800,68,false,3,11.3,1103.1,2,1,1,Onam,Idli,91,false,4,35199543,false,3,4,false,21,4,true,true,October
DST1552,Place_552,Goa,West,Urban,Food,Hyderabad,Bengali,931600,Indira Gandhi International Airport,24566,Summer,Winter,10.49,12,51.29,94.01,8.49,44.39,233,4,Difficult,false,true,true,95,3512,11,false,4,32.1,2017,5,1,5,Diwali,Rogan Josh,97,true,9,24527707,true,1,3,false,98,2,true,true,March
DST1553,Place_553,Goa,West,Heritage,Culture,Lucknow,Marathi,833442,Lokpriya Gopinath Bordoloi International Airport,24824,Summer,Summer,3.62,2,64.29,61.53,33.07,35.76,26,2,Difficult,true,false,false,61,1992,189,false,1,12.7,2167.1,10,8,6,Holi,Vada Pav,66,false,2,5093321,false,3,5,false,42,4,false,false,August
DST1554,Place_554,Maharashtra,Northeast,Wildlife,Scenery,Goa,Marathi,167690,Netaji Subhas Chandra Bose International Airport,3812,Summer,Monsoon,10.52,2,56.42,94.76,6.89,47.43,383,5,Easy,false,false,true,13,7256,138,true,4,25.9,2341.8,4,2,7,Navratri,Dosa,62,true,5,37148910,false,5,5,false,13,5,true,false,May
DST1555,Place_555,Goa,East,Heritage,Temples,Kolkata,Malayalam,635518,Raja Bhoj Airport,33812,Monsoon,Monsoon,6.52,10,88.18,68.89,36.78,11.48,481,1,Easy,true,false,false,26,8484,63,true,2,11.5,2599.8,2,5,3,Navratri,Pav Bhaji,79,true,8,47736776,false,3,4,false,14,4,true,false,March
DST1556,Place_556,Assam,Central,Urban,Temples,Chennai,Marathi,969733,Raja Bhoj Airport,28326,Summer,Monsoon,12.14,9,89.11,74.7,35.48,22.81,47,3,Difficult,true,true,false,80,3025,28,false,5,39.5,1741.9,6,8,9,Diwali,Kebabs,71,false,4,24535373,true,1,2,true,25,2,false,true,March
DST1557,Place_557,Assam,North,Hill Station,Wildlife,Mumbai,Hindi,236974,Goa International Airport,10402,Summer,Winter,1.52,14,77.67,87.22,12.29,49.72,166,5,Easy,true,true,true,74,2774,106,false,4,31.3,1852.8,10,5,3,Diwali,Momos,61,true,6,18053119,true,4,5,true,62,3,true,true,January
DST1558,Place_558,Goa,South,Urban,Wildlife,Chennai,Marathi,953190,Sardar Vallabhbhai Patel International Airport,27325,Winter,Winter,10.35,2,89.2,83.29,7.5,56.94,471,3,Moderate,true,true,true,10,5777,37,false,1,28.9,2162.3,7,7,1,Durga Puja,Vada Pav,87,false,9,4599442,false,4,3,true,54,4,true,false,August
DST1559,Place_559,Himachal Pradesh,West,Hill Station,Culture,Guwahati,Hindi,127050,Indira Gandhi International Airport,42553,Summer,Monsoon,10.1,14,45.68,87.25,8.69,53.8,404,3,Moderate,false,false,false,31,4256,142,false,1,15.6,531.8,2,6,3,Lohri,Sarson da Saag,35,true,8,24383096,false,2,1,false,77,1,true,false,October
DST1560,Place_560,Goa,South,Beach,Temples,Chennai,Hindi,461949,Chennai International Airport,27000,Monsoon,Summer,14.17,12,89.62,76.32,24.57,45.82,270,4,Difficult,false,false,true,87,3182,85,false,1,25.8,680.1,3,5,7,Bihu,Vada Pav,80,false,3,2940044,false,4,5,true,28,2,true,false,October
DST1561,Place_561,Assam,North,Urban,Culture,Bhopal,Tamil,305658,Netaji Subhas Chandra Bose International Airport,25259,Winter,Winter,10.99,3,45.18,92.06,26.03,18.27,80,5,Moderate,true,true,false,56,5152,167,true,1,25.1,2316.5,5,3,10,Durga Puja,Sarson da Saag,20,true,2,34259698,true,5,4,true,22,1,true,true,October
DST1562,Place_562,Tamil Nadu,South,Urban,Scenery,Jaipur,Malayalam,607728,Rajiv Gandhi International Airport,48349,Monsoon,Summer,12.15,14,60.77,87.65,16.05,28.44,117,2,Difficult,true,true,true,74,9981,28,false,2,20.8,491.4,9,6,1,Navratri,Dosa,30,true,8,25124260,false,5,4,true,12,4,false,false,December
DST1563,Place_563,Rajasthan,North,Wildlife,Food,Mumbai,Bengali,955542,Chhatrapati Shivaji Maharaj International Airport,2926,Winter,Monsoon,13.66,5,51.95,70.82,15.39,12.51,44,4,Moderate,true,false,false,53,6002,113,true,3,14.7,2096.6,7,9,4,Navratri,Pav Bhaji,78,false,6,18085222,false,3,3,false,14,3,true,false,March
DST1564,Place_564,Kerala,Northeast,Heritage,Temples,Indore,Hindi,988465,Kempegowda International Airport,1856,Winter,Winter,10.45,2,87.69,93.2,23.6,41.99,274,3,Easy,false,false,false,85,7048,51,true,5,21,194,3,7,7,Bihu,Rogan Josh,40,false,6,1812851,true,5,4,false,24,3,true,true,May
DST1565,Place_565,Tamil Nadu,East,Hill Station,Scenery,Chennai,Malayalam,176693,Raja Bhoj Airport,6988,Summer,Summer,5.06,3,71.79,93.64,15.7,32.49,180,5,Moderate,true,true,true,97,1693,162,false,3,28.3,1078.9,10,10,3,Diwali,Dosa,54,true,7,33520510,false,1,2,false,42,4,true,true,March
DST1566,Place_566,Goa,West,Hill Station,Temples,Indore,Bengali,643863,Chaudhary Charan Singh International Airport,9743,Monsoon,Winter,13.18,6,69.86,74.53,37.7,38.65,472,4,Easy,false,false,true,27,8940,44,true,3,24.6,2020.5,4,1,7,Navratri,Pav Bhaji,73,false,4,15917446,false,2,5,false,93,2,true,false,October
DST1567,Place_567,Himachal Pradesh,North,Wildlife,Wildlife,Ahmedabad,Marathi,814300,Jaipur International Airport,5138,Summer,Monsoon,11.47,9,89.87,82.82,18.39,58.97,310,5,Difficult,false,false,false,85,8181,18,true,3,27.1,2149.5,7,5,4,Pongal,Vada Pav,36,true,3,1423963,true,5,5,true,50,5,true,false,May
DST1568,Place_568,Maharashtra,South,Wildlife,Culture,Goa,Malayalam,402388,Lokpriya Gopinath Bordoloi International Airport,44848,Winter,Monsoon,6.94,7,70.62,88.52,12.69,30.11,231,1,Moderate,true,false,true,25,3946,48,true,2,27.2,1927.3,1,7,7,Ganesh Chaturthi,Dosa,43,false,2,35160653,true,2,5,true,43,4,false,true,January
DST1569,Place_569,Goa,West,Heritage,Wildlife,Kolkata,Malayalam,576697,Netaji Subhas Chandra Bose International Airport,17082,Summer,Monsoon,10.95,7,72.31,88.61,10.11,25.34,85,2,Easy,false,false,false,78,2023,193,true,5,17.3,1380.5,4,7,9,Ganesh Chaturthi,Sarson da Saag,59,true,4,30394596,false,2,2,true,26,4,false,true,January
DST1570,Place_570,Himachal Pradesh,East,Heritage,Food,Kolkata,Malayalam,377106,Indira Gandhi International Airport,48638,Winter,Summer,13.15,5,42.24,60.49,27.11,17.53,104,2,Easy,false,false,true,12,9218,47,false,4,13.3,838.5,1,7,10,Holi,Kebabs,78,false,5,19433647,false,3,2,false,50,3,true,false,May
DST1571,Place_571,Rajasthan,Northeast,Urban,Wildlife,Cochin,Marathi,331898,Jaipur International Airport,34374,Winter,Winter,14.66,3,82.95,82.02,16.43,17.18,242,2,Difficult,true,true,true,58,1771,24,false,4,25.7,1878.6,5,6,5,Bihu,Rogan Josh,35,true,6,47789299,false,1,5,true,67,4,false,false,August
DST1572,Place_572,Goa,West,Beach,Temples,Ahmedabad,Marathi,880839,Rajiv Gandhi International Airport,9863,Monsoon,Winter,14.33,4,88.5,94.08,11.61,35.93,176,3,Difficult,false,true,true,18,6503,118,true,5,36.8,636.4,2,2,3,Onam,Pav Bhaji,57,true,4,36870229,true,3,5,false,16,4,false,true,December
DST1573,Place_573,Assam,North,Heritage,Wildlife,Kolkata,Malayalam,462839,Goa International Airport,38790,Monsoon,Winter,5.55,14,88.02,68.1,14.65,47.46,233,3,Moderate,true,false,true,35,9130,183,false,5,39.9,274.8,9,2,1,Lohri,Idli,61,true,7,2091806,false,5,4,true,53,3,false,false,January
DST1574,Place_574,Maharashtra,East,Wildlife,Temples,Chennai,Tamil,872723,Lokpriya Gopinath Bordoloi International Airport,30807,Monsoon,Monsoon,6.9,7,51.06,87.85,15.78,38.22,77,2,Moderate,false,true,false,55,7463,174,false,1,33.6,156.8,3,10,3,Bihu,Sarson da Saag,93,true,6,23392064,false,5,1,false,46,3,false,true,March
DST1575,Place_575,Himachal Pradesh,South,Heritage,Food,Lucknow,Hindi,347943,Pune Airport,23118,Monsoon,Summer,2.53,7,51.3,78.7,26.9,53.66,125,5,Moderate,true,false,true,66,5314,99,true,3,16.6,876.4,5,6,4,Lohri,Momos,87,true,4,38184203,false,2,2,false,53,2,true,true,October
DST1576,Place_576,Himachal Pradesh,East,Hill Station,Wildlife,Chennai,Marathi,190388,Chaudhary Charan Singh International Airport,6149,Summer,Monsoon,4.47,6,58.3,67.75,11.11,25.79,188,1,Easy,false,true,false,22,4803,134,false,1,28.9,186.9,8,1,2,Pongal,Biryani,14,true,3,45884951,false,4,4,false,46,1,true,true,January
DST1577,Place_577,Himachal Pradesh,East,Beach,Culture,Jaipur,Tamil,851580,Sardar Vallabhbhai Patel International Airport,39079,Monsoon,Monsoon,13.35,7,55.51,61.79,30.65,39.75,59,3,Difficult,false,true,false,51,2877,69,false,2,17.2,822.7,8,6,4,Ganesh Chaturthi,Pav Bhaji,21,true,9,2023197,true,2,5,true,24,4,true,false,May
DST1578,Place_578,Rajasthan,Central,Urban,Culture,Bhopal,Marathi,177332,Cochin International Airport,3484,Monsoon,Summer,6.05,12,55.28,86.6,15.67,43.06,219,4,Moderate,false,true,false,98,2193,71,true,2,27.3,939.3,9,5,5,Diwali,Kebabs,22,false,7,2406005,true,1,5,true,12,5,false,false,January
DST1579,Place_579,Goa,East,Hill Station,Culture,Pune,Malayalam,808854,Goa International Airport,26191,Monsoon,Monsoon,9.69,7,70.26,71.08,22.09,24.03,75,4,Moderate,true,false,true,86,2615,40,false,5,24.4,1100.3,3,1,8,Lohri,Idli,25,true,2,2536111,false,4,5,false,75,5,true,false,May
DST1580,Place_580,Rajasthan,East,Hill Station,Wildlife,Bhopal,Tamil,407181,Kempegowda International Airport,48780,Winter,Monsoon,10.32,14,80.28,73.15,27.92,29.82,90,3,Easy,false,true,false,56,3466,39,false,2,21.4,2169.1,3,5,5,Ganesh Chaturthi,Biryani,60,true,3,41539220,false,4,1,true,69,4,true,false,December
DST1581,Place_581,Kerala,West,Beach,Wildlife,Cochin,Bengali,212666,Devi Ahilya Bai Holkar Airport,49601,Winter,Winter,11.95,2,86.84,76.98,24.03,39.55,115,2,Moderate,false,true,false,93,4187,75,false,5,29.2,1379.8,4,4,2,Navratri,Idli,63,true,8,10111287,true,4,2,false,72,4,false,true,May
DST1582,Place_582,Kerala,South,Urban,Wildlife,Indore,Hindi,751336,Pune Airport,44809,Monsoon,Summer,3.56,7,43.39,77.75,28.18,11.05,279,5,Easy,false,false,true,41,7749,16,true,4,35.7,2957.4,6,9,1,Diwali,Kebabs,77,false,6,13266563,true,5,5,true,93,3,false,false,August
DST1583,Place_583,Goa,West,Wildlife,Temples,Lucknow,Hindi,886360,Rajiv Gandhi International Airport,21791,Winter,Summer,5.27,6,53.9,67.22,16.29,54.33,469,1,Easy,true,true,true,93,2998,167,false,3,20.1,2847.3,7,1,9,Navratri,Rogan Josh,22,true,6,41292478,false,1,4,true,26,2,false,false,December
DST1584,Place_584,Assam,West,Urban,Food,Bhopal,Marathi,445184,Indira Gandhi International Airport,4807,Winter,Winter,7.28,9,52.75,83.47,38.72,15.55,166,4,Difficult,true,true,false,34,6406,170,false,2,24.6,2946.5,1,10,4,Durga Puja,Idli,27,false,4,22260244,true,5,3,true,90,2,false,false,January
DST1585,Place_585,Rajasthan,North,Heritage,Culture,Hyderabad,Hindi,735552,Goa International Airport,27648,Summer,Summer,6.11,10,57.87,84.24,21.06,12.38,125,3,Easy,true,false,true,34,8774,121,false,1,23.7,1295.5,2,3,9,Eid,Kebabs,85,false,7,42890438,false,2,3,false,83,3,true,false,October
DST1586,Place_586,Maharashtra,West,Hill Station,Temples,Hyderabad,Bengali,785401,Chennai International Airport,32090,Winter,Winter,14.76,7,61.22,64.98,16.27,20.75,444,5,Difficult,false,true,false,79,3508,112,false,2,17.5,228.2,3,2,9,Bihu,Vada Pav,28,true,4,18327169,true,2,1,false,96,5,true,true,January
DST1587,Place_587,Himachal Pradesh,Central,Heritage,Culture,Lucknow,Tamil,897147,Chhatrapati Shivaji Maharaj International Airport,26100,Summer,Monsoon,12.69,14,59.46,78.65,15.37,35.12,232,2,Easy,false,false,false,52,2002,120,true,3,22.6,2594.9,1,1,1,Ganesh Chaturthi,Momos,90,false,4,9291200,true,2,2,true,39,1,false,true,May
DST1588,Place_588,Himachal Pradesh,Central,Wildlife,Temples,Chennai,Tamil,515019,Lokpriya Gopinath Bordoloi International Airport,31949,Winter,Summer,7.72,13,87.61,81.32,6.49,26.43,113,1,Difficult,true,false,false,43,1148,47,true,2,10.6,1361.2,3,2,7,Lohri,Vada Pav,51,true,6,6687426,false,2,2,false,46,5,true,false,January
DST1589,Place_589,Goa,North,Heritage,Wildlife,Guwahati,Malayalam,562122,Pune Airport,36941,Monsoon,Summer,13.31,13,61.86,66.52,28.97,32.01,486,1,Easy,true,false,false,31,2901,156,true,5,25.5,1959.4,4,7,6,Pongal,Chole Bhature,80,true,2,49276239,true,5,1,true,53,5,true,false,December
DST1590,Place_590,Assam,Northeast,Urban,Culture,Guwahati,Tamil,948158,Raja Bhoj Airport,18857,Winter,Monsoon,5.87,11,67.58,91.31,14.19,14.21,99,4,Moderate,false,false,true,20,6854,146,true,2,31.6,2545.9,6,5,2,Navratri,Biryani,30,true,8,43395284,false,4,3,true,75,1,false,true,October
DST1591,Place_591,Kerala,South,Heritage,Wildlife,Bengaluru,Marathi,495124,Pune Airport,47980,Winter,Monsoon,12,5,77.43,76.9,38.56,21.66,150,4,Difficult,false,true,false,36,2740,95,true,4,21,1861.2,5,2,10,Navratri,Dosa,62,true,5,31335986,true,1,3,false,50,1,false,true,August
DST1592,Place_592,Kerala,South,Wildlife,Culture,Indore,Bengali,268147,Kempegowda International Airport,28850,Summer,Summer,4.13,4,76.25,64.03,12.37,14.88,71,3,Difficult,false,false,true,33,5257,169,true,4,32.4,2237,6,4,4,Bihu,Dosa,10,true,5,17583940,false,3,5,false,69,2,true,true,August
DST1593,Place_593,Himachal Pradesh,West,Wildlife,Scenery,Pune,Malayalam,295659,Chhatrapati Shivaji Maharaj International Airport,43967,Monsoon,Summer,11.81,11,69.15,71.7,23.53,21.49,475,1,Easy,true,true,true,56,7076,167,true,2,32.5,821.4,9,6,5,Bihu,Biryani,23,true,5,28457529,true,3,4,true,79,1,false,false,August
DST1594,Place_594,Goa,West,Wildlife,Temples,Ahmedabad,Marathi,415792,Rajiv Gandhi International Airport,3412,Summer,Summer,7.39,13,83.04,76.69,30.74,45.17,369,2,Moderate,false,false,false,78,4023,143,false,1,39.5,665.7,1,8,5,Ganesh Chaturthi,Kebabs,12,false,5,26797888,true,2,5,false,22,3,false,false,May
DST1595,Place_595,Rajasthan,Northeast,Urban,Scenery,Chennai,Marathi,645422,Jaipur International Airport,49861,Monsoon,Winter,2.5,2,71.21,60.36,35.45,38.76,348,2,Moderate,true,false,false,98,6577,198,true,2,26.4,1710.3,3,6,7,Onam,Vada Pav,18,false,3,46911766,true,5,2,true,65,1,true,false,December
DST1596,Place_596,Kerala,West,Wildlife,Temples,Lucknow,Marathi,870545,Jaipur International Airport,4182,Monsoon,Summer,4.83,8,83.74,61.12,10.48,26.7,462,3,Difficult,true,true,false,79,9571,174,true,5,22.1,1950,8,6,10,Durga Puja,Chole Bhature,20,true,2,40555468,true,2,5,false,33,5,true,false,March
DST1597,Place_597,Rajasthan,South,Hill Station,Food,Bengaluru,Hindi,942575,Devi Ahilya Bai Holkar Airport,21948,Summer,Summer,6.63,6,55.14,61.94,39.49,23.06,166,1,Moderate,true,false,true,19,6819,88,false,5,29.2,2628.2,9,6,2,Navratri,Kebabs,32,true,5,5101663,false,5,2,false,12,3,true,false,May
DST1598,Place_598,Assam,East,Wildlife,Culture,Indore,Marathi,169123,Chhatrapati Shivaji Maharaj International Airport,34782,Winter,Monsoon,11.49,5,46.6,78.83,36.74,59.88,71,4,Moderate,true,false,true,48,8605,157,true,5,28.8,2482.1,2,5,3,Ganesh Chaturthi,Vada Pav,39,false,8,14962692,false,4,5,true,73,1,true,true,October
DST1599,Place_599,Kerala,Central,Heritage,Food,Chennai,Hindi,588775,Goa International Airport,18253,Monsoon,Monsoon,2.02,10,80.98,71.76,38.7,48.39,347,2,Easy,false,false,true,27,9056,39,true,1,39.6,2968.3,10,5,2,Onam,Idli,56,true,2,22326419,true,1,4,true,38,2,true,false,August
DST1600,Place_600,Kerala,East,Heritage,Food,Bengaluru,Tamil,276225,Devi Ahilya Bai Holkar Airport,40681,Winter,Winter,10.23,8,59.13,91.26,34.84,51.1,352,5,Moderate,true,false,false,52,1700,27,false,4,31.2,2902.4,5,6,7,Holi,Sarson da Saag,14,false,7,6221682,false,2,5,true,25,2,true,false,May
DST1601,Place_601,Tamil Nadu,East,Heritage,Temples,Lucknow,Hindi,757773,Sardar Vallabhbhai Patel International Airport,36495,Summer,Monsoon,11.02,11,72.55,79.57,35.72,11.32,10,3,Moderate,false,true,false,27,7895,198,false,5,19.2,1908.2,3,6,7,Bihu,Idli,39,true,2,49516187,false,1,5,false,97,5,true,false,May
DST1602,Place_602,Kerala,South,Urban,Scenery,Chennai,Marathi,321646,Netaji Subhas Chandra Bose International Airport,3852,Summer,Summer,10.15,14,76.87,86.6,25.96,12.98,297,2,Moderate,true,false,false,75,8873,194,false,5,15.6,1560.1,10,1,9,Ganesh Chaturthi,Dosa,99,false,5,40541115,false,4,5,false,13,4,true,true,August
DST1603,Place_603,Maharashtra,East,Heritage,Wildlife,Mumbai,Bengali,253627,Raja Bhoj Airport,42845,Summer,Summer,11.65,9,56.34,84.05,34.59,45.63,228,5,Moderate,true,true,true,18,6319,159,true,2,33.8,2305.9,2,7,4,Holi,Biryani,77,true,7,22040588,true,3,2,true,80,5,false,false,December
DST1604,Place_604,Goa,Northeast,Urban,Temples,Kolkata,Bengali,504168,Sardar Vallabhbhai Patel International Airport,19992,Summer,Winter,3.49,5,65.26,78.21,23.69,19.59,125,5,Easy,true,false,true,77,6344,97,false,4,15.4,858,9,6,4,Ganesh Chaturthi,Momos,38,false,3,29243231,true,2,5,false,63,1,false,false,January
DST1605,Place_605,Goa,North,Urban,Wildlife,Lucknow,Tamil,824353,Sardar Vallabhbhai Patel International Airport,2273,Monsoon,Monsoon,9.22,11,84.75,86.07,23.84,31.28,152,2,Easy,true,false,false,58,1580,104,true,5,28.8,1121.9,5,6,6,Pongal,Momos,54,true,4,41587757,false,3,3,false,29,5,false,false,October
DST1606,Place_606,Rajasthan,West,Wildlife,Food,Hyderabad,Marathi,567216,Pune Airport,8649,Summer,Monsoon,14.18,13,83.99,79.06,24.69,19.21,161,3,Moderate,false,true,false,96,6898,186,false,5,14,2324.7,9,1,3,Onam,Momos,16,false,4,3478097,false,1,3,true,88,3,true,true,March
DST1607,Place_607,Assam,North,Hill Station,Wildlife,Hyderabad,Hindi,166686,Pune Airport,30002,Winter,Monsoon,9.55,11,77.47,73.49,39.87,18.85,277,5,Easy,false,true,true,74,2269,27,false,2,31.6,2854.9,1,7,3,Navratri,Chole Bhature,25,true,3,32488173,true,1,4,false,82,5,true,true,March
DST1608,Place_608,Kerala,Central,Wildlife,Scenery,Pune,Bengali,999273,Chaudhary Charan Singh International Airport,35723,Winter,Winter,9.56,9,78.14,75.25,8.65,15.45,385,5,Difficult,false,true,false,47,9603,70,true,2,33.5,2696.5,4,6,9,Holi,Momos,81,true,6,7826860,false,3,1,false,66,2,false,false,December
DST1609,Place_609,Maharashtra,West,Wildlife,Temples,Delhi,Malayalam,656552,Raja Bhoj Airport,9778,Monsoon,Monsoon,11.31,5,84.88,89.35,33.2,39.71,178,1,Easy,false,false,false,49,6643,91,false,3,39.7,311.3,1,10,7,Lohri,Momos,98,true,8,28646803,false,4,5,false,76,3,false,true,October
DST1610,Place_610,Rajasthan,East,Urban,Scenery,Hyderabad,Marathi,336830,Goa International Airport,25776,Summer,Monsoon,5.66,2,76.82,79.71,14.57,46.97,143,1,Easy,true,false,false,26,7764,87,true,2,38.6,772.6,5,2,9,Eid,Rogan Josh,97,false,5,39709529,true,1,5,true,65,2,false,false,May
DST1611,Place_611,Tamil Nadu,Central,Urban,Scenery,Indore,Marathi,540769,Indira Gandhi International Airport,5549,Monsoon,Monsoon,10.81,12,56.98,73.21,17.64,12.84,138,1,Easy,false,true,true,65,8257,144,false,2,31.4,892.6,5,8,2,Lohri,Biryani,50,false,7,36372561,true,5,2,true,98,5,true,true,August
DST1612,Place_612,Rajasthan,West,Heritage,Temples,Delhi,Malayalam,285431,Cochin International Airport,16863,Monsoon,Summer,13.83,9,46.04,66.29,7.82,23.78,205,5,Difficult,false,false,true,22,6084,144,true,3,18.3,1211.2,7,8,4,Diwali,Idli,70,false,6,8050029,false,1,1,false,73,1,true,false,August
DST1613,Place_613,Rajasthan,Northeast,Heritage,Scenery,Mumbai,Bengali,996317,Cochin International Airport,12809,Monsoon,Winter,1.15,2,61.09,77.34,17.31,42.92,95,5,Difficult,true,false,false,48,2485,74,true,5,11.3,305.1,7,7,8,Eid,Biryani,60,false,2,19717564,false,1,1,true,76,5,true,false,October
DST1614,Place_614,Kerala,Northeast,Wildlife,Culture,Lucknow,Malayalam,853682,Cochin International Airport,9302,Summer,Summer,13.18,14,44.37,68.83,39.68,29.62,213,3,Difficult,true,true,true,90,4362,49,false,2,26.7,769.6,8,7,9,Navratri,Pav Bhaji,64,true,4,7391425,false,5,5,false,24,3,false,false,October
DST1615,Place_615,Tamil Nadu,Northeast,Beach,Culture,Guwahati,Tamil,240880,Rajiv Gandhi International Airport,9100,Winter,Winter,4.06,13,45.79,93.45,18.9,45.23,68,4,Easy,true,true,true,77,2295,125,true,1,33,2176.8,6,7,3,Diwali,Pav Bhaji,73,false,6,46067753,false,1,5,true,84,2,true,true,August
DST1616,Place_616,Rajasthan,Northeast,Beach,Culture,Guwahati,Hindi,152330,Rajiv Gandhi International Airport,3911,Winter,Monsoon,7.38,4,87.51,77.18,28.44,47.96,355,1,Difficult,false,true,false,22,3191,33,false,3,10.3,808.9,10,4,8,Ganesh Chaturthi,Rogan Josh,60,true,8,5435504,false,4,5,true,97,5,true,false,August
DST1617,Place_617,Maharashtra,East,Heritage,Wildlife,Bengaluru,Hindi,738960,Lokpriya Gopinath Bordoloi International Airport,13091,Monsoon,Summer,12.93,8,73.79,60.31,9.22,11.61,470,4,Difficult,false,false,false,61,8244,169,true,3,25.7,2833.4,3,1,8,Holi,Rogan Josh,30,true,2,3204089,false,5,1,true,79,1,false,true,October
DST1618,Place_618,Maharashtra,North,Beach,Scenery,Cochin,Bengali,400489,Devi Ahilya Bai Holkar Airport,10099,Monsoon,Monsoon,12.53,4,82.58,63.25,37.29,29.04,317,1,Easy,true,true,false,89,7233,19,true,5,36.5,1326.8,9,9,3,Eid,Rogan Josh,67,false,2,20386711,true,1,3,false,30,1,false,true,May
DST1619,Place_619,Goa,West,Heritage,Temples,Pune,Malayalam,562833,Goa International Airport,6663,Winter,Monsoon,13.49,14,72.14,69.95,33.97,46.46,18,1,Moderate,false,true,false,19,9068,146,false,2,29.1,389.1,5,1,8,Lohri,Chole Bhature,89,false,3,11964714,true,5,2,true,87,4,true,true,March
DST1620,Place_620,Tamil Nadu,East,Urban,Temples,Kolkata,Marathi,663510,Chaudhary Charan Singh International Airport,30904,Winter,Winter,14.17,9,60.93,63.23,18.52,28.92,412,3,Easy,true,false,false,77,4045,48,false,1,30.5,2543.7,9,5,6,Pongal,Biryani,56,true,2,2559303,true,1,3,true,36,1,false,false,March
DST1621,Place_621,Tamil Nadu,Northeast,Wildlife,Wildlife,Cochin,Marathi,157755,Cochin International Airport,29291,Summer,Monsoon,7.26,6,41.26,91.29,17.2,10.29,425,3,Easy,true,true,true,62,4265,140,false,5,24.2,2755,5,10,9,Pongal,Chole Bhature,20,true,6,3441825,true,1,5,true,86,5,true,true,January
DST1622,Place_622,Goa,North,Hill Station,Temples,Ahmedabad,Marathi,895365,Lokpriya Gopinath Bordoloi International Airport,45649,Monsoon,Summer,10.19,4,87.79,89.9,20.13,26.82,406,2,Easy,false,false,true,6,6702,117,false,2,38.3,2791.5,3,9,1,Pongal,Kebabs,70,false,2,45005474,true,2,1,false,96,1,true,true,October
DST1623,Place_623,Rajasthan,Central,Wildlife,Culture,Delhi,Tamil,954639,Pune Airport,48136,Summer,Winter,6.47,6,43.55,93.98,19.04,53.63,315,1,Moderate,true,true,true,18,6917,78,true,5,21.2,1532.4,7,2,9,Ganesh Chaturthi,Idli,81,true,9,35915014,true,1,3,true,75,1,true,false,January
DST1624,Place_624,Tamil Nadu,Central,Heritage,Scenery,Kolkata,Tamil,274811,Raja Bhoj Airport,42066,Winter,Winter,5.91,6,70.51,84.73,14.03,57.6,456,1,Easy,false,true,true,25,7251,16,true,3,21.4,2769.5,9,5,8,Eid,Rogan Josh,15,true,8,20885483,true,2,1,false,86,3,false,true,January
DST1625,Place_625,Maharashtra,Central,Heritage,Temples,Bhopal,Marathi,278810,Lokpriya Gopinath Bordoloi International Airport,37104,Winter,Summer,7.04,9,45.11,82.59,39.68,38.03,401,1,Easy,true,false,true,47,7750,149,false,3,25.5,2156.6,1,1,10,Holi,Vada Pav,84,true,5,14029532,true,1,5,true,25,1,true,true,December
DST1626,Place_626,Maharashtra,Northeast,Wildlife,Temples,Pune,Bengali,991123,Lokpriya Gopinath Bordoloi International Airport,40137,Winter,Monsoon,11.4,13,54.21,92.32,33.37,25.32,350,3,Moderate,true,true,false,49,1510,32,true,2,27.6,667.3,3,2,8,Ganesh Chaturthi,Biryani,37,false,7,8799780,false,4,3,true,10,5,false,true,March
DST1627,Place_627,Kerala,Central,Heritage,Food,Pune,Tamil,729425,Kempegowda International Airport,3534,Winter,Monsoon,8.02,10,49.29,93.12,14.38,33.3,100,1,Easy,true,true,false,38,3368,98,false,5,26.1,1646.3,7,1,8,Lohri,Rogan Josh,51,true,3,44903494,true,3,1,false,75,1,false,true,August
DST1628,Place_628,Tamil Nadu,South,Beach,Food,Hyderabad,Tamil,315616,Cochin International Airport,3226,Summer,Monsoon,12.4,7,67.69,90.71,39.36,21.81,80,2,Easy,true,true,false,75,2499,26,true,2,34.6,1355.2,9,3,10,Durga Puja,Kebabs,61,true,5,2221600,false,2,4,true,75,2,true,true,August
DST1629,Place_629,Rajasthan,West,Beach,Food,Kolkata,Hindi,985250,Lokpriya Gopinath Bordoloi International Airport,10585,Winter,Monsoon,11.43,11,84.35,90.15,5.54,18.41,182,5,Easy,false,false,false,83,7429,87,false,4,35,1408.1,4,4,7,Durga Puja,Idli,20,true,6,5837759,false,3,3,true,13,4,false,false,August
DST1630,Place_630,Goa,West,Heritage,Scenery,Bhopal,Hindi,460654,Devi Ahilya Bai Holkar Airport,28260,Monsoon,Monsoon,1.29,4,71.78,83.51,20.33,34.68,17,2,Moderate,true,false,true,16,7958,74,true,2,13.9,1298.7,5,1,3,Holi,Rogan Josh,79,true,7,48084824,false,3,2,true,75,4,true,true,December
DST1631,Place_631,Goa,Northeast,Heritage,Culture,Chennai,Bengali,723539,Lokpriya Gopinath Bordoloi International Airport,28411,Winter,Winter,9.82,3,73.21,60.06,24.93,46.83,154,5,Easy,true,true,false,11,8518,95,true,4,27.9,608.3,8,10,6,Eid,Biryani,49,true,2,1715271,true,4,1,true,13,3,false,true,October
DST1632,Place_632,Rajasthan,South,Beach,Culture,Jaipur,Tamil,770740,Cochin International Airport,33934,Monsoon,Winter,7.11,12,85.45,75.03,6.32,21.12,340,3,Moderate,false,false,false,73,1855,37,true,3,39.5,1231.1,4,1,10,Pongal,Dosa,39,false,8,44742155,false,4,5,true,86,5,false,false,March
DST1633,Place_633,Assam,East,Heritage,Culture,Pune,Tamil,380356,Kempegowda International Airport,11902,Winter,Summer,7.39,4,77.47,82.25,10.64,55.48,128,4,Moderate,true,false,false,91,2950,67,false,1,28,1584.8,2,2,8,Durga Puja,Sarson da Saag,65,true,6,8282050,true,4,5,true,54,5,false,true,December
DST1634,Place_634,Himachal Pradesh,East,Heritage,Scenery,Delhi,Malayalam,390318,Lokpriya Gopinath Bordoloi International Airport,37392,Summer,Monsoon,12.46,10,83.3,79.15,14.03,18.41,479,3,Difficult,false,false,false,32,5027,27,true,3,30.6,928.5,7,4,8,Holi,Dosa,87,true,9,39582558,false,3,3,true,10,3,false,false,October
DST1635,Place_635,Kerala,Central,Wildlife,Scenery,Cochin,Bengali,500077,Indira Gandhi International Airport,19731,Monsoon,Monsoon,8.67,8,60.82,88.74,30.21,37.92,397,4,Easy,false,false,false,29,4316,119,false,1,35.8,612.9,2,2,4,Onam,Momos,86,false,2,9474347,false,1,5,false,66,4,true,true,October
DST1636,Place_636,Goa,North,Hill Station,Food,Guwahati,Bengali,761454,Chhatrapati Shivaji Maharaj International Airport,18788,Summer,Monsoon,13.4,12,83.27,88.66,37.89,48.82,314,5,Easy,false,true,true,70,9778,130,true,5,36,674.9,6,2,8,Ganesh Chaturthi,Momos,15,true,2,38626655,false,5,4,false,76,2,true,false,May
DST1637,Place_637,Tamil Nadu,East,Beach,Temples,Ahmedabad,Malayalam,728937,Pune Airport,32126,Winter,Summer,10.98,12,72.29,80.95,26.86,20.67,365,4,Difficult,true,true,false,55,1361,53,true,1,10.5,659.6,7,8,8,Diwali,Dosa,58,true,2,48044001,true,4,2,true,24,4,false,true,August
DST1638,Place_638,Kerala,North,Wildlife,Wildlife,Ahmedabad,Malayalam,675607,Raja Bhoj Airport,43485,Summer,Monsoon,8.74,10,46.78,60.77,24.69,24.82,461,5,Difficult,false,true,true,77,6455,73,true,5,17.2,1395.6,8,8,1,Ganesh Chaturthi,Biryani,42,false,8,4228868,false,2,3,false,76,4,true,true,May
DST1639,Place_639,Tamil Nadu,West,Hill Station,Wildlife,Goa,Hindi,802088,Jaipur International Airport,46369,Winter,Winter,11.56,14,41.94,72.93,23.79,12.57,160,4,Easy,true,true,true,38,5668,46,true,4,35.9,706.3,5,7,5,Lohri,Vada Pav,20,true,3,49264715,false,1,3,false,23,2,false,true,May
DST1640,Place_640,Assam,North,Heritage,Temples,Bhopal,Bengali,517579,Jaipur International Airport,46871,Summer,Monsoon,1.54,7,52.2,68.01,17.27,57.2,419,5,Easy,false,false,false,50,4333,12,false,5,30,2180.2,1,4,7,Holi,Vada Pav,74,true,6,43166308,true,4,5,false,19,4,false,false,March
DST1641,Place_641,Maharashtra,West,Heritage,Food,Bhopal,Bengali,187846,Goa International Airport,46798,Summer,Summer,1.38,9,58.92,71.86,33.97,34.35,118,4,Difficult,false,true,true,51,5396,23,false,2,29,1073.3,3,7,8,Holi,Pav Bhaji,36,true,3,39427000,true,4,1,true,96,1,true,true,August
DST1642,Place_642,Kerala,South,Wildlife,Temples,Cochin,Malayalam,270372,Pune Airport,3774,Monsoon,Winter,2.17,11,81.88,81.61,23.93,13.22,422,5,Easy,false,true,true,36,6068,144,true,2,35.8,2824.2,10,6,9,Pongal,Dosa,39,true,2,22058124,false,4,5,false,52,5,false,true,December
DST1643,Place_643,Goa,South,Heritage,Temples,Mumbai,Marathi,154808,Chennai International Airport,10017,Winter,Winter,7.13,12,77.06,62.33,13.05,51.51,375,2,Easy,true,true,false,16,3596,154,false,2,34.2,281.9,9,7,6,Durga Puja,Momos,55,true,7,35986584,true,5,1,false,17,4,false,false,December
DST1644,Place_644,Kerala,Northeast,Urban,Wildlife,Mumbai,Marathi,311177,Chhatrapati Shivaji Maharaj International Airport,26700,Summer,Winter,4.3,10,87.77,60.78,9.79,38.47,331,1,Easy,false,true,true,23,6090,92,false,3,32.5,998.9,6,1,10,Diwali,Momos,35,false,8,19905633,false,1,5,true,10,2,true,false,January
DST1645,Place_645,Kerala,Northeast,Wildlife,Food,Cochin,Hindi,666904,Jaipur International Airport,26144,Winter,Monsoon,14.78,4,67.96,75.29,39.49,12.76,172,2,Difficult,false,true,true,51,8401,176,true,2,11.4,2241.2,5,5,5,Navratri,Sarson da Saag,37,false,3,40854889,true,4,1,false,54,5,false,true,May
DST1646,Place_646,Kerala,Central,Hill Station,Scenery,Hyderabad,Marathi,960761,Netaji Subhas Chandra Bose International Airport,30910,Monsoon,Summer,8.59,8,77.39,87.78,5.61,32.54,152,3,Difficult,true,true,false,42,5709,142,true,5,33.4,2085.9,1,5,8,Pongal,Vada Pav,41,false,3,2347307,true,1,1,false,84,5,true,true,May
DST1647,Place_647,Himachal Pradesh,East,Wildlife,Wildlife,Chennai,Marathi,859103,Cochin International Airport,43918,Summer,Summer,10.27,10,53.76,61.07,37.67,31.72,398,4,Moderate,false,false,false,14,5066,88,true,5,16,1319.8,4,7,6,Pongal,Dosa,83,false,4,38371896,true,1,4,true,82,4,true,true,January
DST1648,Place_648,Kerala,Central,Beach,Scenery,Indore,Marathi,256359,Devi Ahilya Bai Holkar Airport,37507,Winter,Monsoon,4.9,3,73.98,89.72,12.64,17.3,19,5,Moderate,false,false,false,14,4992,61,true,5,10.8,2623.6,5,4,2,Bihu,Sarson da Saag,21,false,3,7821423,true,3,4,true,52,4,true,false,January
DST1649,Place_649,Tamil Nadu,West,Wildlife,Food,Hyderabad,Tamil,789331,Sardar Vallabhbhai Patel International Airport,48679,Summer,Summer,5.51,13,75.31,73.44,28.01,31.02,33,2,Easy,false,true,true,45,7982,118,false,2,24.8,307,2,1,9,Navratri,Sarson da Saag,95,false,6,24208976,true,1,4,true,20,4,false,false,March
DST1650,Place_650,Maharashtra,Central,Heritage,Temples,Ahmedabad,Hindi,156152,Pune Airport,27685,Summer,Winter,5.7,8,82.42,64.14,15.55,24.14,313,2,Easy,true,true,true,59,9046,35,true,4,38.3,1576.4,5,3,9,Onam,Idli,25,false,5,38301908,true,5,5,false,50,3,true,true,May
DST1651,Place_651,Assam,North,Heritage,Culture,Bengaluru,Malayalam,142351,Lokpriya Gopinath Bordoloi International Airport,25402,Summer,Winter,10.78,6,66.82,79.86,35.09,45,59,5,Moderate,false,true,true,75,3846,176,true,4,36.6,681.2,3,4,1,Durga Puja,Momos,91,false,6,17911630,false,5,2,false,74,5,true,true,May
DST1652,Place_652,Rajasthan,West,Urban,Culture,Ahmedabad,Marathi,605931,Chennai International Airport,38232,Summer,Summer,7.63,9,72.45,93.33,24.02,10.27,461,4,Moderate,true,false,true,78,2695,182,false,3,39.5,1184.4,8,5,9,Lohri,Dosa,80,false,8,24396889,false,5,4,false,49,3,true,false,March
DST1653,Place_653,Kerala,Northeast,Urban,Food,Guwahati,Tamil,815400,Netaji Subhas Chandra Bose International Airport,31063,Monsoon,Summer,8.25,5,50.15,78.99,9.94,15.32,157,3,Moderate,true,false,false,47,8378,86,true,5,17.4,2127.3,10,8,5,Diwali,Vada Pav,61,true,8,36366816,false,5,3,true,61,4,true,false,December
DST1654,Place_654,Goa,South,Urban,Culture,Pune,Marathi,327977,Cochin International Airport,25125,Monsoon,Monsoon,9.29,2,76.84,84.03,14.44,55.93,363,3,Easy,true,true,false,42,1498,40,true,5,30.9,387,1,8,9,Holi,Momos,11,false,8,36756130,false,4,2,false,76,2,true,true,December
DST1655,Place_655,Kerala,Northeast,Hill Station,Scenery,Kolkata,Tamil,843919,Lokpriya Gopinath Bordoloi International Airport,46149,Winter,Monsoon,11.76,12,81.92,88.57,16.21,31.67,396,3,Easy,false,true,true,31,2680,160,false,3,11.7,226.9,4,2,5,Durga Puja,Sarson da Saag,82,false,6,24717909,false,1,3,true,96,4,false,true,January
DST1656,Place_656,Goa,East,Urban,Culture,Kolkata,Hindi,484521,Sardar Vallabhbhai Patel International Airport,25020,Winter,Monsoon,2.27,14,69.69,87.98,36.01,18.81,205,5,Moderate,false,false,true,36,8352,49,false,5,34.1,1320.4,9,10,10,Pongal,Vada Pav,37,false,5,3983881,false,3,4,true,92,4,true,true,May
DST1657,Place_657,Tamil Nadu,West,Hill Station,Food,Pune,Marathi,160616,Sardar Vallabhbhai Patel International Airport,32703,Summer,Monsoon,11.88,11,45.78,62.56,31.84,49.66,92,2,Difficult,true,true,true,75,1248,41,true,1,25.7,887.1,1,4,6,Eid,Momos,71,false,3,4349448,false,4,3,true,54,1,true,true,January
DST1658,Place_658,Goa,West,Urban,Food,Pune,Tamil,866781,Indira Gandhi International Airport,32769,Summer,Monsoon,8.89,9,55.64,85.93,34.04,52.58,217,3,Moderate,true,true,true,52,1658,110,false,3,39.9,2189.5,6,2,9,Onam,Kebabs,38,true,5,44837667,false,2,5,false,18,1,true,false,December
DST1659,Place_659,Rajasthan,North,Hill Station,Scenery,Ahmedabad,Bengali,254969,Raja Bhoj Airport,14746,Summer,Monsoon,10.37,7,63.78,93.23,6.83,20.56,322,2,Difficult,true,false,false,30,5770,13,true,5,17.2,290.1,6,5,7,Durga Puja,Chole Bhature,92,true,8,30017953,false,4,3,true,79,5,false,false,October
DST1660,Place_660,Maharashtra,East,Wildlife,Culture,Kolkata,Bengali,385154,Goa International Airport,5094,Monsoon,Winter,5.59,14,73.86,84.52,25.26,45.68,88,3,Difficult,false,false,true,90,1688,90,false,3,33.5,2902.9,2,4,4,Eid,Dosa,65,false,9,48619284,false,4,2,true,89,5,false,true,May
DST1661,Place_661,Goa,South,Wildlife,Culture,Kolkata,Tamil,594651,Cochin International Airport,3930,Summer,Summer,6.73,9,56.02,89.28,39.97,40.76,474,3,Easy,false,false,false,62,9159,93,false,1,15.1,1900.2,1,2,6,Onam,Dosa,34,true,5,1941408,true,4,4,false,54,5,true,false,October
DST1662,Place_662,Goa,West,Heritage,Temples,Lucknow,Marathi,746110,Raja Bhoj Airport,34531,Winter,Monsoon,4.24,4,82.01,76.99,32.48,47.25,172,4,Difficult,false,true,false,80,2699,183,true,1,18.6,1553.7,1,3,8,Eid,Biryani,96,false,6,41070217,false,4,3,true,92,3,false,true,May
DST1663,Place_663,Maharashtra,West,Hill Station,Wildlife,Goa,Marathi,251186,Chhatrapati Shivaji Maharaj International Airport,31755,Summer,Winter,14.71,9,58.59,71.17,9.22,49.39,39,5,Difficult,true,false,false,28,1223,84,true,2,18.9,1296.4,10,3,5,Lohri,Momos,83,false,9,12707308,true,3,3,true,28,5,true,true,January
DST1664,Place_664,Rajasthan,North,Beach,Food,Guwahati,Hindi,905482,Pune Airport,31105,Monsoon,Summer,7.96,9,42.14,83.67,28.76,43.05,463,4,Moderate,true,false,true,58,2759,51,true,5,27.3,2272.1,5,7,4,Lohri,Kebabs,50,false,7,26477822,false,5,3,false,12,1,true,false,October
DST1665,Place_665,Kerala,Central,Heritage,Temples,Guwahati,Hindi,346309,Chennai International Airport,12552,Summer,Summer,14.95,13,79.7,77.23,31.09,57.81,421,2,Moderate,true,true,false,50,4815,106,true,1,21,1133.3,5,4,7,Pongal,Chole Bhature,14,false,6,29124699,true,1,3,false,53,5,false,true,March
DST1666,Place_666,Goa,South,Wildlife,Food,Kolkata,Malayalam,383269,Chaudhary Charan Singh International Airport,37218,Monsoon,Summer,7.86,2,72.21,91.34,23,53.21,202,2,Difficult,false,false,false,62,1053,176,false,1,23.2,2353.1,10,1,3,Pongal,Rogan Josh,71,false,7,33238033,true,5,2,true,22,4,false,false,August
DST1667,Place_667,Maharashtra,Northeast,Hill Station,Temples,Pune,Hindi,587310,Devi Ahilya Bai Holkar Airport,20779,Monsoon,Monsoon,4.08,5,80.1,94.1,7.76,21.45,220,5,Moderate,false,false,true,97,6684,112,true,1,25.7,2161,7,5,4,Lohri,Chole Bhature,71,false,9,15811086,true,3,1,true,35,1,true,false,December
DST1668,Place_668,Tamil Nadu,East,Urban,Wildlife,Mumbai,Marathi,543612,Indira Gandhi International Airport,30000,Monsoon,Monsoon,8.1,8,57.44,88.69,6.21,55.68,46,3,Moderate,false,false,true,36,1699,193,true,2,11.7,1698.9,9,6,7,Onam,Chole Bhature,14,false,4,6535676,false,3,5,false,29,3,true,false,March
DST1669,Place_669,Maharashtra,West,Beach,Temples,Chennai,Malayalam,275918,Kempegowda International Airport,21103,Monsoon,Monsoon,1.55,14,40.88,94.74,37.82,27.98,242,5,Moderate,true,true,false,20,7625,56,true,5,30,2677.2,4,6,5,Diwali,Sarson da Saag,77,true,8,42363761,true,4,4,true,73,3,false,true,March
DST1670,Place_670,Tamil Nadu,West,Wildlife,Food,Bengaluru,Hindi,513612,Netaji Subhas Chandra Bose International Airport,15102,Winter,Summer,13.67,12,43.69,72.19,14.01,46.33,87,3,Moderate,false,true,true,94,1585,175,false,3,29.5,1103.4,4,10,1,Onam,Sarson da Saag,46,true,2,45840399,false,4,1,true,32,5,true,true,October
DST1671,Place_671,Rajasthan,Northeast,Heritage,Culture,Cochin,Tamil,454805,Chaudhary Charan Singh International Airport,2861,Monsoon,Summer,12.46,2,45.59,91.35,18.26,52.4,156,1,Difficult,false,false,true,74,4371,27,true,2,38.9,267.8,7,2,6,Ganesh Chaturthi,Biryani,77,false,3,23480137,true,1,5,false,92,3,false,true,October
DST1672,Place_672,Kerala,South,Hill Station,Food,Pune,Bengali,881444,Netaji Subhas Chandra Bose International Airport,44574,Winter,Winter,11.16,4,80.26,71.55,32.83,31.82,161,1,Difficult,true,true,true,69,5384,11,false,5,14,1191,9,5,9,Eid,Biryani,98,false,5,29979992,false,4,3,true,40,3,true,true,March
DST1673,Place_673,Maharashtra,Central,Beach,Scenery,Goa,Hindi,616941,Pune Airport,33682,Winter,Winter,9.54,4,55.07,64.13,29.12,12.58,394,5,Difficult,false,true,true,17,2451,114,true,1,10.9,2638.5,7,4,10,Eid,Vada Pav,41,true,6,24742951,true,1,1,false,79,1,true,false,October
DST1674,Place_674,Assam,West,Hill Station,Scenery,Kolkata,Hindi,712404,Chennai International Airport,14283,Summer,Winter,9.12,7,89.89,81.75,38.9,57.48,19,1,Difficult,false,true,false,10,1310,111,false,2,14,324.2,8,5,3,Eid,Biryani,23,false,7,48169398,true,3,5,true,60,5,true,true,March
DST1675,Place_675,Assam,South,Urban,Scenery,Bhopal,Tamil,219233,Chennai International Airport,26597,Summer,Winter,14.95,6,77.92,75.92,8.25,13.62,147,1,Difficult,false,false,false,16,3505,191,false,4,22.7,2313.1,10,7,4,Holi,Biryani,99,false,6,32444480,true,1,5,true,15,5,true,true,December
DST1676,Place_676,Himachal Pradesh,Northeast,Heritage,Scenery,Delhi,Marathi,516790,Sardar Vallabhbhai Patel International Airport,13436,Monsoon,Summer,4.89,13,70.06,92.26,29.74,27.41,200,2,Easy,false,true,true,13,2122,97,false,4,16.4,2493.3,7,3,10,Diwali,Sarson da Saag,72,true,3,47736595,true,1,1,true,26,4,true,true,May
DST1677,Place_677,Goa,North,Hill Station,Wildlife,Indore,Tamil,976587,Chaudhary Charan Singh International Airport,29424,Summer,Monsoon,11.92,12,89.18,77.23,7.88,39.82,311,3,Moderate,true,true,false,88,1341,167,false,1,16.5,1341.1,9,8,2,Ganesh Chaturthi,Idli,81,false,4,11580773,false,2,3,true,74,5,false,true,August
DST1678,Place_678,Rajasthan,Central,Wildlife,Culture,Guwahati,Hindi,113869,Lokpriya Gopinath Bordoloi International Airport,9890,Monsoon,Monsoon,9.14,8,55.82,92.47,5.01,15.88,150,1,Easy,true,true,false,63,9648,13,false,5,36.1,664.1,6,9,3,Bihu,Vada Pav,39,false,6,33011428,true,4,3,true,53,5,true,false,May
DST1679,Place_679,Maharashtra,East,Heritage,Culture,Ahmedabad,Marathi,559410,Raja Bhoj Airport,49120,Summer,Monsoon,14.66,4,48.28,62.75,9.21,51.91,99,4,Difficult,true,false,false,95,6423,16,true,5,19.7,1131,9,1,5,Holi,Sarson da Saag,86,true,5,20531632,false,5,4,true,70,1,true,true,October
DST1680,Place_680,Assam,West,Wildlife,Food,Ahmedabad,Malayalam,686455,Devi Ahilya Bai Holkar Airport,39297,Monsoon,Monsoon,12.59,12,76.86,89.07,26.59,20.17,246,2,Moderate,true,true,false,71,7894,66,false,2,22.5,1255.6,3,1,6,Lohri,Vada Pav,52,true,3,4408267,false,2,5,false,25,4,true,false,March
DST1681,Place_681,Goa,South,Hill Station,Temples,Guwahati,Hindi,811507,Chennai International Airport,49611,Summer,Winter,14.98,2,53.9,86.57,28.67,59.3,112,3,Difficult,false,true,true,28,7995,39,false,4,30.5,2803.6,4,9,2,Onam,Dosa,62,true,5,40238564,true,2,4,false,77,4,false,true,May
DST1682,Place_682,Assam,North,Heritage,Food,Chennai,Tamil,343758,Devi Ahilya Bai Holkar Airport,9299,Summer,Summer,9.24,12,88.05,85.2,20.34,55.82,218,2,Easy,true,true,true,19,2710,181,false,5,20.2,925.4,9,10,2,Ganesh Chaturthi,Sarson da Saag,62,true,2,34057291,false,2,3,false,76,5,false,false,March
DST1683,Place_683,Maharashtra,East,Wildlife,Food,Pune,Malayalam,767482,Jaipur International Airport,42348,Winter,Monsoon,3.86,4,89.4,72.43,6.61,40.23,343,4,Difficult,true,true,true,67,2582,166,true,2,26.6,2920.6,2,1,6,Bihu,Momos,38,false,6,27697572,false,5,5,true,16,2,true,true,May
DST1684,Place_684,Tamil Nadu,South,Urban,Food,Bhopal,Bengali,274899,Netaji Subhas Chandra Bose International Airport,42384,Summer,Summer,8.05,9,86.32,87.43,27.19,43,359,3,Moderate,true,false,false,54,7169,99,true,2,25.7,415.6,2,2,1,Lohri,Chole Bhature,96,true,7,3362278,true,5,4,true,69,4,false,false,January
DST1685,Place_685,Maharashtra,South,Urban,Food,Chennai,Malayalam,768695,Sardar Vallabhbhai Patel International Airport,12157,Summer,Winter,10.96,6,87.24,76.92,8,36.68,24,5,Difficult,true,true,true,25,7784,45,false,4,17.8,2924.7,10,3,2,Durga Puja,Dosa,37,true,3,34729504,true,2,4,true,32,5,false,true,January
DST1686,Place_686,Himachal Pradesh,East,Hill Station,Culture,Mumbai,Tamil,351536,Cochin International Airport,30763,Monsoon,Winter,11.84,4,70.78,85.03,9.96,29.56,472,5,Difficult,false,false,true,5,9556,108,true,1,31.5,747.6,8,7,4,Bihu,Momos,87,false,6,25020279,true,3,4,false,77,5,true,true,January
DST1687,Place_687,Maharashtra,North,Heritage,Temples,Jaipur,Malayalam,950008,Pune Airport,33687,Winter,Monsoon,1.01,9,74.61,79.33,22.94,27.59,495,2,Moderate,true,true,true,15,2168,122,true,2,35,586.5,10,10,1,Diwali,Idli,83,false,2,10107562,false,2,5,true,29,1,true,false,August
DST1688,Place_688,Maharashtra,Northeast,Beach,Food,Hyderabad,Tamil,645965,Lokpriya Gopinath Bordoloi International Airport,11191,Monsoon,Monsoon,8.07,7,44.71,65.51,16.91,54.58,288,5,Easy,false,false,false,71,9336,185,true,1,33.5,448.3,6,3,5,Pongal,Idli,80,false,3,29762015,false,1,2,true,86,4,false,false,May
DST1689,Place_689,Himachal Pradesh,North,Heritage,Culture,Guwahati,Hindi,521439,Chennai International Airport,12767,Summer,Winter,4.29,4,78.15,62.26,21.27,38.83,414,3,Easy,false,true,false,26,7310,156,true,4,21.9,1017.2,5,9,3,Eid,Vada Pav,58,true,8,32712800,true,1,2,true,81,4,true,false,December
DST1690,Place_690,Rajasthan,Central,Urban,Food,Delhi,Marathi,523030,Raja Bhoj Airport,18911,Monsoon,Winter,13.25,6,50.1,72.82,27.23,51.16,457,4,Moderate,false,false,false,78,2066,11,true,2,38,1888,2,2,10,Pongal,Idli,99,false,5,9710814,false,5,3,false,45,2,true,false,October
DST1691,Place_691,Maharashtra,West,Wildlife,Scenery,Hyderabad,Bengali,225662,Goa International Airport,29629,Winter,Summer,3.14,2,82.02,92.65,10.6,35.7,102,4,Moderate,true,false,false,92,1971,151,true,3,37,2032.4,1,3,1,Holi,Pav Bhaji,45,true,5,31745789,false,1,5,false,77,5,true,false,May
DST1692,Place_692,Himachal Pradesh,East,Beach,Food,Bhopal,Marathi,576827,Rajiv Gandhi International Airport,35794,Monsoon,Winter,10.33,7,88.08,78.54,36.26,25.35,78,5,Easy,false,false,false,11,8182,122,true,4,18,1172.9,3,9,4,Bihu,Sarson da Saag,36,true,2,16051758,false,4,5,false,35,4,false,true,December
DST1693,Place_693,Goa,Northeast,Hill Station,Food,Guwahati,Marathi,536401,Devi Ahilya Bai Holkar Airport,27944,Summer,Summer,4.72,13,50.62,88.08,24.58,14.59,384,1,Moderate,true,true,true,53,5153,109,false,4,13.7,769.2,6,6,1,Durga Puja,Vada Pav,66,false,6,13298205,true,4,1,true,44,3,true,true,March
DST1694,Place_694,Tamil Nadu,East,Beach,Wildlife,Jaipur,Marathi,701082,Cochin International Airport,44726,Monsoon,Winter,5.99,14,43.9,80.16,5.77,26.18,437,1,Easy,true,false,true,5,9324,113,true,3,36.8,2985.6,5,9,2,Onam,Rogan Josh,37,true,3,22368321,true,2,4,true,62,4,false,true,May
DST1695,Place_695,Tamil Nadu,East,Hill Station,Scenery,Delhi,Tamil,175675,Devi Ahilya Bai Holkar Airport,35623,Summer,Summer,14.17,10,64.19,93.53,27,54.01,15,1,Difficult,false,true,false,69,2266,121,false,4,32.3,884.7,6,5,10,Durga Puja,Dosa,39,false,5,34936435,false,4,3,false,29,5,true,false,May
DST1696,Place_696,Maharashtra,North,Beach,Temples,Hyderabad,Tamil,928757,Pune Airport,48831,Winter,Winter,4.37,13,79.58,72.93,21.21,45.6,340,5,Easy,false,false,true,67,1209,44,false,3,19.3,1197,7,4,7,Diwali,Kebabs,53,false,5,34225296,true,4,5,true,19,3,true,true,January
DST1697,Place_697,Rajasthan,West,Hill Station,Food,Delhi,Bengali,140503,Cochin International Airport,48683,Winter,Winter,2.33,8,78.53,62,29.56,49.29,58,5,Moderate,false,true,true,68,5337,158,true,3,19.1,1494.8,7,2,1,Diwali,Vada Pav,52,true,6,44815552,false,2,1,true,79,2,true,true,March
DST1698,Place_698,Rajasthan,Central,Hill Station,Temples,Chennai,Tamil,905946,Chaudhary Charan Singh International Airport,18981,Monsoon,Summer,1.97,12,74.84,87.32,32.44,48.67,193,5,Difficult,false,true,true,30,7526,154,true,4,19.7,2244.8,3,1,6,Pongal,Dosa,64,true,8,16530803,false,4,1,true,12,3,false,false,May
DST1699,Place_699,Goa,South,Beach,Scenery,Bengaluru,Tamil,680484,Jaipur International Airport,6958,Winter,Summer,8.06,14,81.03,84.69,37.86,16,124,3,Moderate,false,false,true,21,7358,91,true,3,35.8,541.1,10,5,4,Eid,Momos,97,true,2,30902174,true,3,5,false,93,1,true,true,August
DST1700,Place_700,Maharashtra,South,Beach,Food,Lucknow,Tamil,981065,Chhatrapati Shivaji Maharaj International Airport,15705,Monsoon,Monsoon,9.98,9,48.75,78.46,39.94,17.94,386,1,Easy,false,true,false,15,8257,41,true,3,17.2,871.8,8,1,6,Bihu,Momos,74,false,2,30811067,true,4,3,false,55,3,false,true,October
DST1701,Place_701,Tamil Nadu,East,Hill Station,Wildlife,Delhi,Tamil,805479,Kempegowda International Airport,31636,Summer,Monsoon,5.58,7,72.6,71.42,24.24,25.86,398,2,Difficult,true,true,true,71,4520,160,false,4,29.5,2991,8,6,5,Pongal,Kebabs,36,false,2,34677404,false,5,3,false,76,3,true,true,January
DST1702,Place_702,Rajasthan,West,Urban,Culture,Bhopal,Hindi,707612,Cochin International Airport,43876,Monsoon,Winter,10.66,12,70.28,66.59,24.65,25.05,31,3,Easy,true,false,false,14,8323,143,true,3,35,2493,3,6,6,Onam,Sarson da Saag,10,false,5,19348490,true,3,2,false,89,3,false,false,May
DST1703,Place_703,Maharashtra,Northeast,Beach,Wildlife,Jaipur,Bengali,518277,Rajiv Gandhi International Airport,26152,Summer,Winter,1.85,6,47.67,76.88,5.79,13.3,177,3,Difficult,false,true,false,70,4449,38,false,1,21.6,1387.2,6,7,5,Bihu,Chole Bhature,19,true,8,20764067,false,2,2,true,13,5,false,true,March
DST1704,Place_704,Assam,North,Heritage,Wildlife,Chennai,Tamil,765307,Lokpriya Gopinath Bordoloi International Airport,39529,Winter,Summer,13,13,60.72,83.32,35.28,17.67,366,5,Moderate,true,true,false,36,3131,72,true,4,11.8,415.2,9,9,2,Ganesh Chaturthi,Kebabs,52,false,8,34992711,false,2,3,false,49,2,false,false,January
DST1705,Place_705,Rajasthan,West,Wildlife,Culture,Lucknow,Bengali,574296,Sardar Vallabhbhai Patel International Airport,1688,Summer,Winter,12.43,7,82.63,80.26,6.01,52.81,218,5,Easy,true,true,false,20,7127,134,true,4,32.8,2613.5,1,6,10,Onam,Chole Bhature,78,true,5,13420014,true,3,1,false,48,3,false,false,January
DST1706,Place_706,Himachal Pradesh,West,Hill Station,Culture,Chennai,Malayalam,447694,Netaji Subhas Chandra Bose International Airport,26365,Summer,Monsoon,14.8,8,88.59,75.31,27.14,39.45,99,3,Difficult,true,false,true,30,2695,105,false,1,10.6,2370.7,2,3,4,Ganesh Chaturthi,Rogan Josh,18,false,8,18491339,false,2,2,false,26,1,true,true,December
DST1707,Place_707,Assam,North,Hill Station,Culture,Mumbai,Hindi,966763,Chaudhary Charan Singh International Airport,30663,Summer,Summer,14.11,10,73.27,78.89,8.45,27.11,482,5,Difficult,true,true,false,78,2509,90,false,5,34.9,1784,2,8,7,Eid,Vada Pav,76,true,5,9746330,true,5,1,true,38,4,false,false,May
DST1708,Place_708,Rajasthan,East,Wildlife,Food,Kolkata,Tamil,263704,Chaudhary Charan Singh International Airport,40074,Summer,Winter,5.99,9,86.1,63.78,15,36.32,443,1,Difficult,true,false,true,60,7225,141,false,2,20.8,1272.9,5,5,4,Lohri,Idli,38,false,7,45607177,true,1,2,true,13,3,true,true,December
DST1709,Place_709,Tamil Nadu,West,Urban,Temples,Guwahati,Hindi,250424,Goa International Airport,38840,Summer,Summer,6.59,6,46.6,84.35,9.91,23.07,102,3,Easy,false,false,true,98,7944,67,true,3,34,2813.3,6,8,5,Onam,Kebabs,11,false,7,33694216,false,1,1,false,83,4,false,false,March
DST1710,Place_710,Kerala,South,Wildlife,Temples,Ahmedabad,Hindi,385797,Chhatrapati Shivaji Maharaj International Airport,18739,Monsoon,Monsoon,11.44,8,88.75,85.7,9.81,39.19,471,3,Moderate,false,false,false,13,7303,168,false,3,26.4,957.4,3,8,2,Eid,Idli,91,false,9,11073446,true,2,4,true,82,4,true,true,March
DST1711,Place_711,Assam,North,Beach,Culture,Mumbai,Malayalam,298187,Rajiv Gandhi International Airport,11909,Summer,Monsoon,2.88,9,41.68,60.4,7.61,13.73,371,3,Moderate,true,false,false,9,7705,159,false,2,20.8,1030.7,4,3,3,Onam,Vada Pav,23,false,5,19819404,false,5,5,false,84,4,true,false,August
DST1712,Place_712,Goa,Northeast,Wildlife,Wildlife,Jaipur,Bengali,983726,Netaji Subhas Chandra Bose International Airport,13713,Summer,Monsoon,5.4,2,66.36,69.47,16.13,55.13,117,5,Difficult,true,true,false,11,5274,164,false,3,37,2639,10,7,5,Durga Puja,Sarson da Saag,71,true,5,27226379,false,2,3,false,74,3,true,false,January
DST1713,Place_713,Goa,Central,Hill Station,Scenery,Pune,Hindi,668043,Kempegowda International Airport,13614,Summer,Winter,2.66,9,54.55,63.22,19.83,22.02,242,3,Moderate,false,true,false,69,2228,127,true,3,33,1916.4,2,4,4,Lohri,Dosa,64,false,9,3381904,false,1,4,false,26,5,true,true,August
DST1714,Place_714,Tamil Nadu,East,Wildlife,Culture,Cochin,Marathi,990728,Devi Ahilya Bai Holkar Airport,43089,Summer,Winter,7.37,12,80.7,94.94,21.26,50.95,118,2,Easy,false,true,false,95,5211,94,false,1,12.4,2857.6,3,9,3,Onam,Idli,38,false,5,10682499,true,5,3,true,73,3,false,true,March
DST1715,Place_715,Rajasthan,North,Heritage,Wildlife,Bhopal,Malayalam,722642,Indira Gandhi International Airport,33561,Summer,Winter,8.73,8,50.88,80.77,20.39,43,391,2,Moderate,true,true,true,16,4418,93,false,1,37.9,1970.5,8,7,2,Eid,Chole Bhature,14,true,9,9592998,false,2,1,true,56,3,true,true,October
DST1716,Place_716,Maharashtra,Central,Beach,Wildlife,Bhopal,Marathi,434132,Indira Gandhi International Airport,21734,Summer,Winter,3.96,12,40.58,76.3,23.33,36.15,6,1,Moderate,false,true,true,84,3448,96,true,1,24,195.7,5,10,9,Onam,Idli,78,false,4,3616859,false,4,2,false,27,5,true,true,October
DST1717,Place_717,Rajasthan,Central,Wildlife,Food,Pune,Malayalam,924353,Chaudhary Charan Singh International Airport,31709,Winter,Winter,1.37,13,60.73,76.21,35.09,56.49,387,3,Easy,false,false,false,52,5394,25,false,1,14.5,612.7,2,2,2,Lohri,Rogan Josh,75,false,7,24563859,false,1,2,true,80,2,true,true,October
DST1718,Place_718,Tamil Nadu,Northeast,Hill Station,Food,Ahmedabad,Marathi,552219,Cochin International Airport,23885,Monsoon,Winter,11.07,13,43.21,93.77,27.11,17.84,477,3,Easy,true,false,false,76,5764,15,false,4,33.1,917.2,10,1,9,Lohri,Pav Bhaji,48,false,3,25895942,true,1,2,true,35,5,false,true,May
DST1719,Place_719,Goa,West,Beach,Temples,Chennai,Marathi,574092,Cochin International Airport,7086,Summer,Monsoon,1.28,3,54.5,83.09,5.6,15.96,9,5,Moderate,true,false,false,29,4883,16,false,3,25.5,2615.1,10,6,4,Holi,Sarson da Saag,32,false,2,37490743,true,5,5,false,33,3,true,true,May
DST1720,Place_720,Rajasthan,Northeast,Hill Station,Temples,Bengaluru,Hindi,933100,Rajiv Gandhi International Airport,13731,Monsoon,Monsoon,14.63,3,72.19,65.9,11.05,26.09,315,4,Moderate,false,true,false,17,7195,23,false,2,30.2,2509.5,2,6,10,Navratri,Dosa,25,false,3,37900423,false,4,5,true,42,3,true,true,March
DST1721,Place_721,Goa,West,Urban,Scenery,Indore,Hindi,417319,Lokpriya Gopinath Bordoloi International Airport,21592,Winter,Winter,4.1,13,54.74,75.69,17.21,51.51,280,4,Moderate,true,false,false,45,2007,12,true,3,30.8,2391.9,4,10,9,Lohri,Sarson da Saag,31,true,7,32045090,true,4,3,false,99,5,false,true,August
DST1722,Place_722,Assam,West,Heritage,Scenery,Cochin,Malayalam,803098,Chhatrapati Shivaji Maharaj International Airport,14341,Winter,Monsoon,10.29,7,52.29,87.1,38.22,11.76,41,3,Difficult,true,true,false,14,9731,58,false,4,15.9,1705.3,9,5,9,Diwali,Sarson da Saag,38,true,6,34384924,true,3,2,true,38,1,true,false,December
DST1723,Place_723,Maharashtra,North,Urban,Scenery,Bhopal,Bengali,415596,Devi Ahilya Bai Holkar Airport,40435,Summer,Summer,7.09,4,47.77,74.82,7.73,21.97,46,1,Easy,true,true,true,44,9403,45,true,4,39.1,503,6,2,10,Eid,Biryani,78,true,2,43511118,false,1,4,true,97,5,true,true,May
DST1724,Place_724,Assam,North,Heritage,Scenery,Jaipur,Hindi,299395,Chaudhary Charan Singh International Airport,13976,Monsoon,Winter,1.84,2,46.76,70.83,29.85,31.24,95,2,Difficult,true,true,true,37,6228,38,false,3,13.2,480.5,1,9,5,Ganesh Chaturthi,Kebabs,21,true,9,35144094,true,3,3,false,55,4,true,true,March
DST1725,Place_725,Goa,East,Wildlife,Wildlife,Bhopal,Hindi,408293,Indira Gandhi International Airport,18374,Summer,Summer,7.61,9,66.29,94.69,6.16,45.65,245,3,Difficult,false,false,false,39,9097,141,true,3,28.2,465.7,4,6,7,Navratri,Rogan Josh,22,true,9,30674699,true,4,5,false,85,5,false,false,October
DST1726,Place_726,Goa,West,Beach,Wildlife,Ahmedabad,Tamil,344965,Lokpriya Gopinath Bordoloi International Airport,13333,Winter,Winter,8.23,8,74.08,92.75,17.69,24.97,223,3,Difficult,true,false,false,41,5070,177,true,1,14.4,2578.4,3,4,4,Diwali,Rogan Josh,17,true,7,5754479,true,5,5,true,35,1,true,false,December
DST1727,Place_727,Kerala,Central,Wildlife,Temples,Goa,Hindi,902271,Chaudhary Charan Singh International Airport,6290,Winter,Winter,12.97,5,62.64,92.95,31.96,32.41,113,1,Difficult,false,false,false,96,4893,178,true,4,36.3,510.5,1,7,10,Pongal,Idli,33,true,2,17015823,false,2,2,false,50,4,true,false,October
DST1728,Place_728,Kerala,South,Heritage,Food,Lucknow,Bengali,620724,Devi Ahilya Bai Holkar Airport,46812,Monsoon,Monsoon,11.25,2,46.18,64.61,17.04,26.84,31,1,Moderate,true,false,false,20,7913,159,true,3,15.2,2444.7,6,9,4,Bihu,Vada Pav,46,true,5,49840358,false,2,5,true,34,3,false,true,January
DST1729,Place_729,Assam,East,Heritage,Food,Lucknow,Tamil,626443,Indira Gandhi International Airport,47305,Summer,Summer,2.11,3,72.39,68.2,20.06,14.6,329,4,Easy,true,false,true,76,2393,141,false,2,23.2,2549.8,10,8,1,Navratri,Momos,45,false,8,24798047,true,1,1,false,24,2,false,false,August
DST1730,Place_730,Himachal Pradesh,North,Heritage,Culture,Pune,Marathi,500235,Rajiv Gandhi International Airport,49437,Monsoon,Monsoon,3.93,10,67.86,75.47,36.69,46.93,456,3,Moderate,true,true,true,37,4473,130,true,2,12.6,404.6,1,1,10,Eid,Kebabs,82,false,5,3710533,true,4,5,true,43,5,false,true,March
DST1731,Place_731,Assam,Northeast,Hill Station,Wildlife,Bhopal,Marathi,678800,Rajiv Gandhi International Airport,24586,Monsoon,Winter,5.37,5,59.06,89.12,7.32,33.07,152,3,Easy,true,false,false,57,1795,32,true,1,23.4,2715.8,1,3,9,Lohri,Pav Bhaji,24,false,9,25606097,false,3,2,true,60,5,true,false,March
DST1732,Place_732,Kerala,East,Beach,Scenery,Kolkata,Tamil,554906,Chhatrapati Shivaji Maharaj International Airport,17340,Winter,Summer,2.63,4,56.5,85.79,23.47,50.63,216,5,Difficult,true,false,true,39,2203,111,false,1,10.1,2702.9,7,10,10,Pongal,Biryani,68,true,6,21052151,false,5,3,false,81,5,false,true,December
DST1733,Place_733,Goa,East,Wildlife,Scenery,Cochin,Tamil,972582,Sardar Vallabhbhai Patel International Airport,49723,Monsoon,Winter,7.4,9,49.16,89.74,17.82,44.73,488,2,Easy,true,false,false,59,4343,141,true,3,23.3,1950.8,1,2,8,Diwali,Vada Pav,14,true,3,9758729,true,2,5,true,36,5,false,false,October
DST1734,Place_734,Tamil Nadu,East,Wildlife,Culture,Bhopal,Tamil,750329,Sardar Vallabhbhai Patel International Airport,36655,Winter,Monsoon,14.78,5,47.31,92.23,38.73,12.89,245,5,Easy,true,true,true,80,6024,27,false,2,30.6,1587.7,3,3,9,Onam,Momos,24,true,3,26777884,false,2,4,true,13,1,true,true,May
DST1735,Place_735,Assam,East,Urban,Food,Goa,Malayalam,388334,Chaudhary Charan Singh International Airport,49562,Summer,Winter,8.2,8,56.94,87.33,32.78,35,271,5,Easy,true,false,true,83,6892,10,true,4,15.5,1977.2,5,5,1,Ganesh Chaturthi,Kebabs,27,true,8,22124616,false,2,4,true,85,4,true,false,May
DST1736,Place_736,Goa,South,Heritage,Scenery,Bhopal,Bengali,599127,Goa International Airport,15560,Monsoon,Winter,11.39,14,42.08,69.16,9.27,59.54,432,2,Easy,false,false,false,21,4372,41,false,5,26.6,1274,3,6,2,Navratri,Kebabs,95,true,3,1957324,true,3,1,false,94,1,false,true,March
DST1737,Place_737,Tamil Nadu,Northeast,Heritage,Food,Chennai,Bengali,373072,Chaudhary Charan Singh International Airport,24997,Monsoon,Monsoon,10.56,6,61.83,69.99,37.46,25.39,399,3,Moderate,false,true,false,31,1420,158,false,2,24.2,1807.1,6,3,8,Eid,Vada Pav,14,false,6,10762842,true,1,3,true,29,2,false,true,December
DST1738,Place_738,Tamil Nadu,Northeast,Heritage,Culture,Indore,Marathi,410569,Chaudhary Charan Singh International Airport,2340,Summer,Winter,12.9,6,70.08,72.34,12.39,34.65,349,4,Difficult,false,false,true,25,3257,175,true,4,20,2911.6,9,2,8,Eid,Kebabs,95,false,4,21889188,true,1,1,true,57,1,true,true,May
DST1739,Place_739,Kerala,Northeast,Wildlife,Food,Pune,Marathi,698422,Chhatrapati Shivaji Maharaj International Airport,45697,Monsoon,Summer,4.02,12,87.08,70.61,7.97,42.6,421,2,Moderate,false,true,true,25,7079,163,false,2,30.1,428.5,2,5,1,Holi,Vada Pav,26,false,3,23980231,true,5,1,false,62,5,true,true,March
DST1740,Place_740,Assam,West,Urban,Food,Bengaluru,Marathi,734163,Goa International Airport,27013,Summer,Monsoon,11.55,7,71.29,68.72,23.96,20.11,260,1,Difficult,false,true,true,21,1061,50,true,3,39.9,778,7,4,10,Holi,Kebabs,31,true,2,45084404,true,3,2,true,72,2,false,true,January
DST1741,Place_741,Rajasthan,Central,Hill Station,Food,Cochin,Hindi,317189,Pune Airport,33862,Winter,Winter,13.34,13,71.2,86.34,30.78,45.13,6,3,Moderate,true,false,true,31,5100,186,true,5,38.1,1619.9,4,5,5,Navratri,Sarson da Saag,94,false,2,39260289,true,1,2,true,26,2,false,false,May
DST1742,Place_742,Maharashtra,Northeast,Beach,Scenery,Guwahati,Marathi,748552,Chaudhary Charan Singh International Airport,23282,Winter,Monsoon,3.4,14,58.72,61.19,30.06,42.99,204,2,Moderate,true,false,true,80,5591,94,true,5,39.1,850,6,10,6,Durga Puja,Rogan Josh,96,false,5,13125929,false,4,2,false,88,2,true,true,January
DST1743,Place_743,Kerala,East,Hill Station,Temples,Guwahati,Tamil,280046,Raja Bhoj Airport,46608,Monsoon,Winter,5.86,5,46.67,85.49,23.69,28.75,263,2,Moderate,true,false,false,52,4178,102,false,3,10.6,2979,10,4,5,Pongal,Rogan Josh,73,true,7,29154883,true,3,4,true,41,3,true,true,December
DST1744,Place_744,Kerala,East,Wildlife,Wildlife,Ahmedabad,Marathi,472335,Raja Bhoj Airport,20076,Winter,Monsoon,14.58,3,62.35,88.82,22.25,24.22,288,2,Easy,true,true,false,48,2546,126,false,3,17.7,2188.8,10,4,6,Ganesh Chaturthi,Idli,37,false,5,42318857,true,2,5,false,75,1,true,true,August
DST1745,Place_745,Rajasthan,Northeast,Heritage,Food,Delhi,Tamil,279815,Sardar Vallabhbhai Patel International Airport,49524,Winter,Monsoon,11.93,7,69.93,62.31,38.93,55.96,317,4,Easy,false,false,true,40,6973,178,true,1,37.7,1358.5,6,8,7,Holi,Momos,90,false,3,39240280,true,2,3,true,94,2,true,true,January
DST1746,Place_746,Maharashtra,Northeast,Beach,Food,Bengaluru,Malayalam,572671,Sardar Vallabhbhai Patel International Airport,41894,Summer,Summer,4.96,14,76.2,62.16,33.72,16.35,201,5,Easy,false,true,true,32,9922,105,false,4,11.4,2718,8,6,10,Navratri,Chole Bhature,92,true,3,3390696,false,3,2,true,59,4,true,true,August
DST1747,Place_747,Goa,East,Wildlife,Food,Indore,Hindi,990148,Goa International Airport,20665,Winter,Monsoon,8.9,6,81.3,69.99,29.45,31.6,115,5,Easy,false,true,true,29,8554,68,false,4,20.9,518.9,7,2,6,Holi,Kebabs,22,true,5,16361225,true,3,3,false,22,2,false,false,January
DST1748,Place_748,Himachal Pradesh,West,Wildlife,Temples,Guwahati,Hindi,301107,Netaji Subhas Chandra Bose International Airport,11923,Winter,Summer,6.66,4,52.8,67.29,11.83,48.35,211,2,Moderate,false,false,false,77,9370,141,true,1,29.6,934.9,5,3,3,Durga Puja,Biryani,54,false,9,13327557,false,3,1,false,36,4,false,false,May
DST1749,Place_749,Assam,North,Wildlife,Culture,Cochin,Bengali,680609,Cochin International Airport,40821,Winter,Monsoon,7.86,5,52.06,80.34,33.69,17.41,159,2,Moderate,true,false,false,51,6609,150,false,4,39.5,2872.2,7,8,6,Lohri,Rogan Josh,43,false,9,40424916,true,2,5,false,35,1,false,false,January
DST1750,Place_750,Himachal Pradesh,North,Beach,Scenery,Indore,Malayalam,475926,Rajiv Gandhi International Airport,48940,Summer,Monsoon,5.97,4,68.26,83.64,31.24,56.65,476,5,Difficult,true,true,false,27,8233,70,false,5,18.3,1715.2,6,1,9,Lohri,Chole Bhature,63,false,7,49213168,true,5,4,false,62,4,false,true,May
DST1751,Place_751,Goa,Northeast,Beach,Temples,Delhi,Tamil,209398,Goa International Airport,11935,Monsoon,Winter,4.91,4,68.3,82.19,39.72,36.31,128,4,Easy,true,false,true,79,9720,60,true,2,32.9,2769.9,5,6,6,Pongal,Chole Bhature,42,true,2,27151830,false,1,3,false,43,1,false,true,March
DST1752,Place_752,Kerala,South,Urban,Food,Chennai,Malayalam,421117,Pune Airport,25041,Summer,Winter,10.45,5,50.9,72.51,9.65,35.24,346,3,Easy,false,true,true,54,2410,172,true,5,29.8,2954.2,9,3,6,Diwali,Biryani,25,true,7,26384996,false,3,5,false,91,1,true,true,March
DST1753,Place_753,Maharashtra,Northeast,Urban,Temples,Ahmedabad,Hindi,676702,Indira Gandhi International Airport,13467,Monsoon,Winter,11.9,3,69.37,77.44,30.04,31.21,147,5,Easy,false,false,false,69,9527,100,false,1,28.4,1144.7,4,9,5,Holi,Pav Bhaji,52,true,9,8834706,false,1,3,true,83,5,false,false,August
DST1754,Place_754,Kerala,Northeast,Hill Station,Temples,Goa,Tamil,518818,Sardar Vallabhbhai Patel International Airport,12073,Monsoon,Monsoon,13.24,5,57.29,82.4,39.27,53.37,310,2,Easy,true,false,false,20,5853,74,false,4,32.3,1771.8,7,10,1,Lohri,Pav Bhaji,70,false,6,25863920,false,4,1,false,92,5,true,false,October
DST1755,Place_755,Tamil Nadu,North,Beach,Temples,Lucknow,Malayalam,348749,Kempegowda International Airport,8691,Winter,Monsoon,3.17,11,71.97,64.18,21.19,57.42,446,4,Easy,true,false,false,54,7450,58,false,4,17.6,2555.4,7,1,5,Navratri,Idli,12,true,6,34561811,true,1,2,false,66,3,false,true,December
DST1756,Place_756,Kerala,East,Beach,Culture,Goa,Hindi,391836,Raja Bhoj Airport,47538,Winter,Summer,12.52,12,54.55,68.03,30.67,29,77,4,Easy,true,false,false,17,1210,186,true,2,20.2,890.9,3,2,1,Bihu,Sarson da Saag,68,true,6,32121033,false,1,1,true,21,5,false,true,January
DST1757,Place_757,Kerala,Northeast,Beach,Wildlife,Goa,Tamil,468102,Kempegowda International Airport,25490,Summer,Summer,4.57,3,69.61,91.17,39.14,37.12,462,2,Moderate,false,true,true,88,2454,112,false,2,26.8,1395.6,8,6,8,Durga Puja,Sarson da Saag,29,true,9,2633489,true,4,3,true,97,4,true,true,May
DST1758,Place_758,Goa,East,Urban,Scenery,Goa,Tamil,410894,Raja Bhoj Airport,16688,Summer,Summer,6.98,11,78.42,71.98,24.16,25.77,261,1,Easy,false,true,false,84,6030,151,false,2,23.2,544.6,9,4,1,Durga Puja,Sarson da Saag,41,true,3,23042515,true,4,4,true,74,2,true,false,October
DST1759,Place_759,Goa,East,Wildlife,Culture,Indore,Hindi,514976,Sardar Vallabhbhai Patel International Airport,33969,Summer,Winter,13.62,9,89.01,88.04,29.47,28.4,51,4,Easy,true,true,true,84,5144,174,false,5,31.7,1992.4,5,10,8,Ganesh Chaturthi,Idli,30,false,6,28050927,false,3,3,false,18,1,false,true,March
DST1760,Place_760,Goa,South,Heritage,Culture,Lucknow,Tamil,430600,Cochin International Airport,14829,Winter,Winter,7.36,11,85.55,68.78,5.7,11.42,257,5,Moderate,false,true,true,39,1440,39,true,1,34,112.2,1,1,4,Durga Puja,Rogan Josh,55,false,4,18790730,false,4,4,false,54,5,false,true,May
DST1761,Place_761,Himachal Pradesh,East,Urban,Wildlife,Indore,Hindi,910517,Kempegowda International Airport,4086,Monsoon,Summer,3.76,6,65.18,61.46,23.19,49.3,220,1,Difficult,true,true,true,36,7120,151,false,1,25.8,1403,1,10,3,Bihu,Pav Bhaji,78,false,7,45786254,false,4,4,false,91,1,true,false,May
DST1762,Place_762,Tamil Nadu,North,Beach,Culture,Indore,Marathi,385069,Devi Ahilya Bai Holkar Airport,45073,Summer,Monsoon,3.24,14,64.42,77.51,13.95,58.47,38,3,Moderate,true,true,true,91,9742,101,false,1,21.8,2794.5,5,4,4,Durga Puja,Biryani,11,true,8,16751263,true,2,3,false,53,4,true,false,October
DST1763,Place_763,Goa,West,Urban,Temples,Indore,Marathi,892047,Devi Ahilya Bai Holkar Airport,3590,Monsoon,Winter,7.62,8,61.89,91.24,9.59,48.48,247,5,Easy,true,false,true,29,9643,164,true,5,37.4,2702.2,2,2,2,Eid,Idli,95,true,3,25618122,true,1,3,false,57,5,false,true,May
DST1764,Place_764,Maharashtra,West,Hill Station,Temples,Guwahati,Tamil,923515,Chennai International Airport,40893,Winter,Winter,11.68,12,41.39,88.67,29.8,35.91,376,2,Moderate,false,false,true,47,9846,71,false,3,32.5,2430.9,2,9,3,Durga Puja,Kebabs,80,true,7,18767667,true,5,4,true,28,5,false,true,October
DST1765,Place_765,Himachal Pradesh,Central,Beach,Food,Bhopal,Tamil,614004,Pune Airport,8860,Winter,Summer,14.96,5,48.3,68.85,6.37,51.38,287,1,Easy,false,true,true,32,7504,12,false,4,30.2,509.4,6,7,4,Ganesh Chaturthi,Chole Bhature,83,false,4,26268444,true,1,3,true,95,2,true,true,January
DST1766,Place_766,Rajasthan,Northeast,Hill Station,Culture,Mumbai,Hindi,472908,Raja Bhoj Airport,39176,Winter,Winter,12.02,11,42.96,91.85,36.67,52.89,253,5,Moderate,false,true,false,70,1667,48,true,5,11.7,1608.8,5,6,9,Navratri,Pav Bhaji,61,false,3,30581799,false,5,5,true,91,2,false,true,January
DST1767,Place_767,Maharashtra,North,Beach,Food,Guwahati,Tamil,561535,Lokpriya Gopinath Bordoloi International Airport,2948,Winter,Summer,13.28,7,74.82,76.79,23.12,37.23,115,4,Difficult,false,true,false,71,7159,28,false,1,25.8,2185.5,2,9,10,Lohri,Idli,10,false,9,35079014,false,4,4,true,63,5,false,true,January
DST1768,Place_768,Assam,East,Urban,Scenery,Lucknow,Bengali,633893,Rajiv Gandhi International Airport,37731,Monsoon,Winter,11.47,14,60.66,61.71,27.69,56.86,434,2,Easy,false,true,false,99,5376,114,false,5,13.6,393.4,5,8,2,Durga Puja,Kebabs,89,true,3,36250560,false,2,4,false,85,1,false,true,March
DST1769,Place_769,Assam,West,Wildlife,Temples,Jaipur,Marathi,997525,Sardar Vallabhbhai Patel International Airport,34461,Monsoon,Monsoon,13.54,13,43.19,60.98,13.87,11.51,196,1,Moderate,true,true,false,37,4622,107,true,5,29.8,526.3,4,2,3,Pongal,Vada Pav,37,false,6,28349567,false,1,3,false,82,4,true,true,December
DST1770,Place_770,Maharashtra,North,Heritage,Scenery,Mumbai,Tamil,931040,Sardar Vallabhbhai Patel International Airport,27295,Summer,Monsoon,2.07,11,74.53,76.98,11.38,10.5,213,4,Moderate,true,true,true,51,5240,137,false,3,19,216.2,6,3,4,Diwali,Idli,70,false,9,41665646,false,1,1,true,45,4,false,true,October
DST1771,Place_771,Goa,West,Hill Station,Wildlife,Mumbai,Tamil,490932,Indira Gandhi International Airport,39131,Monsoon,Winter,14.02,5,72.22,79.12,13.53,14.07,91,2,Moderate,false,false,true,39,3510,176,false,2,32.2,1036.9,1,7,3,Holi,Dosa,93,false,3,19691930,false,5,5,true,24,2,true,false,January
DST1772,Place_772,Rajasthan,East,Urban,Temples,Bhopal,Malayalam,119192,Raja Bhoj Airport,45893,Monsoon,Summer,6.55,7,76,62.8,13.13,12.89,31,2,Easy,false,false,true,68,9051,19,false,1,33.3,2644.2,3,10,3,Ganesh Chaturthi,Idli,35,false,4,16060962,true,3,3,true,18,1,false,true,March
DST1773,Place_773,Rajasthan,West,Wildlife,Scenery,Indore,Tamil,937762,Pune Airport,12924,Monsoon,Winter,13.9,2,69.99,92.28,35.26,31.23,92,1,Moderate,true,true,true,94,2393,184,false,5,19,1571.7,5,4,9,Durga Puja,Chole Bhature,88,false,8,20388491,false,1,2,true,18,1,false,true,March
DST1774,Place_774,Himachal Pradesh,Northeast,Urban,Wildlife,Cochin,Bengali,328464,Chaudhary Charan Singh International Airport,39655,Summer,Summer,2.06,7,48.08,85.14,32.56,57.02,231,1,Easy,false,true,false,16,8474,137,false,2,39.3,2574.5,8,6,5,Pongal,Dosa,21,false,7,3291837,true,4,5,true,55,3,true,false,December
DST1775,Place_775,Rajasthan,Northeast,Hill Station,Scenery,Lucknow,Marathi,412093,Cochin International Airport,11851,Monsoon,Winter,11.01,7,43.07,88.04,34.85,43.76,130,1,Easy,false,false,true,57,8569,98,false,4,25.5,342.6,2,9,9,Onam,Chole Bhature,11,false,2,34386843,true,5,2,true,40,3,false,true,March
DST1776,Place_776,Assam,Central,Heritage,Wildlife,Pune,Malayalam,168382,Chaudhary Charan Singh International Airport,8734,Monsoon,Monsoon,11.3,3,80.86,80.44,30.72,42.97,317,5,Difficult,false,false,false,48,7637,160,true,4,16.5,262.7,8,7,6,Navratri,Idli,83,true,4,16147474,false,1,5,false,64,3,true,true,January
DST1777,Place_777,Tamil Nadu,Central,Urban,Wildlife,Kolkata,Hindi,723521,Devi Ahilya Bai Holkar Airport,43681,Monsoon,Monsoon,14.96,13,50.79,83.22,27.52,29.24,222,2,Difficult,false,false,true,50,2555,68,true,4,33.3,2431.3,8,3,10,Diwali,Sarson da Saag,30,false,5,26652700,true,3,4,true,79,4,false,true,May
DST1778,Place_778,Goa,West,Beach,Temples,Kolkata,Hindi,530802,Raja Bhoj Airport,49959,Winter,Winter,11.76,11,67.13,73.58,23.48,36.69,12,3,Moderate,true,false,false,15,4414,92,true,5,32.8,1543.5,6,6,8,Bihu,Pav Bhaji,64,true,9,44945973,true,1,5,false,67,4,true,true,December
DST1779,Place_779,Rajasthan,North,Wildlife,Food,Cochin,Marathi,152243,Jaipur International Airport,6293,Monsoon,Winter,6.36,11,64.26,83.78,14.29,25.21,325,4,Easy,false,false,false,74,7276,111,true,5,22.4,1465.7,5,7,1,Bihu,Vada Pav,25,true,7,14138025,true,5,3,true,24,5,true,false,January
DST1780,Place_780,Himachal Pradesh,Northeast,Urban,Wildlife,Jaipur,Hindi,462710,Netaji Subhas Chandra Bose International Airport,47613,Summer,Winter,8.8,10,86.05,94.24,29.69,35.89,20,1,Moderate,true,true,false,93,8679,157,false,3,29.8,1479.4,7,1,8,Navratri,Sarson da Saag,46,true,3,1103273,false,3,2,true,49,5,false,true,December
DST1781,Place_781,Assam,North,Wildlife,Wildlife,Indore,Bengali,420762,Raja Bhoj Airport,14820,Summer,Monsoon,6.13,7,67.62,82.67,9.78,47.33,444,2,Easy,false,false,true,50,4389,182,true,1,10.7,1205.1,6,7,1,Diwali,Rogan Josh,54,true,4,42848785,false,2,1,true,19,4,true,false,December
DST1782,Place_782,Tamil Nadu,North,Beach,Temples,Hyderabad,Tamil,238621,Chennai International Airport,3291,Summer,Monsoon,3.74,13,69,71.96,22.89,37.93,13,4,Easy,false,false,false,63,2894,53,true,2,18.7,2670.6,9,5,9,Onam,Sarson da Saag,95,true,6,39615421,true,1,2,false,10,1,false,false,March
DST1783,Place_783,Kerala,West,Heritage,Food,Pune,Marathi,152494,Chhatrapati Shivaji Maharaj International Airport,48163,Summer,Summer,4.48,12,55.98,69.98,11.83,30.94,344,3,Moderate,true,false,false,63,7736,27,true,4,36.4,1610.9,2,7,3,Diwali,Pav Bhaji,48,false,5,39408594,true,3,4,false,81,1,true,false,August
DST1784,Place_784,Kerala,North,Heritage,Culture,Hyderabad,Malayalam,843333,Chhatrapati Shivaji Maharaj International Airport,13391,Winter,Winter,4.11,14,87.93,93.72,22.67,52.25,326,4,Easy,true,false,true,38,7813,57,true,2,17,2924.3,6,7,9,Ganesh Chaturthi,Rogan Josh,50,false,2,39084695,true,4,4,true,33,2,false,true,January
DST1785,Place_785,Tamil Nadu,Northeast,Beach,Culture,Bhopal,Tamil,386102,Jaipur International Airport,36466,Summer,Winter,8.68,8,70.62,66.48,15.29,24.37,106,3,Moderate,false,false,true,25,7367,84,false,3,37.2,2554.9,7,6,8,Bihu,Pav Bhaji,31,true,4,7633439,false,5,1,false,94,3,true,true,January
DST1786,Place_786,Assam,East,Wildlife,Food,Delhi,Hindi,320851,Raja Bhoj Airport,45334,Winter,Monsoon,13.69,3,40.25,88.22,6.87,34.07,405,1,Easy,true,false,false,86,1971,10,false,4,27.4,2239,1,3,7,Lohri,Dosa,58,true,8,18959233,true,3,5,false,73,2,false,true,May
DST1787,Place_787,Himachal Pradesh,Central,Urban,Scenery,Goa,Hindi,600929,Rajiv Gandhi International Airport,42970,Winter,Winter,13.78,3,67.8,76.28,22.63,58.91,127,5,Moderate,true,false,true,76,8408,169,false,2,37.1,1945,9,9,1,Diwali,Dosa,90,false,4,14639231,true,5,5,false,57,4,false,true,January
DST1788,Place_788,Tamil Nadu,East,Beach,Temples,Indore,Malayalam,207960,Chhatrapati Shivaji Maharaj International Airport,47823,Winter,Summer,1.77,3,58.19,75.53,11.36,58.37,31,3,Moderate,true,false,false,56,9308,106,true,1,13.9,2522,8,5,7,Eid,Dosa,26,true,4,32872863,false,2,4,true,59,1,false,false,January
DST1789,Place_789,Goa,North,Hill Station,Food,Pune,Bengali,202478,Goa International Airport,31796,Summer,Winter,2.12,11,41.61,86.16,10.64,10.31,168,1,Difficult,false,false,true,52,4847,16,true,1,23.9,2657,5,9,2,Onam,Kebabs,35,true,5,8796551,false,5,1,false,12,1,false,true,March
DST1790,Place_790,Goa,East,Wildlife,Culture,Cochin,Malayalam,622419,Chaudhary Charan Singh International Airport,34809,Summer,Monsoon,4.43,14,61.58,65.18,18.45,36.61,287,4,Difficult,false,false,false,82,1436,104,true,3,18.9,486.4,5,3,2,Lohri,Chole Bhature,47,true,6,33519276,false,2,4,true,79,5,true,true,December
DST1791,Place_791,Kerala,Northeast,Heritage,Wildlife,Ahmedabad,Marathi,530754,Cochin International Airport,18591,Winter,Winter,4.57,12,78.68,76.32,17.66,26.85,425,4,Easy,false,false,true,23,4287,99,true,2,36.6,1143.2,9,7,9,Onam,Dosa,47,true,8,7642621,true,1,2,false,73,1,false,false,December
DST1792,Place_792,Rajasthan,Northeast,Beach,Culture,Hyderabad,Malayalam,105833,Kempegowda International Airport,43640,Winter,Monsoon,2.33,10,65.19,61.25,35.34,24.56,435,4,Moderate,false,true,true,88,2584,109,false,3,20.2,2435.8,2,5,9,Pongal,Chole Bhature,50,false,5,30732040,false,1,5,false,34,4,true,true,December
DST1793,Place_793,Himachal Pradesh,North,Heritage,Wildlife,Jaipur,Hindi,516602,Netaji Subhas Chandra Bose International Airport,37389,Summer,Summer,6.44,4,71.97,83.46,24.76,39.81,477,5,Moderate,true,false,false,8,8156,183,false,3,27.7,741.8,6,7,1,Diwali,Momos,76,true,6,13365188,false,1,2,false,65,3,false,false,December
DST1794,Place_794,Kerala,West,Wildlife,Temples,Indore,Bengali,348053,Raja Bhoj Airport,4352,Monsoon,Summer,9.23,14,71.99,62.04,34.91,32.32,80,2,Moderate,false,false,false,36,5312,161,true,3,34.8,1800,4,8,7,Durga Puja,Pav Bhaji,82,true,6,19136359,true,4,2,false,50,2,true,false,March
DST1795,Place_795,Rajasthan,East,Heritage,Wildlife,Jaipur,Bengali,199341,Goa International Airport,19062,Monsoon,Winter,9.09,5,73.55,63.06,10.14,46.64,487,3,Moderate,false,true,true,94,2595,78,false,5,16.9,2363.3,4,8,5,Navratri,Rogan Josh,74,false,2,17692583,true,1,3,false,68,1,false,true,August
DST1796,Place_796,Rajasthan,West,Beach,Food,Pune,Malayalam,827138,Lokpriya Gopinath Bordoloi International Airport,29172,Monsoon,Winter,8.61,2,59.38,89.57,17.51,11.36,181,2,Moderate,false,false,true,32,4190,117,true,1,11.4,749.4,8,5,6,Ganesh Chaturthi,Dosa,65,false,9,23551719,false,4,5,true,42,1,false,false,December
DST1797,Place_797,Goa,West,Wildlife,Wildlife,Bhopal,Marathi,718528,Lokpriya Gopinath Bordoloi International Airport,11937,Summer,Monsoon,5.74,2,58.5,75.5,24.44,56.34,357,4,Easy,true,false,false,80,8597,173,true,5,24.8,1265.8,3,5,1,Navratri,Vada Pav,28,false,3,23268532,true,4,4,false,84,4,true,false,December
DST1798,Place_798,Assam,South,Hill Station,Scenery,Mumbai,Hindi,994387,Goa International Airport,29121,Summer,Summer,10.89,5,40.23,67.03,10.36,38.38,189,5,Difficult,true,false,true,62,2342,59,false,5,30.5,2753.8,8,8,6,Onam,Kebabs,23,false,7,10390940,false,2,4,true,21,4,false,false,March
DST1799,Place_799,Maharashtra,North,Beach,Food,Ahmedabad,Tamil,518048,Pune Airport,15602,Winter,Summer,12.57,3,47.71,80.74,9.48,44.2,254,1,Moderate,false,true,true,78,6441,196,false,1,31.6,1132.4,10,6,1,Eid,Rogan Josh,75,false,3,30395884,true,1,2,false,10,4,true,false,December
DST1800,Place_800,Assam,Central,Urban,Temples,Chennai,Bengali,308929,Lokpriya Gopinath Bordoloi International Airport,42740,Summer,Summer,5.85,9,87.54,78.17,28.15,40.23,340,5,Moderate,true,true,false,45,9860,195,true,3,22.5,1853.7,5,6,4,Diwali,Vada Pav,80,false,4,42995858,true,4,1,true,77,5,false,true,December
DST1801,Place_801,Maharashtra,Northeast,Beach,Food,Ahmedabad,Malayalam,270002,Chaudhary Charan Singh International Airport,24136,Summer,Summer,2.2,14,82.12,74.38,27.88,59.46,473,2,Moderate,true,true,true,37,8344,55,true,2,12.4,1358.2,2,2,2,Onam,Pav Bhaji,47,true,3,38155160,false,5,3,false,78,1,true,true,October
DST1802,Place_802,Tamil Nadu,Northeast,Wildlife,Scenery,Cochin,Marathi,263479,Indira Gandhi International Airport,1945,Summer,Winter,5.15,5,53.76,91.69,13.2,59.31,298,4,Easy,false,false,true,18,8516,32,false,3,22.1,2643.4,5,7,2,Bihu,Sarson da Saag,52,false,7,44900883,false,2,3,false,68,2,false,true,December
DST1803,Place_803,Goa,North,Beach,Temples,Jaipur,Marathi,890505,Pune Airport,20812,Winter,Winter,2.92,4,60.06,86.23,12.95,40.49,386,3,Difficult,true,true,false,91,6910,21,false,3,13.7,1330,4,10,1,Holi,Pav Bhaji,19,true,9,46219566,false,1,2,true,84,2,false,true,May
DST1804,Place_804,Rajasthan,Central,Hill Station,Culture,Delhi,Hindi,904099,Raja Bhoj Airport,8973,Winter,Monsoon,7.54,4,87,65.31,31.09,44.2,165,5,Difficult,true,false,false,86,6883,165,true,5,12.2,1141.8,9,7,7,Lohri,Biryani,98,false,4,17876005,true,4,3,true,39,2,false,true,January
DST1805,Place_805,Himachal Pradesh,Northeast,Hill Station,Scenery,Guwahati,Bengali,509251,Lokpriya Gopinath Bordoloi International Airport,24552,Monsoon,Summer,3.18,7,52.52,79.98,9.09,40.93,464,2,Moderate,false,true,true,57,4151,195,true,2,19.1,602.5,6,6,2,Durga Puja,Idli,31,false,5,49459437,true,4,3,false,42,5,false,true,January
DST1806,Place_806,Maharashtra,North,Urban,Temples,Bhopal,Hindi,106732,Chhatrapati Shivaji Maharaj International Airport,15118,Monsoon,Winter,7.48,13,66.63,63.11,37.31,25.53,255,2,Easy,false,false,true,80,5139,70,false,1,33.3,1112.8,3,2,7,Navratri,Momos,84,true,9,47873778,false,2,2,false,49,3,true,false,October
DST1807,Place_807,Assam,Northeast,Heritage,Wildlife,Goa,Tamil,417241,Goa International Airport,12290,Summer,Winter,4.09,14,41.1,68.56,38.03,19.63,422,1,Difficult,true,true,false,46,8059,192,false,4,33.1,2041.7,2,5,2,Onam,Rogan Josh,73,true,3,15751949,true,2,4,false,94,5,true,false,May
DST1808,Place_808,Rajasthan,West,Wildlife,Food,Hyderabad,Tamil,103487,Indira Gandhi International Airport,26123,Summer,Summer,11.34,7,70.99,91.85,35.48,30.14,197,3,Difficult,false,true,false,40,9644,43,true,1,28.2,609.9,7,6,7,Ganesh Chaturthi,Biryani,54,false,2,28633330,true,2,2,false,31,1,false,true,October
DST1809,Place_809,Maharashtra,East,Wildlife,Temples,Hyderabad,Tamil,331560,Pune Airport,17383,Winter,Winter,1.39,7,86.5,76.17,12.37,44.14,212,2,Easy,true,false,false,29,9080,103,false,2,34.8,2145.6,1,4,4,Diwali,Dosa,83,true,2,13737502,true,1,2,false,34,5,true,true,October
DST1810,Place_810,Maharashtra,East,Heritage,Food,Delhi,Marathi,944134,Sardar Vallabhbhai Patel International Airport,11366,Monsoon,Monsoon,8.77,7,84.24,91.22,5.59,12.8,44,3,Difficult,true,false,false,56,9385,110,true,1,25,130.9,5,10,9,Eid,Idli,27,false,8,25321924,true,4,5,true,13,4,true,false,December
DST1811,Place_811,Maharashtra,Northeast,Hill Station,Wildlife,Bengaluru,Bengali,882031,Chennai International Airport,2797,Monsoon,Monsoon,3.37,9,65.1,65.81,37.78,35.72,301,4,Easy,false,false,false,44,2035,27,false,5,17.3,1164.2,5,6,1,Diwali,Vada Pav,78,false,9,43376224,true,5,4,false,21,2,false,false,May
DST1812,Place_812,Himachal Pradesh,South,Hill Station,Temples,Goa,Hindi,457105,Devi Ahilya Bai Holkar Airport,27456,Monsoon,Summer,1.01,9,72.48,67.19,17.04,30.42,370,5,Difficult,true,false,true,90,8097,129,true,2,27.1,1451.2,4,5,3,Pongal,Chole Bhature,20,true,8,14404289,false,5,2,true,13,1,true,false,January
DST1813,Place_813,Goa,Central,Beach,Culture,Bhopal,Hindi,605410,Lokpriya Gopinath Bordoloi International Airport,45016,Summer,Monsoon,13.17,10,68.49,72.35,15.86,36.37,359,2,Easy,true,false,true,74,8556,172,false,4,37.7,378.7,3,10,5,Ganesh Chaturthi,Pav Bhaji,36,false,2,2136245,false,5,5,false,32,1,true,true,January
DST1814,Place_814,Himachal Pradesh,Central,Urban,Scenery,Bhopal,Tamil,709395,Chaudhary Charan Singh International Airport,22427,Summer,Winter,10.4,2,43.35,72.82,14.16,53.01,12,4,Moderate,true,true,true,84,9015,185,true,4,11.1,2083.9,9,9,7,Bihu,Chole Bhature,36,true,9,15635612,true,2,3,true,79,1,true,true,May
DST1815,Place_815,Kerala,Central,Urban,Temples,Guwahati,Bengali,207721,Indira Gandhi International Airport,3257,Summer,Monsoon,2.39,11,47.94,86.08,13.56,12.38,51,1,Difficult,false,false,false,66,2149,46,false,2,38.9,398,4,6,7,Holi,Rogan Josh,69,true,5,1077905,true,2,1,true,67,1,true,false,March
DST1816,Place_816,Rajasthan,West,Urban,Wildlife,Pune,Bengali,433175,Jaipur International Airport,3197,Winter,Winter,10.3,9,88.19,80.98,30.71,48.18,264,3,Difficult,true,false,false,91,8239,50,true,1,32.3,360.9,9,1,6,Ganesh Chaturthi,Chole Bhature,45,false,4,46117549,false,2,4,false,44,3,true,true,December
DST1817,Place_817,Goa,Central,Beach,Temples,Cochin,Malayalam,446361,Chennai International Airport,9222,Monsoon,Summer,9.56,6,52.8,79.36,36.78,43.35,440,4,Difficult,true,false,false,13,9631,143,false,4,30.6,1167,7,10,5,Lohri,Momos,66,false,5,17764599,false,1,5,false,67,5,false,false,May
DST1818,Place_818,Goa,East,Urban,Food,Jaipur,Bengali,376925,Pune Airport,26187,Winter,Summer,7.63,4,59.22,81.08,32.51,20.19,324,3,Easy,true,true,true,97,9923,137,false,2,28.4,2241.1,9,10,5,Pongal,Biryani,22,true,5,24964389,true,4,4,false,15,1,true,true,October
DST1819,Place_819,Goa,West,Heritage,Temples,Kolkata,Bengali,926297,Lokpriya Gopinath Bordoloi International Airport,15152,Monsoon,Winter,6.87,12,65.45,85.63,28.59,46.71,42,3,Difficult,false,false,true,82,5397,95,false,2,17.7,2894.7,2,1,4,Lohri,Biryani,37,false,8,17696718,true,5,5,false,16,3,false,true,October
DST1820,Place_820,Assam,North,Beach,Culture,Lucknow,Hindi,632757,Rajiv Gandhi International Airport,21781,Summer,Winter,13.42,11,88.96,91.25,15.07,34.82,6,2,Difficult,false,true,false,73,4655,100,false,2,36.6,2350.5,2,2,9,Ganesh Chaturthi,Kebabs,75,false,8,22167002,false,4,3,true,30,5,true,true,January
DST1821,Place_821,Goa,Central,Heritage,Temples,Delhi,Bengali,407311,Raja Bhoj Airport,36680,Winter,Monsoon,4.43,4,74.5,74.52,24.14,34.05,229,3,Easy,false,false,true,25,5216,48,false,3,39.1,1451.4,8,2,8,Navratri,Vada Pav,16,true,5,30025694,false,5,3,true,24,5,false,true,May
DST1822,Place_822,Himachal Pradesh,Central,Beach,Scenery,Delhi,Bengali,880226,Jaipur International Airport,12004,Winter,Winter,6.58,7,71.48,88.1,13.29,34.15,43,4,Difficult,true,false,false,57,1785,13,false,1,37.7,890.5,9,4,9,Navratri,Pav Bhaji,79,false,9,16222241,true,4,1,true,75,3,true,true,May
DST1823,Place_823,Goa,North,Urban,Temples,Ahmedabad,Hindi,312810,Chaudhary Charan Singh International Airport,42642,Summer,Summer,5.61,9,66.22,77.33,8.9,57.46,171,1,Difficult,false,false,true,74,6419,153,true,2,13.3,974.1,2,10,7,Ganesh Chaturthi,Chole Bhature,28,false,8,34821095,true,2,3,false,96,4,true,true,January
DST1824,Place_824,Tamil Nadu,Central,Heritage,Food,Pune,Bengali,906360,Sardar Vallabhbhai Patel International Airport,26515,Monsoon,Winter,11.8,11,75.03,85.27,9.21,57.22,101,2,Easy,false,true,true,5,3602,61,true,2,32.1,922.7,6,2,5,Durga Puja,Biryani,24,true,6,44945486,true,1,3,true,76,4,true,true,October
DST1825,Place_825,Rajasthan,North,Heritage,Temples,Pune,Hindi,307593,Indira Gandhi International Airport,16416,Monsoon,Monsoon,13.83,3,73.2,90.62,26.13,55.68,222,5,Easy,true,false,false,35,7617,122,true,3,26.7,907.1,6,8,10,Diwali,Dosa,96,false,5,12514586,true,5,1,true,21,1,false,true,January
DST1826,Place_826,Goa,West,Heritage,Culture,Bhopal,Malayalam,401743,Kempegowda International Airport,7152,Monsoon,Monsoon,12.9,13,85.14,61.13,6.35,54.34,67,1,Easy,false,false,false,49,5309,28,false,5,33.7,300.4,7,8,2,Onam,Rogan Josh,97,false,8,8860666,true,3,4,false,58,3,true,true,August
DST1827,Place_827,Rajasthan,East,Beach,Wildlife,Kolkata,Marathi,509991,Raja Bhoj Airport,8172,Monsoon,Winter,12.17,10,67.09,79.13,39.06,11.88,121,4,Difficult,true,true,false,32,2358,101,true,3,20.6,739.3,5,2,4,Ganesh Chaturthi,Chole Bhature,55,true,3,47913758,true,5,3,false,88,3,false,false,December
DST1828,Place_828,Tamil Nadu,North,Wildlife,Temples,Lucknow,Hindi,428648,Indira Gandhi International Airport,4185,Summer,Monsoon,14.82,6,61.08,94.63,39.84,30.03,76,2,Moderate,true,false,false,7,1212,130,false,2,38.7,413,3,9,6,Eid,Pav Bhaji,61,false,8,47837615,true,1,4,false,71,4,false,false,October
DST1829,Place_829,Tamil Nadu,South,Urban,Temples,Pune,Hindi,569134,Chennai International Airport,26352,Summer,Monsoon,10.76,6,80.36,77.37,10.23,54.74,299,3,Easy,true,true,false,91,8742,26,true,1,19.4,121.4,10,9,8,Diwali,Dosa,33,false,4,32916457,false,4,1,false,42,3,true,false,May
DST1830,Place_830,Rajasthan,North,Heritage,Scenery,Bhopal,Bengali,170687,Indira Gandhi International Airport,31743,Summer,Summer,11.51,2,79.99,90.25,19.96,47.76,462,1,Difficult,true,false,true,44,5593,182,true,3,32.1,928.2,3,9,5,Eid,Biryani,63,true,2,14468310,true,5,2,true,70,3,false,false,March
DST1831,Place_831,Maharashtra,Central,Wildlife,Culture,Indore,Hindi,520020,Chennai International Airport,32212,Summer,Winter,14.76,7,48.49,66.51,31.88,32.83,295,2,Moderate,true,false,true,8,9220,139,false,2,25.1,1121.4,6,9,9,Diwali,Biryani,62,false,7,17026431,true,4,3,true,22,1,true,false,March
DST1832,Place_832,Kerala,West,Urban,Wildlife,Mumbai,Tamil,995554,Lokpriya Gopinath Bordoloi International Airport,27618,Winter,Summer,1.1,14,51.84,81.15,38.43,48.66,204,5,Moderate,false,true,true,74,3944,139,false,1,28.5,2789.6,1,7,4,Bihu,Biryani,65,true,9,39775906,false,2,4,false,22,1,false,true,March
DST1833,Place_833,Assam,Northeast,Urban,Food,Jaipur,Tamil,787619,Jaipur International Airport,10161,Winter,Summer,9.88,12,87.93,90.46,36.2,20.41,426,5,Easy,true,false,false,80,8680,97,false,3,13.5,2985,8,9,6,Onam,Vada Pav,31,true,8,31189063,false,1,5,false,68,3,false,true,May
DST1834,Place_834,Maharashtra,West,Heritage,Temples,Guwahati,Malayalam,881085,Indira Gandhi International Airport,49533,Winter,Monsoon,11.35,12,62.21,75.1,13.92,39.99,490,5,Easy,true,false,false,16,7216,64,false,4,28.3,1780.4,7,8,4,Diwali,Biryani,79,false,8,11173430,true,1,5,true,37,2,true,false,May
DST1835,Place_835,Maharashtra,Northeast,Heritage,Wildlife,Cochin,Hindi,710572,Jaipur International Airport,18467,Summer,Summer,13.85,6,65.98,77.04,7.98,36.65,317,2,Easy,true,false,false,66,9980,100,false,1,26.9,2712.9,7,10,6,Onam,Dosa,56,true,6,1723040,true,5,2,false,86,2,true,false,December
DST1836,Place_836,Himachal Pradesh,North,Beach,Food,Mumbai,Bengali,185227,Sardar Vallabhbhai Patel International Airport,22589,Monsoon,Winter,13.37,8,55.51,62.87,15.11,38.68,170,1,Easy,true,true,true,75,3253,13,false,2,31.6,1892.9,6,8,10,Bihu,Dosa,13,false,4,24937606,true,4,3,false,33,3,true,true,March
DST1837,Place_837,Assam,East,Wildlife,Culture,Guwahati,Bengali,197556,Sardar Vallabhbhai Patel International Airport,38630,Winter,Winter,12.79,8,64.05,61.48,20.3,46.09,217,3,Easy,true,false,false,96,4739,132,true,1,18.6,1543,3,7,3,Navratri,Idli,43,false,4,45569571,true,3,3,true,39,4,false,false,March
DST1838,Place_838,Assam,South,Wildlife,Culture,Bengaluru,Marathi,667848,Raja Bhoj Airport,4070,Winter,Winter,14.24,5,77.17,76.4,17.6,57.49,402,1,Difficult,true,false,false,94,7195,109,false,1,35,223.8,9,2,8,Ganesh Chaturthi,Rogan Josh,60,true,5,5763114,true,4,3,true,13,1,true,true,December
DST1839,Place_839,Maharashtra,West,Heritage,Wildlife,Cochin,Malayalam,389400,Chennai International Airport,45708,Summer,Summer,8.52,6,64.12,89.52,32.09,23.2,304,3,Difficult,true,true,true,52,7162,149,false,2,38.4,229.3,10,2,4,Eid,Chole Bhature,36,false,8,13441769,false,4,5,true,22,2,false,false,August
DST1840,Place_840,Goa,Central,Urban,Food,Jaipur,Bengali,630413,Pune Airport,9563,Monsoon,Winter,1.1,11,55.74,92.6,14.02,47.9,192,1,Easy,false,false,true,11,8877,191,true,4,36.5,189.3,6,8,7,Bihu,Pav Bhaji,31,false,2,39634654,false,4,2,true,85,1,false,false,January
DST1841,Place_841,Himachal Pradesh,Northeast,Heritage,Culture,Indore,Marathi,628658,Sardar Vallabhbhai Patel International Airport,26254,Monsoon,Winter,1.15,9,44.8,83.05,35.05,42.26,332,1,Difficult,false,false,false,61,7666,69,true,1,21.7,535.2,6,2,10,Holi,Idli,63,false,4,42601036,true,4,5,true,10,3,false,true,December
DST1842,Place_842,Himachal Pradesh,Central,Urban,Wildlife,Goa,Bengali,104838,Netaji Subhas Chandra Bose International Airport,48699,Monsoon,Summer,8.62,3,86.41,88.92,12.9,44.76,152,2,Easy,false,false,true,60,9185,38,true,2,32.9,323,6,2,8,Bihu,Kebabs,25,true,3,15935842,false,4,3,true,53,1,true,false,March
DST1843,Place_843,Tamil Nadu,East,Urban,Culture,Chennai,Marathi,214479,Indira Gandhi International Airport,17585,Summer,Summer,7.09,2,83.58,85.72,17.65,31.45,467,5,Easy,true,true,true,71,3703,198,true,1,21,664.6,6,7,9,Diwali,Sarson da Saag,66,true,8,6708181,false,5,2,true,58,2,false,false,March
DST1844,Place_844,Assam,Northeast,Heritage,Culture,Jaipur,Tamil,157429,Netaji Subhas Chandra Bose International Airport,31297,Monsoon,Summer,7.32,7,79.57,84.55,20.67,57.23,40,5,Moderate,false,false,false,17,8923,55,true,5,35.9,1605.7,6,7,2,Diwali,Vada Pav,78,false,2,4827635,false,5,5,false,90,3,true,false,December
DST1845,Place_845,Maharashtra,West,Hill Station,Culture,Jaipur,Tamil,866355,Raja Bhoj Airport,15772,Winter,Summer,6.61,12,74.7,86.92,15.19,33.98,22,5,Easy,false,false,true,56,1084,106,true,4,21.3,1559.3,4,1,3,Diwali,Rogan Josh,68,true,3,29171745,true,3,3,false,33,3,true,true,August
DST1846,Place_846,Tamil Nadu,North,Wildlife,Scenery,Kolkata,Bengali,667487,Indira Gandhi International Airport,15455,Winter,Monsoon,13.85,5,65.78,77.69,31.82,16.08,185,5,Moderate,true,true,true,67,6658,58,true,5,15.6,1098.1,2,7,9,Bihu,Rogan Josh,50,false,6,36769480,false,1,2,true,43,3,true,false,January
DST1847,Place_847,Rajasthan,Central,Urban,Food,Goa,Malayalam,701380,Chhatrapati Shivaji Maharaj International Airport,7299,Winter,Summer,6.03,14,84.87,76.03,19.33,44.03,215,1,Difficult,false,true,false,45,8957,129,true,1,24.7,2031.3,1,5,7,Lohri,Kebabs,42,false,8,32099362,false,1,2,true,48,1,false,true,March
DST1848,Place_848,Kerala,East,Urban,Wildlife,Mumbai,Hindi,487069,Jaipur International Airport,11188,Summer,Summer,12.99,11,79.59,65.57,36.05,16.44,42,5,Easy,true,true,true,79,5866,155,true,4,14.1,1236.6,8,5,7,Diwali,Idli,54,false,4,48018498,true,3,1,true,51,4,true,true,August
DST1849,Place_849,Himachal Pradesh,West,Hill Station,Wildlife,Lucknow,Malayalam,789182,Lokpriya Gopinath Bordoloi International Airport,46454,Monsoon,Winter,13.64,4,80.8,89.53,38.73,26.13,360,1,Moderate,true,false,true,27,4114,85,false,2,27.6,738.7,5,2,4,Durga Puja,Biryani,78,true,6,6619391,false,4,2,true,16,2,false,true,October
DST1850,Place_850,Rajasthan,West,Beach,Food,Ahmedabad,Malayalam,848873,Chennai International Airport,47779,Summer,Winter,7.99,8,55.48,61.56,35.09,21.4,112,3,Moderate,true,true,true,51,8877,83,false,5,27.3,2107.2,3,6,1,Durga Puja,Pav Bhaji,32,false,9,1913277,false,2,1,false,32,5,false,false,December
DST1851,Place_851,Rajasthan,West,Hill Station,Food,Bhopal,Hindi,906545,Chaudhary Charan Singh International Airport,25763,Monsoon,Summer,7.26,9,61.17,69.36,23.29,36.95,230,4,Difficult,true,false,false,69,4672,161,false,4,24.7,2942.6,9,4,8,Lohri,Vada Pav,55,false,8,47205176,false,5,3,true,30,2,true,true,January
DST1852,Place_852,Goa,West,Hill Station,Food,Kolkata,Tamil,818954,Chaudhary Charan Singh International Airport,33517,Summer,Summer,11.65,12,75.34,78.2,22.84,27.38,423,4,Moderate,false,false,false,35,6924,26,false,4,28.1,2451,3,7,10,Onam,Pav Bhaji,41,false,3,11825292,true,3,1,false,52,2,false,true,January
DST1853,Place_853,Kerala,Northeast,Urban,Food,Jaipur,Tamil,720390,Rajiv Gandhi International Airport,22555,Winter,Summer,10.91,13,58.55,94.01,12.56,17.99,413,3,Easy,true,true,true,40,2373,116,true,1,39.3,1300.7,5,2,9,Ganesh Chaturthi,Momos,61,false,6,40344480,true,1,3,true,69,5,false,false,October
DST1854,Place_854,Rajasthan,West,Wildlife,Temples,Ahmedabad,Hindi,364813,Cochin International Airport,30323,Summer,Winter,5.6,5,64.7,87.51,25.73,49.54,417,1,Easy,false,false,false,18,6011,105,true,5,21.5,1189.4,2,8,4,Ganesh Chaturthi,Dosa,87,true,8,35220963,false,4,3,true,33,2,false,true,March
DST1855,Place_855,Rajasthan,Central,Hill Station,Wildlife,Bhopal,Marathi,280499,Goa International Airport,18938,Summer,Winter,2.44,13,72.33,72.9,38.35,33.42,109,5,Moderate,false,true,true,41,6952,193,true,2,22.7,212.1,6,5,1,Eid,Biryani,42,true,3,1681699,false,4,4,true,76,3,false,false,October
DST1856,Place_856,Kerala,East,Beach,Temples,Cochin,Malayalam,574833,Pune Airport,22983,Summer,Summer,4.71,13,61.89,84.99,7.82,32.72,137,2,Easy,true,true,true,36,8330,98,true,3,18.2,2005.5,9,8,9,Onam,Vada Pav,78,false,8,40784849,true,4,1,false,37,3,false,false,March
DST1857,Place_857,Kerala,Northeast,Heritage,Culture,Goa,Bengali,768298,Devi Ahilya Bai Holkar Airport,13874,Winter,Winter,2.83,11,79.65,92.6,31.34,54.32,104,1,Easy,false,true,false,57,3652,61,false,1,15.5,745.6,1,7,5,Durga Puja,Momos,66,false,8,35121438,true,2,2,false,75,1,false,false,March
DST1858,Place_858,Rajasthan,West,Hill Station,Culture,Cochin,Tamil,498933,Chennai International Airport,25805,Summer,Winter,5.13,13,45.81,78.86,35.43,36.94,315,1,Moderate,true,true,false,32,3090,80,true,4,18.7,2082.2,3,3,6,Bihu,Chole Bhature,44,true,5,23160286,true,3,2,false,13,5,true,false,August
DST1859,Place_859,Kerala,South,Hill Station,Wildlife,Guwahati,Bengali,964250,Raja Bhoj Airport,47209,Summer,Summer,4.67,12,75.9,76.17,39.53,45.49,384,3,Difficult,true,false,false,69,1296,29,false,5,16.4,2304.5,10,9,2,Ganesh Chaturthi,Momos,63,false,5,32432655,false,5,3,true,90,3,true,true,August
DST1860,Place_860,Rajasthan,South,Beach,Culture,Hyderabad,Hindi,819935,Sardar Vallabhbhai Patel International Airport,33822,Winter,Winter,9.93,12,47.26,79.35,16.72,26.4,139,3,Difficult,true,false,false,51,2130,166,false,3,23,2651.4,1,9,5,Eid,Pav Bhaji,67,false,6,45835365,false,5,1,false,93,5,true,false,May
DST1861,Place_861,Rajasthan,East,Wildlife,Food,Ahmedabad,Bengali,704025,Kempegowda International Airport,21750,Monsoon,Summer,14.36,7,86.89,70.9,17.45,38.06,429,2,Easy,false,false,true,75,3984,92,false,4,17,1689.9,5,2,1,Navratri,Idli,95,false,7,32775414,true,5,5,true,45,3,false,true,January
DST1862,Place_862,Goa,North,Hill Station,Temples,Delhi,Bengali,124406,Devi Ahilya Bai Holkar Airport,37799,Summer,Monsoon,10.6,14,55.7,91.76,13.04,46.32,254,5,Moderate,true,true,true,84,9908,187,false,5,25.5,2506.9,5,3,3,Lohri,Momos,79,false,7,13343883,true,4,2,false,66,2,true,false,August
DST1863,Place_863,Maharashtra,North,Hill Station,Food,Kolkata,Malayalam,615904,Pune Airport,43083,Winter,Monsoon,13.97,12,79.77,87.9,32.62,24.82,498,4,Easy,false,true,true,36,8597,128,false,5,18.6,2197.2,4,10,1,Lohri,Rogan Josh,65,false,3,44736047,true,1,5,true,99,5,true,false,January
DST1864,Place_864,Rajasthan,Northeast,Wildlife,Culture,Indore,Hindi,327894,Pune Airport,28946,Summer,Monsoon,11.98,12,66.07,84.69,9.9,44.43,348,5,Easy,false,false,false,28,4983,127,false,3,22.7,1123.6,5,10,1,Pongal,Rogan Josh,13,false,4,21129706,false,4,1,true,66,3,false,true,March
DST1865,Place_865,Tamil Nadu,Northeast,Beach,Temples,Kolkata,Bengali,112873,Kempegowda International Airport,2552,Winter,Winter,11.19,3,44.55,80.62,14.37,38.44,74,5,Moderate,true,true,false,18,7520,152,false,4,13.9,408.6,8,1,9,Ganesh Chaturthi,Rogan Josh,75,false,8,20244074,false,4,2,true,95,4,false,true,December
DST1866,Place_866,Himachal Pradesh,Northeast,Hill Station,Food,Delhi,Tamil,225812,Jaipur International Airport,31049,Monsoon,Monsoon,6.8,9,69.13,93.93,15.33,31.71,232,1,Difficult,true,false,false,51,5426,168,true,3,14.9,802.3,8,1,6,Holi,Momos,18,true,2,47955570,false,2,5,false,28,5,true,true,August
DST1867,Place_867,Assam,North,Wildlife,Wildlife,Bhopal,Hindi,968480,Raja Bhoj Airport,8795,Monsoon,Winter,5.55,7,85.61,70.42,18.12,45.65,400,2,Easy,false,true,false,83,5331,22,true,2,28.4,2549.3,6,3,8,Pongal,Momos,28,true,6,5783675,false,4,2,false,40,5,false,false,May
DST1868,Place_868,Maharashtra,South,Hill Station,Food,Hyderabad,Tamil,647749,Pune Airport,6271,Summer,Summer,12.85,12,47.86,69.91,19.76,25.85,211,1,Difficult,false,true,true,5,8818,65,false,1,27,1649.8,4,3,5,Pongal,Pav Bhaji,72,false,4,39728745,false,4,4,false,51,4,false,false,March
DST1869,Place_869,Maharashtra,North,Heritage,Culture,Pune,Marathi,513926,Chhatrapati Shivaji Maharaj International Airport,15665,Winter,Monsoon,13.68,10,56.07,68.47,24.57,45.73,57,3,Easy,true,false,true,96,5811,28,true,1,15.1,2030.1,4,5,9,Pongal,Chole Bhature,69,false,8,40849403,false,2,4,true,69,5,true,false,October
DST1870,Place_870,Maharashtra,Central,Urban,Temples,Pune,Bengali,113448,Pune Airport,1115,Monsoon,Winter,7.33,12,61.96,85.96,38.19,37.56,37,4,Moderate,true,false,false,23,6176,79,true,2,18.8,2437.6,5,6,4,Navratri,Sarson da Saag,60,false,3,4118987,false,4,3,false,98,1,false,true,August
DST1871,Place_871,Goa,West,Heritage,Wildlife,Guwahati,Hindi,639486,Cochin International Airport,37381,Monsoon,Monsoon,1.13,14,53.75,87.9,13.65,22.28,261,2,Moderate,true,false,false,62,3484,165,false,4,16.6,2034.4,5,4,10,Diwali,Idli,82,true,8,9514957,true,3,1,false,39,2,true,true,January
DST1872,Place_872,Rajasthan,Northeast,Hill Station,Temples,Pune,Tamil,697446,Goa International Airport,29994,Winter,Winter,12.1,14,87.19,80.9,32.27,43.41,445,2,Difficult,true,true,true,11,7139,159,false,3,33.9,2582.6,2,10,8,Onam,Dosa,14,true,3,26313838,false,3,2,true,57,2,false,false,May
DST1873,Place_873,Goa,South,Beach,Wildlife,Pune,Bengali,599600,Devi Ahilya Bai Holkar Airport,28186,Summer,Winter,4.99,7,58.88,82.82,28.67,54.24,211,5,Easy,true,false,false,86,7262,165,false,1,20.9,350.4,6,7,6,Diwali,Chole Bhature,25,true,6,3957277,false,3,5,false,82,3,true,true,May
DST1874,Place_874,Rajasthan,East,Urban,Temples,Mumbai,Malayalam,561154,Rajiv Gandhi International Airport,31267,Monsoon,Summer,1.14,7,72.9,72.21,9.06,25.5,457,1,Moderate,false,false,false,81,1570,89,false,2,22.2,2720.6,7,3,10,Pongal,Rogan Josh,99,false,8,36816482,false,2,2,false,39,1,false,false,May
DST1875,Place_875,Goa,East,Heritage,Culture,Delhi,Tamil,325075,Netaji Subhas Chandra Bose International Airport,40140,Monsoon,Winter,12.27,13,51.2,61.39,33.36,50.62,137,5,Easy,false,true,true,68,2314,123,false,5,29.9,2456.6,3,4,5,Lohri,Sarson da Saag,16,false,4,3399790,false,5,2,true,50,4,false,true,March
DST1876,Place_876,Goa,West,Wildlife,Wildlife,Cochin,Tamil,266033,Raja Bhoj Airport,49898,Monsoon,Winter,8.24,3,50.99,68.88,8.17,26.81,478,5,Easy,false,true,true,22,8971,42,true,1,19.8,2718.7,10,5,5,Holi,Biryani,11,true,7,38462544,false,3,5,false,41,4,false,false,March
DST1877,Place_877,Himachal Pradesh,South,Beach,Scenery,Indore,Marathi,798367,Lokpriya Gopinath Bordoloi International Airport,25935,Summer,Monsoon,10.59,6,48.79,80.45,30.86,51.06,281,2,Difficult,true,true,true,67,6452,123,false,1,21.3,2219.5,4,8,3,Holi,Sarson da Saag,87,false,6,48853954,false,1,5,false,68,2,false,true,August
DST1878,Place_878,Tamil Nadu,North,Heritage,Temples,Hyderabad,Malayalam,165470,Chaudhary Charan Singh International Airport,32748,Monsoon,Summer,13.81,10,61.74,88.45,30.05,12.56,57,4,Easy,true,true,false,72,5595,182,true,2,33.9,895.7,9,9,4,Lohri,Kebabs,40,false,5,21445256,false,1,4,false,57,4,true,true,December
DST1879,Place_879,Goa,North,Wildlife,Temples,Cochin,Marathi,283328,Jaipur International Airport,25603,Winter,Winter,8.58,2,66.64,87.2,29.13,10.36,272,3,Easy,true,true,false,54,9922,185,true,3,33.8,430.3,4,3,10,Holi,Vada Pav,95,true,8,46823931,false,4,3,false,88,2,false,true,December
DST1880,Place_880,Himachal Pradesh,Central,Hill Station,Food,Jaipur,Malayalam,645027,Chennai International Airport,4837,Summer,Monsoon,8.04,5,40.54,66.28,14.68,15.66,52,5,Difficult,true,false,false,72,5577,124,false,1,28.1,476,10,1,5,Holi,Momos,42,true,3,15151999,true,5,5,true,74,1,true,false,January
DST1881,Place_881,Kerala,Central,Wildlife,Wildlife,Bengaluru,Tamil,970486,Sardar Vallabhbhai Patel International Airport,37301,Monsoon,Summer,5.07,11,81.65,61.8,25.07,53.7,205,4,Moderate,false,true,false,95,6588,72,false,3,26.8,1546.8,7,2,9,Bihu,Idli,49,true,8,15117715,false,4,2,false,30,1,true,false,October
DST1882,Place_882,Tamil Nadu,North,Heritage,Scenery,Bhopal,Marathi,420330,Lokpriya Gopinath Bordoloi International Airport,10610,Winter,Winter,5.27,11,65.64,89.77,31.66,36.69,4,5,Easy,false,false,false,20,1325,35,true,2,15.4,1233.7,2,2,10,Pongal,Pav Bhaji,68,true,5,26225148,true,3,4,false,45,1,false,false,March
DST1883,Place_883,Goa,East,Heritage,Culture,Kolkata,Bengali,126547,Devi Ahilya Bai Holkar Airport,29615,Winter,Monsoon,12.15,4,47.86,62.65,27.32,39.71,322,4,Easy,false,true,true,18,8230,96,true,5,24.2,1997.2,5,3,3,Diwali,Rogan Josh,92,true,9,42634813,false,1,1,false,76,3,true,false,December
DST1884,Place_884,Assam,Northeast,Hill Station,Food,Ahmedabad,Malayalam,194472,Chhatrapati Shivaji Maharaj International Airport,12108,Summer,Summer,7.29,2,43.36,73.77,33.15,52.11,106,1,Moderate,false,true,true,66,8347,10,true,1,18.2,1559.5,6,2,5,Lohri,Biryani,15,false,6,7497611,true,2,4,true,88,4,false,false,May
DST1885,Place_885,Maharashtra,East,Wildlife,Scenery,Pune,Tamil,972255,Jaipur International Airport,39599,Winter,Summer,3.29,2,43.16,63.3,29.08,12.53,242,3,Difficult,true,true,true,82,6947,199,false,3,31.9,463.4,2,1,9,Holi,Momos,55,false,3,31042118,false,5,4,true,97,3,true,false,May
DST1886,Place_886,Kerala,Central,Wildlife,Wildlife,Guwahati,Hindi,611517,Raja Bhoj Airport,23347,Summer,Summer,2.32,2,52.88,79.74,14.61,29.36,147,2,Moderate,false,true,true,11,4235,102,false,3,28.8,106.5,1,6,1,Holi,Kebabs,49,true,9,39487516,true,4,4,true,25,5,true,false,January
DST1887,Place_887,Kerala,West,Hill Station,Scenery,Ahmedabad,Malayalam,206887,Netaji Subhas Chandra Bose International Airport,35062,Summer,Summer,7.62,2,64.96,72.72,10.36,42.15,178,1,Easy,true,false,false,60,5073,115,true,4,21.3,472.1,9,7,5,Durga Puja,Vada Pav,52,false,7,5746101,false,1,2,true,67,4,false,false,October
DST1888,Place_888,Himachal Pradesh,North,Wildlife,Temples,Bengaluru,Malayalam,806791,Goa International Airport,49431,Summer,Winter,7.51,14,83.01,67.09,27.12,30.23,173,5,Easy,false,false,true,18,9746,140,false,3,26.1,525.5,7,1,4,Ganesh Chaturthi,Pav Bhaji,83,true,7,40743805,false,3,5,true,16,5,false,false,August
DST1889,Place_889,Kerala,Central,Hill Station,Temples,Kolkata,Bengali,833771,Rajiv Gandhi International Airport,8550,Winter,Winter,10.15,3,85.15,80.83,31.59,11.61,462,5,Difficult,false,false,true,46,9394,93,false,3,22.6,2187.8,8,9,1,Diwali,Sarson da Saag,21,false,6,19996124,true,3,3,true,89,1,true,false,August
DST1890,Place_890,Tamil Nadu,Central,Beach,Food,Chennai,Malayalam,897118,Netaji Subhas Chandra Bose International Airport,29205,Summer,Summer,7.59,12,81.62,72.72,9.98,42.55,322,3,Difficult,true,true,true,74,5785,116,true,2,14.4,927.3,5,7,1,Navratri,Kebabs,99,false,9,1757369,true,5,1,false,37,3,true,false,December
DST1891,Place_891,Goa,Northeast,Heritage,Wildlife,Indore,Malayalam,248608,Chennai International Airport,19459,Summer,Summer,3.01,6,56.43,65.84,11.12,29.57,386,3,Moderate,true,false,true,66,5879,125,true,3,33.4,371.5,5,4,7,Holi,Biryani,13,false,7,1224273,true,4,3,false,59,3,true,true,March
DST1892,Place_892,Goa,North,Beach,Wildlife,Guwahati,Bengali,396206,Kempegowda International Airport,47598,Winter,Winter,8.11,3,55.33,84.5,5.42,10.96,406,3,Difficult,true,false,false,47,2587,14,false,4,36.9,2290.6,1,3,6,Ganesh Chaturthi,Pav Bhaji,68,false,2,42914113,false,3,2,true,21,2,false,true,October
DST1893,Place_893,Assam,Northeast,Urban,Scenery,Cochin,Bengali,934648,Sardar Vallabhbhai Patel International Airport,46799,Summer,Monsoon,13.7,5,89.37,89.29,23.61,18.53,392,5,Moderate,true,false,false,61,1452,182,false,5,37.9,2827.4,3,6,1,Pongal,Biryani,58,false,4,37897455,true,1,3,true,34,1,false,true,December
DST1894,Place_894,Maharashtra,North,Urban,Food,Lucknow,Marathi,393797,Kempegowda International Airport,24750,Monsoon,Summer,3.23,10,74.06,69.58,23.98,20.88,138,5,Moderate,false,false,true,95,4074,21,false,4,33.7,391.4,7,3,4,Ganesh Chaturthi,Vada Pav,14,true,8,1583449,false,4,3,false,39,2,false,true,March
DST1895,Place_895,Himachal Pradesh,Northeast,Urban,Wildlife,Hyderabad,Tamil,645961,Lokpriya Gopinath Bordoloi International Airport,45637,Winter,Winter,10.66,4,55.25,66.52,22.5,35.53,174,2,Easy,true,false,false,79,2112,57,false,5,34.6,2892.9,10,4,7,Eid,Pav Bhaji,33,true,9,28966426,false,1,1,true,81,1,false,false,March
DST1896,Place_896,Maharashtra,East,Hill Station,Temples,Mumbai,Tamil,241439,Raja Bhoj Airport,28729,Winter,Winter,9.31,3,56.45,62.63,16.06,19.32,252,3,Moderate,false,true,true,35,2074,23,true,1,11.7,2855.8,9,9,6,Ganesh Chaturthi,Rogan Josh,44,false,3,17368570,true,3,4,false,20,2,false,false,January
DST1897,Place_897,Kerala,West,Wildlife,Scenery,Bhopal,Marathi,119629,Devi Ahilya Bai Holkar Airport,39585,Winter,Monsoon,11.48,5,61.73,78.48,19.97,28.07,432,4,Moderate,false,true,true,55,4524,62,true,5,33.5,1617,8,5,10,Pongal,Rogan Josh,14,true,8,27145509,false,1,5,true,69,3,true,true,August
DST1898,Place_898,Assam,West,Beach,Culture,Guwahati,Tamil,745044,Lokpriya Gopinath Bordoloi International Airport,19162,Monsoon,Winter,3.11,10,71.09,89.1,31.82,47.53,249,2,Difficult,false,true,true,71,5767,54,false,5,19.1,957.7,5,10,2,Holi,Momos,14,true,8,37763219,true,3,5,false,51,3,true,true,December
DST1899,Place_899,Maharashtra,North,Beach,Temples,Ahmedabad,Malayalam,735929,Indira Gandhi International Airport,46635,Summer,Summer,14.18,5,84.9,68.78,11.36,50.39,427,4,Difficult,false,true,false,5,9671,169,true,4,14.1,500.5,3,5,9,Ganesh Chaturthi,Biryani,81,true,8,8749463,true,2,3,false,64,2,true,false,May
DST1900,Place_900,Tamil Nadu,South,Beach,Food,Pune,Marathi,565406,Raja Bhoj Airport,45854,Winter,Winter,9.69,13,49.92,76.12,12.05,49.77,368,1,Easy,true,false,true,84,4318,167,false,2,25.7,2489.2,9,9,10,Navratri,Pav Bhaji,64,true,9,32194598,true,4,1,false,45,2,true,true,January
DST1901,Place_901,Goa,Central,Beach,Wildlife,Delhi,Marathi,387207,Rajiv Gandhi International Airport,11690,Winter,Summer,12.86,6,44.22,65.63,28.34,44.75,488,3,Easy,true,false,false,48,3933,21,true,2,27.1,1853.7,4,2,3,Durga Puja,Chole Bhature,74,true,7,28024268,true,1,5,true,58,4,false,true,January
DST1902,Place_902,Kerala,Central,Urban,Temples,Ahmedabad,Tamil,381466,Sardar Vallabhbhai Patel International Airport,30104,Winter,Winter,4.45,5,60.29,74.15,35.34,37.09,396,2,Easy,false,false,false,95,8850,109,false,5,24.5,1988.8,9,7,2,Diwali,Chole Bhature,75,true,3,25296612,true,4,5,false,55,3,false,true,May
DST1903,Place_903,Assam,North,Beach,Culture,Kolkata,Hindi,839906,Chennai International Airport,17757,Monsoon,Summer,11.35,14,52.27,60.54,16.91,37.53,135,2,Moderate,false,false,false,54,4794,92,true,4,29.6,2596.5,3,7,1,Pongal,Idli,16,true,5,19703424,false,1,5,false,79,5,true,true,December
DST1904,Place_904,Maharashtra,Northeast,Wildlife,Culture,Chennai,Tamil,608853,Raja Bhoj Airport,15770,Monsoon,Summer,11.93,9,68.8,91.88,37.65,57.67,446,1,Difficult,true,true,false,64,3443,53,true,2,31.4,1387.4,7,6,3,Holi,Idli,24,true,2,38882163,false,3,3,false,44,5,false,true,December
DST1905,Place_905,Himachal Pradesh,South,Urban,Food,Guwahati,Hindi,899125,Jaipur International Airport,48097,Monsoon,Winter,6.56,14,74.96,83.68,7.02,53.89,21,1,Moderate,true,false,true,7,5254,162,true,2,14.1,1167.5,1,4,6,Ganesh Chaturthi,Chole Bhature,87,true,9,5113153,false,3,2,true,23,1,true,false,October
DST1906,Place_906,Tamil Nadu,East,Beach,Temples,Hyderabad,Marathi,240313,Chaudhary Charan Singh International Airport,11457,Summer,Summer,6.38,5,55.54,71.65,9.15,42.49,37,1,Easy,false,false,false,76,3512,179,true,4,28.5,2310.7,10,7,10,Pongal,Kebabs,86,false,5,23333480,false,2,3,false,46,4,false,true,May
DST1907,Place_907,Tamil Nadu,Northeast,Hill Station,Scenery,Delhi,Hindi,522994,Devi Ahilya Bai Holkar Airport,43802,Summer,Winter,10.21,3,74.27,90.84,21.1,33.42,26,2,Difficult,false,false,true,84,7714,30,true,5,11.6,961.9,5,3,1,Lohri,Momos,53,false,4,25842045,false,1,3,false,49,2,true,false,May
DST1908,Place_908,Maharashtra,Northeast,Heritage,Temples,Lucknow,Malayalam,464523,Sardar Vallabhbhai Patel International Airport,18957,Monsoon,Winter,2.31,13,57.16,66.4,30.32,46.45,281,5,Moderate,false,false,true,58,5654,198,true,1,23.5,1051,9,9,2,Diwali,Momos,38,true,6,2256229,false,2,2,false,61,5,true,true,May
DST1909,Place_909,Goa,North,Heritage,Culture,Kolkata,Bengali,899083,Cochin International Airport,30619,Summer,Winter,11.3,5,71.75,62.76,17.98,13.14,278,4,Difficult,true,true,false,6,2896,75,false,4,13,1205.2,9,1,9,Diwali,Pav Bhaji,11,true,2,30129434,false,1,5,true,50,1,false,true,May
DST1910,Place_910,Maharashtra,North,Heritage,Food,Chennai,Hindi,781326,Raja Bhoj Airport,21828,Monsoon,Summer,1.6,3,71.65,92.99,24.42,57.23,119,4,Moderate,true,false,true,33,8125,110,false,4,23.5,2583.4,6,6,1,Navratri,Momos,67,false,5,31127389,false,2,3,true,14,3,false,true,December
DST1911,Place_911,Kerala,Central,Urban,Food,Delhi,Bengali,895707,Jaipur International Airport,18171,Summer,Winter,3.67,10,53.91,70.82,6,37.38,252,1,Easy,false,true,true,20,7686,30,true,4,15.3,2359.4,6,1,1,Navratri,Idli,80,true,8,41700029,true,4,4,true,30,3,false,true,December
DST1912,Place_912,Maharashtra,North,Beach,Scenery,Lucknow,Malayalam,145606,Raja Bhoj Airport,35313,Summer,Monsoon,10.3,12,71.79,92.76,21.16,35.14,358,5,Moderate,false,true,false,97,3294,35,true,5,32,945.1,3,6,9,Navratri,Chole Bhature,19,false,9,23647432,false,3,5,true,64,5,false,true,August
DST1913,Place_913,Tamil Nadu,North,Urban,Food,Ahmedabad,Bengali,101658,Jaipur International Airport,47127,Monsoon,Summer,2.38,9,59.05,82.32,13.49,24.54,478,5,Moderate,false,false,false,99,8402,169,false,5,37,516.5,9,5,3,Lohri,Kebabs,93,false,6,11289141,false,1,5,false,58,1,true,true,August
DST1914,Place_914,Assam,North,Wildlife,Food,Kolkata,Malayalam,325571,Cochin International Airport,14146,Winter,Monsoon,14.61,10,56.82,94.3,23.07,10.17,476,1,Easy,false,true,false,63,2355,26,true,4,15.1,1239.1,1,5,6,Pongal,Rogan Josh,98,true,7,28183375,true,5,5,false,70,3,true,false,January
DST1915,Place_915,Maharashtra,Central,Hill Station,Food,Cochin,Bengali,172468,Indira Gandhi International Airport,47266,Winter,Monsoon,13.16,5,54.46,86.37,23.4,13.06,64,3,Easy,false,true,false,15,2194,13,true,2,32.1,1911.2,7,10,3,Diwali,Dosa,64,true,8,47677922,false,5,3,true,15,1,true,false,January
DST1916,Place_916,Goa,East,Hill Station,Food,Indore,Bengali,507464,Devi Ahilya Bai Holkar Airport,46939,Summer,Monsoon,9.77,2,57.28,63.69,31.36,23.15,73,2,Moderate,false,false,true,28,2498,48,false,1,14.4,2061.1,3,6,2,Navratri,Vada Pav,99,false,4,46475675,true,3,1,true,60,3,false,true,October
DST1917,Place_917,Assam,East,Heritage,Food,Indore,Tamil,517653,Chhatrapati Shivaji Maharaj International Airport,15202,Summer,Monsoon,12.47,4,79.34,89.83,23.89,37.08,302,3,Moderate,true,false,true,87,3889,24,true,3,23,681.2,2,8,3,Eid,Dosa,51,true,4,36390283,false,5,1,false,70,3,false,false,May
DST1918,Place_918,Himachal Pradesh,North,Heritage,Culture,Goa,Hindi,795087,Goa International Airport,38142,Summer,Winter,13.43,8,52.26,65.18,26.5,14.18,316,5,Moderate,true,true,false,36,1515,42,true,4,28.8,823.3,5,9,10,Lohri,Biryani,79,false,9,9938315,true,5,2,false,71,3,true,false,October
DST1919,Place_919,Rajasthan,Central,Heritage,Temples,Jaipur,Bengali,249273,Rajiv Gandhi International Airport,22831,Summer,Monsoon,4.63,2,74.1,84.23,23.54,58.6,173,1,Easy,true,false,false,78,5582,198,true,4,26.1,2797.3,5,3,4,Durga Puja,Kebabs,77,true,7,4603506,true,5,1,true,33,2,true,true,October
DST1920,Place_920,Maharashtra,East,Beach,Wildlife,Goa,Marathi,665438,Rajiv Gandhi International Airport,10849,Summer,Summer,12.89,12,85.03,77.51,39.66,30.55,387,2,Easy,true,false,true,58,7798,151,false,5,11.7,1216.7,2,5,1,Lohri,Rogan Josh,81,true,2,7598648,false,2,5,true,61,2,false,true,December
DST1921,Place_921,Goa,Northeast,Wildlife,Food,Lucknow,Tamil,870508,Lokpriya Gopinath Bordoloi International Airport,21439,Summer,Monsoon,3.73,9,57.52,84.77,32.71,25.82,414,4,Easy,true,true,true,60,6552,99,true,5,20.9,1011,8,6,3,Pongal,Idli,22,true,7,17776200,true,2,4,false,25,1,true,true,October
DST1922,Place_922,Assam,East,Wildlife,Wildlife,Chennai,Hindi,901431,Indira Gandhi International Airport,17990,Monsoon,Monsoon,6.79,10,41.48,86.77,31.45,36.26,259,5,Difficult,false,true,false,91,2671,56,false,3,24.1,2117.6,2,1,7,Eid,Chole Bhature,46,true,2,25922012,true,1,4,false,16,3,false,true,October
DST1923,Place_923,Goa,East,Wildlife,Wildlife,Jaipur,Tamil,351775,Kempegowda International Airport,14336,Winter,Monsoon,8.82,9,41.23,88.13,26.95,13.25,284,2,Difficult,true,true,false,98,3771,139,true,5,21.7,1456.8,8,1,2,Eid,Biryani,17,false,7,14563250,false,2,5,false,51,1,false,true,August
DST1924,Place_924,Himachal Pradesh,Central,Wildlife,Culture,Jaipur,Hindi,368520,Kempegowda International Airport,36344,Winter,Winter,10.99,6,46.98,89.22,23.49,52.52,72,2,Easy,false,false,false,98,6399,99,false,5,30,815.7,6,1,7,Eid,Chole Bhature,49,false,3,15342834,true,4,3,false,99,5,true,true,May
DST1925,Place_925,Tamil Nadu,Northeast,Heritage,Food,Guwahati,Malayalam,413817,Chennai International Airport,23953,Monsoon,Monsoon,1.42,13,45.5,89.65,17.07,33.01,78,3,Difficult,true,true,false,75,5858,75,true,2,36.6,1287,10,2,4,Onam,Momos,18,false,4,32482512,false,1,3,false,30,3,false,true,January
DST1926,Place_926,Goa,Central,Hill Station,Wildlife,Mumbai,Bengali,889908,Chhatrapati Shivaji Maharaj International Airport,6051,Monsoon,Monsoon,5.07,12,77.4,74.44,32.44,18.92,43,4,Difficult,false,false,false,84,4042,185,false,1,30,518.2,4,4,7,Diwali,Idli,87,true,7,6557920,false,5,5,false,57,3,false,false,March
DST1927,Place_927,Assam,North,Heritage,Food,Chennai,Marathi,348465,Jaipur International Airport,11068,Winter,Monsoon,9.52,13,54.74,91.12,11.64,18.09,232,3,Moderate,false,true,false,47,1693,185,false,2,27.7,910.7,3,6,3,Eid,Momos,69,true,3,41122145,true,5,5,true,69,1,true,false,August
DST1928,Place_928,Goa,West,Wildlife,Scenery,Jaipur,Tamil,956334,Pune Airport,17967,Winter,Summer,6,14,72.63,85.19,6.28,28.05,2,3,Moderate,false,true,false,57,7352,90,false,4,14.5,1313.5,9,3,7,Holi,Vada Pav,84,true,6,5389365,false,3,2,false,91,1,true,false,October
DST1929,Place_929,Goa,East,Heritage,Scenery,Ahmedabad,Tamil,607726,Pune Airport,22773,Summer,Winter,11.85,10,42.12,89.36,29.44,38.67,442,3,Moderate,false,true,true,5,7861,27,false,2,20.5,1602.2,6,9,10,Holi,Sarson da Saag,98,false,2,27140001,true,1,3,false,26,5,false,false,December
DST1930,Place_930,Goa,West,Wildlife,Scenery,Kolkata,Tamil,977701,Kempegowda International Airport,44769,Winter,Winter,10.12,5,54.79,94.62,10.07,30.85,78,3,Difficult,true,true,true,98,8658,188,true,3,26.4,2250.8,5,3,7,Eid,Sarson da Saag,96,false,3,31770789,true,5,1,false,30,5,true,false,March
DST1931,Place_931,Kerala,Central,Urban,Wildlife,Kolkata,Tamil,833354,Indira Gandhi International Airport,32014,Summer,Winter,4.28,10,51.71,64.07,36.63,39.84,376,5,Difficult,true,false,true,65,8995,141,false,2,38,1216.3,10,4,3,Holi,Biryani,19,false,4,10537112,true,2,1,true,61,1,true,true,May
DST1932,Place_932,Kerala,Central,Hill Station,Scenery,Goa,Bengali,722619,Chhatrapati Shivaji Maharaj International Airport,9847,Summer,Summer,3.04,2,53.84,72.97,31.97,45.27,180,4,Moderate,true,true,true,38,9350,90,false,5,19.1,1682.5,3,4,6,Ganesh Chaturthi,Pav Bhaji,80,true,8,1832123,false,5,3,true,15,2,true,false,May
DST1933,Place_933,Tamil Nadu,Central,Urban,Culture,Ahmedabad,Hindi,513831,Cochin International Airport,5881,Winter,Monsoon,9.81,13,49.54,88.23,26.08,47.42,138,3,Moderate,false,false,true,65,8167,170,false,3,20.1,2857.9,3,5,9,Bihu,Dosa,86,true,6,35099249,false,5,4,true,28,4,false,true,October
DST1934,Place_934,Maharashtra,West,Beach,Culture,Mumbai,Bengali,635452,Netaji Subhas Chandra Bose International Airport,42182,Summer,Summer,7.31,12,70.9,63.02,15.99,30.05,389,5,Easy,false,false,true,65,7197,160,true,3,27.7,2473.1,6,5,7,Pongal,Vada Pav,31,true,9,11564908,false,3,5,true,75,5,true,true,August
DST1935,Place_935,Goa,Central,Heritage,Wildlife,Hyderabad,Malayalam,925748,Lokpriya Gopinath Bordoloi International Airport,8699,Summer,Winter,3.37,4,73.13,78.93,27.33,45.85,302,5,Difficult,true,false,false,99,5488,190,true,4,37,787.3,10,2,5,Eid,Kebabs,65,false,2,23058838,true,5,2,false,28,4,false,true,March
DST1936,Place_936,Himachal Pradesh,North,Beach,Food,Guwahati,Bengali,823920,Chaudhary Charan Singh International Airport,25180,Monsoon,Winter,5.57,5,47.42,90.04,21.69,17.08,6,2,Moderate,false,true,false,12,9435,22,true,4,26.3,719.1,4,6,1,Onam,Sarson da Saag,55,true,4,34637932,true,4,2,true,31,5,false,false,October
DST1937,Place_937,Maharashtra,Central,Heritage,Temples,Indore,Bengali,260631,Chhatrapati Shivaji Maharaj International Airport,49813,Winter,Winter,5.24,12,77.06,60.66,15.19,35.65,370,2,Moderate,true,false,false,58,4745,80,false,5,15.2,2021.8,4,9,8,Ganesh Chaturthi,Pav Bhaji,27,true,5,40740229,true,4,2,true,89,5,false,false,December
DST1938,Place_938,Himachal Pradesh,South,Urban,Food,Mumbai,Malayalam,425112,Raja Bhoj Airport,38891,Monsoon,Summer,2.51,11,52.5,92.88,38.08,13.63,365,1,Moderate,false,false,false,57,6835,67,false,1,12.3,1826.5,8,5,4,Ganesh Chaturthi,Chole Bhature,82,false,6,10823078,true,5,1,true,34,5,false,true,March
DST1939,Place_939,Maharashtra,West,Wildlife,Food,Kolkata,Bengali,297872,Goa International Airport,49979,Summer,Winter,8.66,2,54.15,94.24,10.67,22.21,323,5,Difficult,false,true,false,24,5839,74,false,3,36.7,1685.9,2,1,2,Eid,Biryani,95,false,6,37888484,false,5,4,true,53,5,true,false,August
DST1940,Place_940,Tamil Nadu,South,Wildlife,Food,Bhopal,Hindi,764407,Chennai International Airport,4550,Summer,Monsoon,11.69,13,81.44,71.28,31.37,39.16,212,1,Moderate,false,true,true,50,6455,113,false,5,30.1,547.1,6,9,9,Lohri,Chole Bhature,68,true,5,12782074,false,4,4,false,20,2,true,true,December
DST1941,Place_941,Goa,Central,Heritage,Food,Guwahati,Marathi,538201,Jaipur International Airport,23163,Monsoon,Summer,9.06,7,85.06,86.84,33,47.02,0,5,Moderate,false,true,true,97,8311,51,true,4,16.6,1151.6,9,7,3,Pongal,Dosa,70,false,2,42884094,true,2,2,false,85,2,true,true,December
DST1942,Place_942,Goa,North,Wildlife,Temples,Hyderabad,Malayalam,303195,Goa International Airport,44402,Monsoon,Monsoon,12.57,14,81.24,64.45,38.31,14.77,183,3,Moderate,true,true,true,35,7981,104,true,4,31.7,2302.2,3,7,6,Bihu,Rogan Josh,61,true,8,38629518,true,1,5,false,37,4,false,true,December
DST1943,Place_943,Rajasthan,East,Urban,Scenery,Mumbai,Tamil,576387,Jaipur International Airport,30675,Monsoon,Winter,2.79,5,47.39,87.05,24.23,20.35,250,3,Moderate,false,false,true,89,3949,109,true,1,31.6,2198.4,5,6,3,Durga Puja,Momos,18,true,9,23304385,false,4,5,false,75,1,true,false,January
DST1944,Place_944,Himachal Pradesh,Northeast,Wildlife,Food,Jaipur,Hindi,604316,Lokpriya Gopinath Bordoloi International Airport,45945,Summer,Winter,7.1,5,89.96,76.85,23.72,59.59,214,1,Moderate,true,true,true,30,9482,98,true,3,33.2,579,7,1,7,Holi,Momos,72,true,4,1727845,false,3,5,true,47,4,true,true,December
DST1945,Place_945,Maharashtra,Northeast,Urban,Culture,Cochin,Marathi,759230,Cochin International Airport,33934,Winter,Summer,9.53,2,73.61,90.11,37.21,26.88,76,3,Easy,false,true,true,99,6736,118,false,3,36.8,1337.9,1,7,2,Eid,Biryani,73,false,7,21484952,true,4,2,true,85,2,false,false,December
DST1946,Place_946,Maharashtra,Central,Beach,Wildlife,Hyderabad,Hindi,658382,Devi Ahilya Bai Holkar Airport,27592,Summer,Monsoon,10.46,6,65.53,67.44,33.04,24.2,42,3,Moderate,true,true,true,67,9322,123,true,5,14.6,1383.9,8,4,4,Eid,Sarson da Saag,23,false,6,34903595,false,1,5,true,34,2,false,true,March
DST1947,Place_947,Kerala,North,Urban,Wildlife,Cochin,Hindi,417473,Rajiv Gandhi International Airport,42077,Monsoon,Summer,10.74,10,87.74,83.54,31.73,14.26,411,2,Easy,true,true,true,24,6396,49,false,1,38.7,1574.9,6,5,10,Onam,Dosa,85,false,3,17699207,false,4,3,true,11,3,false,true,May
DST1948,Place_948,Rajasthan,West,Hill Station,Culture,Kolkata,Tamil,764577,Sardar Vallabhbhai Patel International Airport,24039,Winter,Monsoon,11.21,7,80.87,87.51,32.62,44.74,156,3,Difficult,true,true,false,26,2414,103,false,2,40,1437.4,4,7,9,Durga Puja,Biryani,26,true,7,6451323,false,1,2,false,42,3,true,false,December
DST1949,Place_949,Assam,South,Hill Station,Food,Guwahati,Marathi,445282,Raja Bhoj Airport,43769,Monsoon,Winter,10.12,9,74.59,67.09,22.26,35.41,17,2,Difficult,false,false,true,61,9093,111,true,5,10.4,1555,6,3,8,Onam,Momos,26,false,7,40545418,false,2,4,true,22,5,true,true,March
DST1950,Place_950,Assam,South,Hill Station,Temples,Ahmedabad,Hindi,166141,Goa International Airport,24726,Summer,Summer,2.32,12,81.92,88.64,6.45,17.88,342,4,Difficult,true,false,false,61,7070,30,true,3,12.7,2458.1,2,2,8,Eid,Dosa,60,true,2,21922908,true,2,1,true,65,3,true,false,December
DST1951,Place_951,Kerala,South,Heritage,Scenery,Pune,Tamil,253415,Sardar Vallabhbhai Patel International Airport,35974,Winter,Summer,10.73,5,59.27,93.53,11.94,41.64,219,5,Difficult,true,true,false,30,4928,92,true,5,23,1229.5,4,1,8,Diwali,Sarson da Saag,65,false,9,46945924,true,5,3,true,61,1,true,true,March
DST1952,Place_952,Kerala,West,Heritage,Wildlife,Cochin,Malayalam,752595,Rajiv Gandhi International Airport,35018,Winter,Monsoon,11.15,10,74.22,81.56,27.5,36.29,72,2,Difficult,false,true,false,21,7210,170,false,5,11,1700.9,8,8,7,Diwali,Sarson da Saag,33,true,8,22870244,false,2,1,false,54,4,false,true,May
DST1953,Place_953,Kerala,Northeast,Heritage,Scenery,Guwahati,Tamil,806182,Chennai International Airport,5558,Summer,Winter,14.91,8,49.53,87.47,18.87,38.25,189,2,Moderate,true,false,true,93,6865,120,true,5,32,1859.6,4,8,6,Bihu,Pav Bhaji,86,true,2,26965139,false,4,3,false,59,4,false,true,May
DST1954,Place_954,Himachal Pradesh,North,Urban,Temples,Goa,Bengali,602009,Goa International Airport,33174,Monsoon,Winter,10.71,8,89.4,78.64,26.24,59.74,362,2,Moderate,false,true,true,31,9584,51,true,5,29.5,2832.7,5,7,8,Eid,Sarson da Saag,45,false,4,46077259,true,3,2,false,68,2,true,true,March
DST1955,Place_955,Himachal Pradesh,West,Heritage,Wildlife,Jaipur,Tamil,525305,Jaipur International Airport,31405,Monsoon,Monsoon,10.62,9,69.45,80.93,24.31,11.43,261,5,Difficult,true,false,true,71,5072,46,false,3,33.3,1998.7,2,10,7,Onam,Chole Bhature,71,true,5,21132862,false,4,4,false,73,4,false,true,March
DST1956,Place_956,Tamil Nadu,South,Beach,Scenery,Jaipur,Tamil,546811,Sardar Vallabhbhai Patel International Airport,43631,Monsoon,Monsoon,8.21,3,80.71,60.47,20.35,55.75,143,5,Moderate,true,false,true,60,3084,138,false,1,40,479,3,9,1,Holi,Idli,27,false,6,16991124,true,2,3,false,97,1,true,true,March
DST1957,Place_957,Tamil Nadu,Central,Hill Station,Temples,Pune,Tamil,445341,Sardar Vallabhbhai Patel International Airport,3151,Summer,Monsoon,13.15,13,60.37,78.35,13.22,52.09,484,5,Easy,true,false,true,28,9788,86,true,1,38,1789.1,3,10,6,Durga Puja,Chole Bhature,64,true,8,46254308,false,3,2,false,93,3,false,false,August
DST1958,Place_958,Kerala,East,Urban,Scenery,Lucknow,Hindi,968750,Chaudhary Charan Singh International Airport,38845,Monsoon,Monsoon,14.96,7,77.93,80.14,30.16,30.77,128,3,Easy,false,false,true,29,5987,163,true,4,19,2019.6,2,1,8,Navratri,Vada Pav,51,true,7,26102009,false,2,4,true,93,3,false,false,May
DST1959,Place_959,Rajasthan,West,Hill Station,Food,Goa,Marathi,261101,Sardar Vallabhbhai Patel International Airport,16552,Winter,Monsoon,11.91,8,59.37,83.45,36.82,54.05,277,2,Moderate,true,true,false,14,4197,122,false,4,21.9,127.6,8,3,5,Bihu,Kebabs,74,true,6,9792630,false,1,1,false,56,1,true,true,December
DST1960,Place_960,Maharashtra,West,Heritage,Temples,Indore,Tamil,703311,Devi Ahilya Bai Holkar Airport,36065,Monsoon,Winter,9.58,4,69.5,65.93,31.95,42.43,301,5,Difficult,true,true,true,40,8664,48,true,2,33.3,318.4,3,5,6,Holi,Dosa,23,true,8,19072945,true,4,3,false,21,3,false,true,October
DST1961,Place_961,Himachal Pradesh,North,Urban,Scenery,Cochin,Tamil,544540,Jaipur International Airport,42996,Monsoon,Winter,2.11,9,78.91,68.45,9.2,54.47,189,4,Difficult,false,true,true,86,8624,56,false,1,21.6,155.1,1,2,2,Lohri,Sarson da Saag,19,true,3,25274452,false,3,2,true,54,5,false,false,May
DST1962,Place_962,Rajasthan,North,Wildlife,Food,Cochin,Bengali,938394,Chennai International Airport,3614,Winter,Summer,11.17,2,45.82,86.46,23.83,39.74,150,5,Easy,false,true,true,49,2029,65,false,5,31,239.9,2,7,2,Holi,Kebabs,14,false,9,18358049,true,5,3,true,46,4,true,true,August
DST1963,Place_963,Goa,West,Beach,Food,Indore,Bengali,475181,Netaji Subhas Chandra Bose International Airport,35647,Winter,Winter,10.92,2,57.84,65.87,34.24,20.81,404,1,Moderate,false,true,true,21,1848,119,false,4,37.6,360,8,6,2,Diwali,Rogan Josh,31,true,3,1782196,true,3,5,true,17,3,false,true,March
DST1964,Place_964,Himachal Pradesh,South,Heritage,Temples,Bhopal,Malayalam,794402,Kempegowda International Airport,1620,Monsoon,Monsoon,11.86,11,67.25,74.56,25.68,38.81,306,1,Easy,false,false,true,82,3997,195,false,5,22.2,2877.7,1,10,6,Pongal,Biryani,46,true,3,10307486,true,3,3,true,40,4,false,false,December
DST1965,Place_965,Himachal Pradesh,East,Heritage,Culture,Bengaluru,Malayalam,711889,Chhatrapati Shivaji Maharaj International Airport,24082,Winter,Winter,2.74,4,56.7,68.77,20.38,18.95,383,2,Moderate,false,false,true,62,6484,165,false,2,26.8,699.5,1,2,5,Eid,Rogan Josh,42,false,3,11587970,true,3,4,true,38,1,false,false,March
DST1966,Place_966,Tamil Nadu,North,Beach,Wildlife,Cochin,Bengali,569596,Goa International Airport,22891,Summer,Winter,10.15,7,55.46,79.08,14.96,17.04,94,2,Difficult,false,true,false,87,7800,194,true,1,35.2,693.2,1,8,6,Ganesh Chaturthi,Sarson da Saag,19,false,4,31430394,false,5,5,true,27,3,false,false,August
DST1967,Place_967,Maharashtra,South,Beach,Temples,Delhi,Marathi,184859,Cochin International Airport,42030,Winter,Winter,5.14,8,54.08,94.54,16.56,42.7,37,2,Easy,false,false,true,86,2025,80,true,3,24.3,2586.5,10,3,6,Pongal,Dosa,73,true,4,3226300,false,3,4,false,65,5,false,true,January
DST1968,Place_968,Maharashtra,Central,Wildlife,Food,Chennai,Malayalam,715221,Indira Gandhi International Airport,33314,Summer,Summer,11.64,3,51.39,89.82,13.48,57.37,155,3,Moderate,true,false,true,27,7371,119,false,2,18.7,2283,8,4,4,Diwali,Vada Pav,67,false,9,13963758,false,4,1,false,29,5,true,true,August
DST1969,Place_969,Assam,North,Heritage,Food,Mumbai,Marathi,145957,Pune Airport,24500,Winter,Summer,4.37,7,82.45,69.43,11.85,39.42,299,1,Difficult,true,false,true,12,2222,182,false,3,17.7,2059.9,6,5,7,Holi,Biryani,72,false,7,16023324,false,3,5,false,81,1,false,false,March
DST1970,Place_970,Assam,South,Heritage,Temples,Bengaluru,Bengali,969296,Lokpriya Gopinath Bordoloi International Airport,35693,Summer,Monsoon,10.58,13,86.18,72.9,25.61,49.79,346,1,Moderate,true,false,false,54,8931,74,true,1,12.2,1323,7,6,9,Onam,Biryani,44,true,3,12149087,false,2,5,false,55,5,false,false,May
DST1971,Place_971,Assam,South,Hill Station,Culture,Mumbai,Malayalam,930171,Chhatrapati Shivaji Maharaj International Airport,29018,Summer,Monsoon,5.13,6,75.01,92.15,22.83,18.42,422,2,Difficult,false,true,false,20,4510,13,true,3,19.9,190.4,4,9,7,Pongal,Biryani,58,true,3,32345337,true,3,4,true,97,1,true,false,May
DST1972,Place_972,Assam,East,Urban,Wildlife,Guwahati,Tamil,400877,Chaudhary Charan Singh International Airport,20567,Monsoon,Summer,1.13,7,41.5,91.44,30.72,42.71,425,1,Moderate,true,true,false,93,4533,198,false,1,30.6,2497,8,9,6,Holi,Dosa,37,false,3,13984944,true,3,2,false,10,5,true,true,December
DST1973,Place_973,Goa,East,Urban,Scenery,Bengaluru,Bengali,669677,Sardar Vallabhbhai Patel International Airport,26978,Winter,Winter,9.87,2,79.31,65.62,15.78,46.65,41,1,Easy,false,false,false,47,4116,70,false,5,11.8,2596.3,2,9,3,Durga Puja,Biryani,64,true,7,23704281,false,5,3,false,67,3,false,true,May
DST1974,Place_974,Goa,Central,Hill Station,Temples,Guwahati,Malayalam,260787,Chennai International Airport,11553,Winter,Winter,2.59,11,66.6,89.02,21.13,12.08,315,3,Moderate,true,false,true,87,6555,180,false,2,18.2,1497.2,9,8,6,Bihu,Vada Pav,18,true,6,13649996,false,1,1,false,76,4,true,true,January
DST1975,Place_975,Himachal Pradesh,South,Urban,Wildlife,Hyderabad,Marathi,794476,Lokpriya Gopinath Bordoloi International Airport,10630,Winter,Summer,10.23,8,77.91,70.42,28.81,14.86,125,4,Easy,true,true,true,86,2568,114,false,5,13.3,1970.2,4,5,8,Bihu,Rogan Josh,84,true,9,41288014,true,5,1,true,84,4,false,true,October
DST1976,Place_976,Kerala,Northeast,Beach,Wildlife,Ahmedabad,Marathi,943354,Netaji Subhas Chandra Bose International Airport,13003,Summer,Monsoon,13.96,9,61.87,79.03,38.71,49.08,312,2,Easy,false,true,true,50,1407,156,true,1,22.1,1485.2,1,5,8,Eid,Vada Pav,54,true,8,49991745,false,5,2,false,51,2,false,false,October
DST1977,Place_977,Tamil Nadu,South,Urban,Food,Cochin,Malayalam,549467,Pune Airport,42444,Monsoon,Winter,14.57,8,42.06,60.18,17.21,32,76,4,Easy,true,true,false,53,2108,95,true,1,12.8,958.9,2,4,4,Diwali,Rogan Josh,36,false,4,7226160,true,3,4,true,52,4,false,false,March
DST1978,Place_978,Tamil Nadu,East,Urban,Scenery,Indore,Marathi,117580,Rajiv Gandhi International Airport,21648,Winter,Monsoon,4.3,10,74.09,94.95,15.44,30.28,95,4,Difficult,false,true,true,19,3903,109,true,5,32.4,1666.9,8,7,5,Eid,Idli,41,true,2,36724735,false,1,1,false,12,5,false,true,May
DST1979,Place_979,Assam,Northeast,Hill Station,Temples,Cochin,Malayalam,478044,Netaji Subhas Chandra Bose International Airport,32607,Monsoon,Winter,12.33,2,62.21,86.64,20.73,56.02,262,3,Easy,true,false,true,53,7172,138,false,5,37.8,2096.9,9,4,4,Navratri,Kebabs,50,false,4,30587486,true,5,3,true,30,2,true,false,May
DST1980,Place_980,Himachal Pradesh,North,Wildlife,Food,Chennai,Malayalam,494039,Raja Bhoj Airport,38666,Monsoon,Monsoon,5.95,11,83.7,68.46,30.34,59.6,306,1,Easy,false,false,false,25,2071,156,true,5,15.8,548.2,5,5,2,Bihu,Idli,30,false,7,46041216,false,2,2,false,78,2,false,false,May
DST1981,Place_981,Rajasthan,North,Urban,Food,Chennai,Marathi,359073,Goa International Airport,25821,Summer,Winter,13.61,10,76.91,83.93,38.65,48.22,224,2,Easy,false,false,true,79,4217,60,false,2,17.5,1639.1,4,9,5,Durga Puja,Momos,85,false,4,26378510,true,1,5,false,74,3,false,true,December
DST1982,Place_982,Kerala,West,Urban,Culture,Guwahati,Hindi,323080,Kempegowda International Airport,15601,Winter,Monsoon,12.02,12,57.98,70.27,23.78,49.63,110,5,Difficult,false,true,false,97,9538,73,false,2,14.8,2350.3,10,7,1,Holi,Pav Bhaji,16,true,7,43825909,false,5,3,false,87,3,true,true,May
DST1983,Place_983,Himachal Pradesh,East,Wildlife,Wildlife,Mumbai,Tamil,893516,Sardar Vallabhbhai Patel International Airport,46904,Monsoon,Monsoon,2.03,12,76.2,63.13,33.44,20.42,237,4,Moderate,false,false,true,10,7430,72,true,1,15.6,1479.2,7,9,2,Ganesh Chaturthi,Dosa,31,false,9,9264308,true,3,4,false,77,3,false,false,August
DST1984,Place_984,Kerala,West,Hill Station,Temples,Pune,Bengali,440135,Indira Gandhi International Airport,48346,Winter,Monsoon,6.7,14,64.76,74.89,21.25,19.61,204,4,Difficult,true,true,false,59,4355,38,false,4,19.3,555,2,8,7,Navratri,Vada Pav,63,false,8,9959315,true,2,4,true,28,5,true,false,March
DST1985,Place_985,Kerala,Northeast,Wildlife,Temples,Guwahati,Tamil,503823,Cochin International Airport,7121,Winter,Summer,5.72,4,49.97,81.48,6.39,59.03,287,3,Difficult,false,false,true,87,8143,156,false,5,18.4,2622.2,7,3,5,Durga Puja,Vada Pav,76,true,6,45926131,false,1,2,true,56,5,true,false,August
DST1986,Place_986,Kerala,East,Hill Station,Temples,Hyderabad,Bengali,706743,Pune Airport,39557,Winter,Monsoon,11.99,3,60.99,63.14,36.3,44.75,262,4,Moderate,true,false,false,84,4634,52,true,3,21.6,2054.2,9,3,10,Lohri,Pav Bhaji,85,true,8,46927750,true,2,5,true,29,5,true,false,January
DST1987,Place_987,Himachal Pradesh,Central,Beach,Food,Lucknow,Bengali,474684,Lokpriya Gopinath Bordoloi International Airport,17310,Monsoon,Summer,6.74,7,51.13,78.14,15.15,44.34,75,4,Moderate,true,true,false,80,6658,79,false,3,25.7,1934.3,2,2,8,Lohri,Dosa,67,true,7,3950314,true,4,5,true,16,4,true,false,December
DST1988,Place_988,Assam,South,Hill Station,Culture,Chennai,Tamil,476684,Sardar Vallabhbhai Patel International Airport,23098,Summer,Summer,10.58,12,40.25,78.02,9.85,24.31,423,4,Easy,true,true,false,19,1376,48,false,3,31.8,1989.8,8,3,6,Diwali,Kebabs,86,false,6,31873355,true,5,2,false,69,1,true,false,March
DST1989,Place_989,Tamil Nadu,Central,Beach,Scenery,Delhi,Malayalam,877585,Cochin International Airport,46902,Summer,Monsoon,9.43,6,52.34,82,39.87,54.32,142,3,Easy,false,false,false,15,4451,32,true,5,36.5,810.7,6,10,8,Bihu,Dosa,95,false,3,2121484,false,3,2,false,57,3,false,false,May
DST1990,Place_990,Tamil Nadu,Northeast,Beach,Food,Indore,Marathi,767329,Cochin International Airport,24531,Monsoon,Summer,14.66,5,50.48,68.56,17.16,12.22,314,1,Moderate,false,false,false,43,2851,10,false,4,23.8,1527.7,6,3,2,Durga Puja,Pav Bhaji,73,true,5,6715946,true,4,2,false,18,2,true,true,May
DST1991,Place_991,Assam,East,Hill Station,Scenery,Cochin,Hindi,903765,Pune Airport,40253,Winter,Summer,14.13,5,40.22,60.72,9.78,23.73,368,4,Moderate,false,false,true,78,9955,70,false,4,37.3,1045.4,4,3,8,Eid,Idli,51,true,4,9537221,true,3,5,true,43,2,false,true,August
DST1992,Place_992,Kerala,Northeast,Heritage,Culture,Guwahati,Hindi,570452,Indira Gandhi International Airport,10980,Winter,Summer,6.99,9,79.2,71.37,15.9,19.01,84,2,Difficult,false,true,true,55,5840,34,true,2,30.4,2517.2,9,6,9,Durga Puja,Idli,62,true,5,1126468,false,5,4,true,51,2,true,false,October
DST1993,Place_993,Rajasthan,South,Hill Station,Wildlife,Mumbai,Hindi,489326,Kempegowda International Airport,37393,Summer,Winter,11.13,11,43.85,73.95,22.98,45.55,395,4,Difficult,true,true,true,41,5152,141,false,4,31.9,1807.4,8,9,8,Pongal,Biryani,37,true,9,29008253,false,4,4,true,22,1,true,false,August
DST1994,Place_994,Maharashtra,North,Urban,Temples,Jaipur,Tamil,854207,Cochin International Airport,45280,Monsoon,Monsoon,12.61,14,62.45,82.25,8.08,45.77,251,4,Difficult,false,true,false,53,5782,118,true,3,25.7,2180.2,7,7,7,Bihu,Momos,67,false,2,27890668,true,1,3,true,77,5,false,true,October
DST1995,Place_995,Himachal Pradesh,North,Urban,Scenery,Indore,Tamil,660956,Rajiv Gandhi International Airport,9951,Monsoon,Summer,13.58,4,60.89,92.56,17.34,36.74,332,2,Moderate,false,true,false,61,5209,117,false,3,25.7,2014.9,5,7,8,Ganesh Chaturthi,Rogan Josh,14,true,3,44840038,false,4,4,true,45,5,true,false,March
DST1996,Place_996,Maharashtra,Northeast,Heritage,Food,Delhi,Malayalam,898377,Cochin International Airport,9117,Summer,Monsoon,1.95,14,49.07,67.12,28.41,10.26,231,3,Easy,true,false,true,92,6849,10,false,5,26,1502.8,5,7,2,Pongal,Rogan Josh,64,false,4,31833514,false,1,2,false,28,5,true,false,March
DST1997,Place_997,Assam,West,Beach,Scenery,Kolkata,Hindi,726816,Jaipur International Airport,26979,Monsoon,Summer,5.23,2,88.34,84.06,37.06,53.69,425,5,Difficult,true,true,false,69,8235,49,true,2,24.8,2434.1,2,1,6,Durga Puja,Dosa,69,false,6,16933678,false,1,3,true,90,2,true,false,March
DST1998,Place_998,Rajasthan,East,Heritage,Wildlife,Mumbai,Malayalam,146526,Cochin International Airport,9989,Monsoon,Monsoon,5.48,6,70.19,63.41,18.91,57.78,294,2,Difficult,false,false,true,21,3351,30,true,1,23.8,1884.6,5,4,7,Diwali,Rogan Josh,54,true,8,9092485,false,3,1,false,69,1,true,false,January
DST1999,Place_999,Himachal Pradesh,East,Urban,Temples,Mumbai,Hindi,672005,Cochin International Airport,17915,Summer,Summer,7.08,9,80.68,66.67,24.76,20.12,318,5,Moderate,true,true,true,67,4045,180,false,2,33.2,757.7,3,9,9,Durga Puja,Sarson da Saag,93,true,9,38342597,true,2,5,false,98,4,false,false,December
DST2000,Place_1000,Assam,North,Heritage,Scenery,Jaipur,Tamil,552642,Chennai International Airport,30535,Summer,Winter,3.37,4,64.81,77.82,27.26,52.11,129,1,Difficult,false,false,false,18,6742,147,false,1,21.6,943.2,7,4,3,Onam,Vada Pav,29,false,6,16894346,true,2,3,false,23,1,false,false,March
DST2001,Place_1001,Kerala,Central,Hill Station,Wildlife,Hyderabad,Marathi,856530,Netaji Subhas Chandra Bose International Airport,33124,Monsoon,Winter,7.95,3,76.14,84.79,7.48,58.66,284,1,Moderate,false,true,true,42,2647,75,false,2,16.2,2498.2,9,7,6,Eid,Biryani,18,true,9,1312794,false,1,1,false,14,1,true,false,December
DST2002,Place_1002,Tamil Nadu,South,Heritage,Food,Jaipur,Marathi,315238,Chhatrapati Shivaji Maharaj International Airport,45376,Monsoon,Winter,10.29,2,88.49,90.05,16.98,26.35,316,4,Easy,true,false,false,29,3781,26,true,4,14.1,2829.6,10,2,8,Lohri,Pav Bhaji,16,false,8,28972460,true,5,2,true,16,3,true,true,August
DST2003,Place_1003,Maharashtra,Central,Beach,Culture,Goa,Marathi,609740,Rajiv Gandhi International Airport,34366,Summer,Summer,7.96,14,57.42,86.04,28.95,19.25,495,4,Difficult,false,true,false,41,9056,133,true,2,36.4,1689.2,6,6,4,Pongal,Chole Bhature,16,false,9,1754968,false,2,4,false,87,4,false,true,August
DST2004,Place_1004,Goa,Central,Hill Station,Food,Chennai,Marathi,337644,Raja Bhoj Airport,8428,Summer,Monsoon,10.32,5,65.21,60.54,30.75,58.88,28,3,Difficult,true,false,false,90,1001,150,false,5,35.9,1218.1,10,5,5,Durga Puja,Vada Pav,99,true,5,46930321,false,2,4,false,85,1,true,true,October
DST2005,Place_1005,Goa,Northeast,Wildlife,Temples,Ahmedabad,Bengali,452624,Rajiv Gandhi International Airport,25881,Winter,Summer,1.93,12,65.73,83.94,17.46,12.99,227,5,Difficult,true,true,true,60,9014,100,true,1,17.3,1912.5,7,10,2,Ganesh Chaturthi,Idli,59,true,6,14948450,false,5,3,true,61,4,false,true,March
DST2006,Place_1006,Rajasthan,North,Urban,Food,Mumbai,Hindi,582112,Chaudhary Charan Singh International Airport,5904,Monsoon,Winter,13.26,3,89.6,88.86,5.24,23.8,293,1,Moderate,true,false,true,11,6159,122,false,4,13.5,1502.2,7,2,10,Eid,Rogan Josh,23,false,9,32964274,false,3,1,false,13,1,true,false,December
DST2007,Place_1007,Kerala,North,Urban,Food,Kolkata,Marathi,833709,Pune Airport,36677,Monsoon,Summer,14.15,9,51.65,78.39,5.24,47.1,6,1,Moderate,false,true,false,15,8850,135,true,4,38.8,2540.9,7,3,7,Bihu,Vada Pav,44,true,5,42944749,true,1,4,false,61,4,false,true,October
DST2008,Place_1008,Maharashtra,North,Heritage,Food,Pune,Bengali,235673,Pune Airport,47319,Summer,Monsoon,9.65,12,73.77,93.8,23.83,40.87,29,4,Easy,false,true,true,78,3104,19,false,2,24.5,2515.7,4,3,8,Pongal,Dosa,72,true,3,25034101,false,4,2,true,65,4,true,false,August
DST2009,Place_1009,Kerala,Northeast,Hill Station,Food,Bhopal,Bengali,899362,Chaudhary Charan Singh International Airport,9922,Summer,Winter,13.34,14,46.91,60.15,24.3,44.23,214,4,Moderate,false,false,false,82,7155,189,true,4,12.8,1422.8,6,3,6,Lohri,Idli,28,false,8,48018010,false,4,1,false,15,4,false,true,May
DST2010,Place_1010,Maharashtra,West,Wildlife,Temples,Mumbai,Bengali,628621,Netaji Subhas Chandra Bose International Airport,32160,Winter,Summer,2.84,11,86.35,88.65,24.45,45.4,114,3,Difficult,true,false,true,39,9649,147,true,3,16.5,2433.3,7,5,9,Eid,Dosa,82,false,8,17000012,false,1,1,false,74,3,true,true,March
DST2011,Place_1011,Rajasthan,Central,Hill Station,Wildlife,Jaipur,Malayalam,826295,Pune Airport,3025,Winter,Monsoon,12.16,13,69.52,71.72,30.26,44.31,475,4,Difficult,false,true,false,40,8491,56,false,3,31.1,659.6,10,10,3,Diwali,Pav Bhaji,68,false,5,15919531,false,3,4,true,93,5,false,false,December
DST2012,Place_1012,Rajasthan,Northeast,Urban,Scenery,Bengaluru,Malayalam,220384,Jaipur International Airport,14220,Summer,Winter,2.67,10,82.97,82.77,37.24,27.11,439,4,Moderate,false,true,false,74,5786,18,false,3,12.4,1184.4,4,9,9,Navratri,Pav Bhaji,91,false,4,44220856,true,4,3,false,99,1,false,false,December
DST2013,Place_1013,Goa,East,Hill Station,Culture,Mumbai,Bengali,117839,Chennai International Airport,46958,Monsoon,Monsoon,6.71,14,84.76,84.27,39.66,25.58,214,3,Easy,true,true,true,56,9732,55,false,2,23,330.8,9,7,9,Lohri,Sarson da Saag,73,true,6,40840158,false,2,3,true,96,3,false,true,December
DST2014,Place_1014,Kerala,South,Wildlife,Scenery,Mumbai,Marathi,937769,Chhatrapati Shivaji Maharaj International Airport,3766,Winter,Monsoon,5.53,11,67.86,70.72,29.54,31.42,163,4,Moderate,true,true,true,73,2820,126,false,1,22.8,2442.6,9,6,9,Pongal,Kebabs,74,true,6,28422750,true,3,3,false,85,1,false,false,January
DST2015,Place_1015,Himachal Pradesh,West,Heritage,Scenery,Guwahati,Hindi,533420,Chhatrapati Shivaji Maharaj International Airport,19482,Summer,Winter,9.2,2,74.1,94.84,22.99,50.38,169,4,Moderate,true,true,false,46,3386,112,true,2,30.6,2928.2,4,4,6,Bihu,Sarson da Saag,26,true,4,13875044,true,5,4,true,22,1,true,true,January
DST2016,Place_1016,Goa,East,Beach,Culture,Bhopal,Tamil,120195,Indira Gandhi International Airport,34159,Summer,Summer,5.22,3,74.94,63.61,9.93,56.91,220,4,Difficult,false,true,true,75,4442,133,true,5,16,1772.6,8,5,9,Ganesh Chaturthi,Biryani,95,true,2,34516181,false,1,5,true,68,2,true,false,May
DST2017,Place_1017,Kerala,Central,Hill Station,Temples,Goa,Malayalam,521064,Indira Gandhi International Airport,11935,Summer,Summer,9.92,7,63.02,65.5,18.45,32.76,259,5,Difficult,true,true,false,19,9120,77,false,4,39.5,2322.8,8,6,7,Diwali,Kebabs,21,false,3,45664160,true,4,2,false,66,2,true,true,December
DST2018,Place_1018,Goa,North,Beach,Culture,Kolkata,Marathi,713517,Chennai International Airport,4784,Monsoon,Summer,6.14,14,61.74,91.23,25.04,14.29,211,1,Difficult,true,false,true,25,8265,118,true,3,14.7,1264.6,2,8,8,Durga Puja,Dosa,64,false,5,29638350,true,1,2,false,91,3,false,true,October
DST2019,Place_1019,Himachal Pradesh,Central,Urban,Temples,Goa,Marathi,999683,Sardar Vallabhbhai Patel International Airport,24050,Summer,Summer,13.05,11,49.31,64.17,39.99,56.91,260,2,Moderate,true,false,true,86,1375,191,false,2,28,1728.5,6,9,8,Ganesh Chaturthi,Rogan Josh,27,true,8,31788453,false,5,3,false,55,1,true,true,October
DST2020,Place_1020,Tamil Nadu,Northeast,Heritage,Scenery,Kolkata,Tamil,212265,Sardar Vallabhbhai Patel International Airport,21221,Summer,Monsoon,9.87,13,59.2,73.35,9.44,14.02,301,1,Moderate,false,false,false,5,6155,77,true,2,19.8,1107.3,9,2,8,Durga Puja,Momos,75,true,3,26762810,true,4,3,true,62,3,true,false,October
DST2021,Place_1021,Tamil Nadu,South,Heritage,Temples,Mumbai,Tamil,360775,Devi Ahilya Bai Holkar Airport,30179,Monsoon,Summer,4.01,8,89.54,85.66,32.76,17.96,330,5,Easy,false,false,true,72,8001,141,true,4,14,2120.9,8,8,3,Bihu,Sarson da Saag,33,true,8,31734397,true,1,2,false,37,5,true,true,March
DST2022,Place_1022,Tamil Nadu,Northeast,Hill Station,Wildlife,Bhopal,Marathi,271926,Rajiv Gandhi International Airport,19069,Summer,Summer,5.71,3,53.49,87.7,39.96,53.38,129,2,Difficult,true,true,true,15,9578,114,false,2,26.2,814.1,1,8,6,Eid,Sarson da Saag,13,true,8,42158249,true,5,4,false,78,5,false,false,October
DST2023,Place_1023,Tamil Nadu,West,Heritage,Culture,Bhopal,Tamil,988418,Lokpriya Gopinath Bordoloi International Airport,36682,Summer,Monsoon,12.86,9,78.12,93.41,33.19,37.57,104,1,Easy,true,true,true,14,1182,138,false,3,15.1,544.4,5,7,7,Holi,Biryani,96,false,4,25144398,true,2,1,false,48,2,true,false,December
DST2024,Place_1024,Assam,West,Hill Station,Wildlife,Bengaluru,Marathi,413142,Rajiv Gandhi International Airport,26994,Winter,Monsoon,6.41,14,42.97,87.64,31.85,27.63,53,3,Difficult,false,true,true,49,8761,68,false,4,30.4,2705.8,5,4,4,Ganesh Chaturthi,Idli,13,false,3,48272473,false,5,2,true,29,2,false,true,January
DST2025,Place_1025,Maharashtra,South,Hill Station,Scenery,Ahmedabad,Tamil,298462,Raja Bhoj Airport,47011,Summer,Winter,8.5,11,63.37,89.56,14.05,56.55,107,5,Easy,false,true,true,60,4299,162,false,1,11,2606.4,9,9,4,Pongal,Momos,30,false,2,29216085,true,3,2,false,29,3,true,true,January
DST2026,Place_1026,Assam,East,Beach,Culture,Lucknow,Tamil,393702,Raja Bhoj Airport,29767,Monsoon,Monsoon,10.09,10,42.92,93.23,5.12,58.03,471,3,Difficult,false,true,true,23,3876,146,false,3,25.3,2521.4,2,7,7,Navratri,Rogan Josh,36,false,7,8280259,true,3,1,true,59,5,false,true,December
DST2027,Place_1027,Assam,East,Heritage,Scenery,Bengaluru,Marathi,889417,Goa International Airport,13282,Winter,Winter,5.87,9,63.79,79.38,12.91,26.54,314,3,Moderate,true,true,false,46,8216,34,false,5,16.6,2482.5,5,5,2,Holi,Kebabs,20,false,7,26722144,true,5,1,true,23,5,true,true,January
DST2028,Place_1028,Assam,West,Hill Station,Wildlife,Bengaluru,Bengali,948226,Devi Ahilya Bai Holkar Airport,21110,Summer,Winter,5.12,10,41.38,72.02,32.64,53.42,288,1,Difficult,false,false,true,98,3859,91,true,5,38.5,2215.6,1,4,8,Navratri,Pav Bhaji,71,true,3,46271736,true,2,5,false,24,3,false,true,December
DST2029,Place_1029,Tamil Nadu,West,Beach,Scenery,Bengaluru,Marathi,143585,Chaudhary Charan Singh International Airport,46733,Monsoon,Summer,7.65,7,70.66,86.66,8.75,43.93,254,2,Easy,true,true,true,45,6043,163,true,4,31.3,2636.8,8,6,6,Pongal,Kebabs,73,true,5,7580350,true,1,2,true,45,5,false,false,December
DST2030,Place_1030,Himachal Pradesh,North,Wildlife,Culture,Cochin,Hindi,315886,Kempegowda International Airport,32232,Summer,Summer,4.01,12,69.33,65.72,15.36,23.72,277,4,Easy,false,true,false,24,2822,65,true,3,32.7,709.6,8,6,9,Durga Puja,Rogan Josh,97,false,4,36990050,true,1,1,false,39,2,true,true,October
DST2031,Place_1031,Rajasthan,East,Beach,Culture,Ahmedabad,Tamil,402408,Goa International Airport,45273,Winter,Summer,4.98,8,79.89,62.39,24.69,57.07,46,4,Difficult,false,true,true,31,3992,58,false,3,31.2,2624.2,2,9,5,Bihu,Rogan Josh,36,true,9,47985631,false,2,2,false,27,3,true,false,March
DST2032,Place_1032,Rajasthan,South,Beach,Scenery,Hyderabad,Malayalam,526542,Indira Gandhi International Airport,5951,Monsoon,Monsoon,1.87,7,69.16,87.49,25.29,13.15,133,5,Moderate,true,true,false,16,5397,74,true,3,30,2761.6,10,7,10,Bihu,Biryani,73,true,2,18611612,false,4,1,false,35,4,true,false,December
DST2033,Place_1033,Maharashtra,East,Hill Station,Culture,Hyderabad,Tamil,971248,Kempegowda International Airport,8655,Winter,Monsoon,5.26,8,86.3,93.27,24,25.9,23,3,Difficult,false,true,true,82,7759,198,false,5,14.1,2176.4,1,1,10,Navratri,Momos,45,true,2,28251016,true,5,3,true,92,4,true,true,January
DST2034,Place_1034,Tamil Nadu,North,Urban,Culture,Bengaluru,Hindi,658310,Pune Airport,30461,Monsoon,Summer,5.49,4,79.16,75.49,39.33,29.81,476,5,Moderate,true,true,true,68,2088,18,true,4,39.9,1838.1,3,4,1,Lohri,Kebabs,71,true,2,13780414,false,3,3,true,73,4,true,true,August
DST2035,Place_1035,Tamil Nadu,Northeast,Urban,Scenery,Lucknow,Malayalam,508883,Devi Ahilya Bai Holkar Airport,5610,Monsoon,Summer,14.47,5,46.63,65.64,5.43,44.53,432,1,Difficult,false,true,true,42,2492,147,false,5,29.7,784.6,9,4,7,Ganesh Chaturthi,Dosa,56,true,6,47335663,true,3,3,false,77,5,true,true,January
DST2036,Place_1036,Tamil Nadu,West,Urban,Wildlife,Goa,Malayalam,642353,Chhatrapati Shivaji Maharaj International Airport,32617,Summer,Monsoon,9.26,10,53.27,77.4,22.07,11.92,479,3,Moderate,true,false,false,70,6596,121,true,2,36.9,2611.9,7,5,4,Diwali,Rogan Josh,75,false,3,12541393,false,3,2,true,64,2,true,true,March
DST2037,Place_1037,Goa,West,Beach,Culture,Jaipur,Marathi,476526,Rajiv Gandhi International Airport,18468,Monsoon,Winter,12.02,4,41.31,73.77,22.65,54.49,116,4,Difficult,false,false,true,62,2353,148,true,1,25.1,1772.8,7,5,10,Navratri,Biryani,50,true,5,15579466,false,1,2,true,76,2,true,true,January
DST2038,Place_1038,Kerala,North,Hill Station,Culture,Delhi,Bengali,752433,Sardar Vallabhbhai Patel International Airport,8583,Monsoon,Winter,1.64,3,59.31,73.04,15.27,42.96,238,1,Difficult,true,false,false,86,3056,105,false,5,18.6,1870.9,10,10,4,Diwali,Vada Pav,99,true,9,13432533,false,1,2,true,53,5,false,false,May
DST2039,Place_1039,Goa,South,Heritage,Culture,Hyderabad,Marathi,973623,Chennai International Airport,26583,Summer,Summer,2.49,13,65.48,81.98,23.38,23.75,477,1,Moderate,true,false,true,89,2427,94,false,4,23.1,1859,4,4,3,Ganesh Chaturthi,Vada Pav,54,true,6,25097636,false,2,4,false,68,2,false,true,May
DST2040,Place_1040,Kerala,West,Beach,Culture,Pune,Malayalam,433963,Indira Gandhi International Airport,18701,Monsoon,Summer,12.4,14,87.3,66.12,28.56,42.92,493,5,Moderate,true,true,true,15,1642,45,false,5,22,2613.7,5,3,5,Eid,Rogan Josh,88,true,5,15645462,false,4,3,false,21,3,true,false,May
DST2041,Place_1041,Tamil Nadu,Central,Beach,Scenery,Kolkata,Malayalam,469302,Chhatrapati Shivaji Maharaj International Airport,7880,Monsoon,Summer,9.73,12,66.11,73.32,28.55,36.85,381,5,Difficult,true,false,false,34,5923,193,false,2,10.5,497.2,7,6,6,Durga Puja,Kebabs,33,false,5,16373788,true,5,1,false,45,3,true,true,January
DST2042,Place_1042,Tamil Nadu,West,Hill Station,Wildlife,Bhopal,Bengali,538292,Netaji Subhas Chandra Bose International Airport,36117,Monsoon,Winter,3.67,8,79.05,90.4,8.07,26.81,306,2,Easy,true,false,true,68,5960,169,true,2,30.2,278.8,2,2,3,Durga Puja,Kebabs,28,true,9,26400440,true,3,5,false,11,5,false,true,December
DST2043,Place_1043,Goa,Central,Wildlife,Wildlife,Ahmedabad,Tamil,299933,Lokpriya Gopinath Bordoloi International Airport,24721,Monsoon,Summer,6.67,7,53.4,85.54,33.09,11.43,373,4,Moderate,true,true,false,87,8473,92,false,2,32.1,749.6,3,9,8,Durga Puja,Dosa,80,true,5,39662092,false,2,4,false,51,2,true,false,March
DST2044,Place_1044,Goa,North,Beach,Temples,Guwahati,Bengali,851679,Lokpriya Gopinath Bordoloi International Airport,40976,Summer,Winter,8.54,4,47.66,61.95,37.57,37.56,40,4,Easy,false,false,true,52,9839,172,false,2,11.2,1526.1,3,6,2,Diwali,Idli,90,true,5,34893727,true,4,2,false,43,5,true,false,October
DST2045,Place_1045,Kerala,North,Wildlife,Culture,Ahmedabad,Marathi,543609,Chennai International Airport,27854,Summer,Monsoon,12.81,7,80.54,77.99,9.33,14.11,249,5,Easy,false,true,false,44,1913,141,false,1,17.4,1461.3,7,5,7,Lohri,Pav Bhaji,77,false,3,20936057,true,1,3,false,40,2,true,true,March
DST2046,Place_1046,Rajasthan,West,Wildlife,Culture,Delhi,Tamil,889575,Kempegowda International Airport,47488,Winter,Monsoon,1.85,8,52.37,63.2,19.58,50.51,322,4,Easy,true,false,false,98,4869,71,true,3,29.9,1584.9,7,3,1,Onam,Rogan Josh,49,false,3,46452489,false,3,4,true,78,2,true,true,August
DST2047,Place_1047,Kerala,East,Urban,Temples,Hyderabad,Marathi,856701,Goa International Airport,7881,Monsoon,Monsoon,9.35,7,83.57,93.51,22.91,14.43,88,4,Easy,true,false,false,72,7240,72,false,2,19.7,431.6,6,4,9,Durga Puja,Sarson da Saag,73,false,9,27166954,false,5,3,true,29,3,false,true,December
DST2048,Place_1048,Goa,Central,Hill Station,Wildlife,Lucknow,Bengali,419649,Goa International Airport,4722,Summer,Summer,11.04,2,48.49,68.56,9.72,31.44,91,1,Difficult,false,false,true,25,3325,145,false,1,38,2399.4,1,6,9,Pongal,Sarson da Saag,61,true,5,7379887,true,3,1,true,47,3,false,true,August
DST2049,Place_1049,Himachal Pradesh,South,Wildlife,Food,Lucknow,Tamil,505633,Devi Ahilya Bai Holkar Airport,21077,Monsoon,Monsoon,14.69,13,82.58,92.64,22.62,31.73,376,3,Moderate,true,true,false,9,1992,128,true,5,13.4,976.2,10,3,5,Diwali,Idli,52,false,5,49194949,false,3,5,true,84,3,true,true,March
DST2050,Place_1050,Goa,West,Hill Station,Food,Kolkata,Bengali,262372,Goa International Airport,16332,Summer,Winter,12.3,2,78.64,89.19,12.24,37.81,462,3,Difficult,false,true,false,40,5591,85,false,2,37.8,2748.4,8,10,2,Pongal,Biryani,71,true,2,23959828,true,5,4,true,98,1,true,true,January
DST2051,Place_1051,Himachal Pradesh,South,Urban,Wildlife,Bengaluru,Hindi,391040,Jaipur International Airport,40992,Winter,Winter,4.87,10,70.56,79.3,37.74,11.98,80,2,Difficult,false,false,true,95,4558,78,false,5,37.4,2535.9,10,7,6,Holi,Rogan Josh,64,false,6,27236802,true,2,5,false,13,5,true,true,May
DST2052,Place_1052,Maharashtra,West,Hill Station,Culture,Jaipur,Malayalam,871829,Kempegowda International Airport,14229,Monsoon,Winter,10.93,7,82.51,71.77,20.7,20.19,129,3,Difficult,true,false,false,11,7152,198,false,5,38.7,284,10,5,10,Navratri,Vada Pav,87,false,9,1574036,true,5,4,false,94,4,true,false,May
DST2053,Place_1053,Goa,East,Beach,Food,Guwahati,Tamil,858339,Indira Gandhi International Airport,8802,Winter,Summer,11.69,13,56.54,90.03,39.82,19.98,90,4,Difficult,true,true,true,64,2326,103,true,4,12.3,255.3,4,10,5,Ganesh Chaturthi,Rogan Josh,51,false,3,37244138,false,5,3,false,71,2,true,true,December
DST2054,Place_1054,Maharashtra,East,Wildlife,Scenery,Hyderabad,Malayalam,412773,Chennai International Airport,23101,Winter,Summer,11.22,3,48.3,65.35,6.63,39.95,99,1,Difficult,true,true,false,60,8826,72,false,1,18.2,1924,8,1,4,Ganesh Chaturthi,Idli,68,false,2,6477665,false,1,2,true,10,1,true,false,October
DST2055,Place_1055,Rajasthan,East,Hill Station,Scenery,Lucknow,Hindi,520822,Jaipur International Airport,12439,Winter,Winter,12.48,12,47.85,66.3,9.47,23.18,77,3,Moderate,true,false,false,35,5012,70,false,1,17.5,324.1,7,9,2,Durga Puja,Dosa,57,true,4,17969986,false,2,3,false,51,3,true,true,January
DST2056,Place_1056,Kerala,Northeast,Heritage,Temples,Guwahati,Tamil,664204,Pune Airport,36902,Summer,Winter,13.65,2,53.52,67.87,20.51,17.21,42,4,Difficult,false,false,false,88,6594,108,true,2,36.6,1758.3,1,9,5,Navratri,Rogan Josh,55,true,2,37533420,false,2,2,false,60,5,true,false,October
DST2057,Place_1057,Himachal Pradesh,East,Hill Station,Wildlife,Delhi,Malayalam,161330,Netaji Subhas Chandra Bose International Airport,3598,Monsoon,Winter,2.38,12,62.31,80.92,35.6,10.92,122,4,Difficult,false,false,false,29,3720,46,true,2,34.2,329.6,7,1,8,Holi,Chole Bhature,62,false,6,31091052,true,4,2,false,46,2,false,true,March
DST2058,Place_1058,Kerala,North,Wildlife,Wildlife,Kolkata,Malayalam,893983,Kempegowda International Airport,27761,Summer,Winter,2.47,13,83.8,71,24.43,52.03,287,5,Difficult,true,false,false,60,2790,13,true,2,14.8,1490.1,4,4,2,Diwali,Pav Bhaji,73,false,4,4722343,false,4,2,true,52,2,true,true,December
DST2059,Place_1059,Maharashtra,North,Urban,Food,Mumbai,Tamil,463116,Netaji Subhas Chandra Bose International Airport,5052,Summer,Monsoon,12.15,3,44.48,94.62,30.63,58.58,395,5,Easy,true,true,false,93,1409,65,true,1,14.2,1315.4,5,4,7,Diwali,Dosa,29,false,5,6034366,false,1,3,true,71,1,false,false,October
DST2060,Place_1060,Himachal Pradesh,Northeast,Urban,Culture,Kolkata,Malayalam,481767,Chennai International Airport,13741,Monsoon,Winter,4.53,9,85.76,66.83,19.82,45.16,22,3,Difficult,false,false,true,85,2654,52,false,5,24.2,1813.7,6,10,3,Lohri,Idli,38,false,2,1946852,true,1,3,true,60,3,true,true,August
DST2061,Place_1061,Kerala,Central,Wildlife,Wildlife,Guwahati,Malayalam,811782,Chhatrapati Shivaji Maharaj International Airport,4824,Monsoon,Summer,1.82,6,86.27,88.2,6.42,30.64,143,5,Moderate,true,true,true,83,8278,30,false,5,15.2,1133,5,8,6,Diwali,Chole Bhature,63,false,6,5674356,true,4,5,false,62,4,true,false,October
DST2062,Place_1062,Goa,South,Beach,Food,Cochin,Tamil,609068,Chennai International Airport,37288,Monsoon,Summer,6.62,8,76.36,63.35,27.67,16.1,427,4,Moderate,false,true,true,78,6537,67,true,2,24.3,506.1,2,2,4,Bihu,Kebabs,62,false,9,17882052,false,4,4,false,10,2,true,true,May
DST2063,Place_1063,Tamil Nadu,West,Beach,Food,Lucknow,Malayalam,475360,Raja Bhoj Airport,2249,Monsoon,Summer,12.48,8,85.01,72.37,27.19,33.76,257,4,Moderate,true,true,true,38,6822,153,true,5,35.3,2542.1,8,7,6,Navratri,Kebabs,99,true,2,26637681,true,2,2,false,73,3,false,true,August
DST2064,Place_1064,Maharashtra,West,Urban,Wildlife,Mumbai,Malayalam,954214,Sardar Vallabhbhai Patel International Airport,23970,Summer,Summer,2.77,3,78.5,68.53,7.5,32.87,6,5,Easy,false,true,true,48,7043,62,false,2,25,968,8,8,2,Eid,Chole Bhature,92,true,6,19916287,false,4,1,false,25,1,false,false,May
DST2065,Place_1065,Kerala,Northeast,Urban,Food,Bhopal,Marathi,427535,Jaipur International Airport,16565,Monsoon,Summer,10.41,5,66.42,94.19,10.98,30.99,276,1,Moderate,false,true,true,11,6845,27,true,3,31.7,295.6,5,3,10,Onam,Chole Bhature,17,true,9,37175861,false,5,1,true,11,5,false,false,March
DST2066,Place_1066,Maharashtra,North,Wildlife,Temples,Pune,Marathi,467101,Cochin International Airport,19458,Monsoon,Winter,1.05,3,70.04,60.9,21.67,28.92,185,5,Easy,false,true,false,55,6197,66,true,5,17.5,1551.7,5,10,5,Holi,Momos,29,true,2,15413935,true,3,2,false,11,5,true,true,October
DST2067,Place_1067,Assam,West,Beach,Temples,Chennai,Hindi,747834,Devi Ahilya Bai Holkar Airport,46765,Monsoon,Winter,2.54,8,71.41,85.26,20.63,34.84,94,1,Moderate,false,true,false,29,4589,104,false,1,18,2645.3,7,3,2,Onam,Vada Pav,74,false,9,45031363,true,5,4,true,67,1,true,true,December
DST2068,Place_1068,Maharashtra,North,Urban,Wildlife,Kolkata,Marathi,687699,Chhatrapati Shivaji Maharaj International Airport,3014,Winter,Monsoon,5.91,6,46.34,68.67,31.33,13.66,406,5,Easy,true,true,false,32,2069,175,true,4,27.8,914.1,2,9,8,Ganesh Chaturthi,Kebabs,89,false,6,36826728,false,4,3,true,26,4,false,false,October
DST2069,Place_1069,Himachal Pradesh,Central,Beach,Culture,Delhi,Marathi,864797,Kempegowda International Airport,5944,Monsoon,Monsoon,2.17,2,49.65,88.39,18.56,11.91,381,4,Moderate,true,true,true,46,7051,132,false,1,35.6,1407.2,5,8,9,Holi,Pav Bhaji,67,false,5,3202478,true,3,5,true,95,5,false,false,October
DST2070,Place_1070,Assam,South,Urban,Temples,Delhi,Hindi,173185,Pune Airport,34716,Monsoon,Monsoon,12.84,3,66.17,70.89,28.22,13.2,443,4,Difficult,false,false,true,31,3672,41,false,1,25.9,1267.4,1,1,8,Pongal,Rogan Josh,74,true,8,39218238,false,1,1,true,89,1,true,true,January
DST2071,Place_1071,Himachal Pradesh,Central,Hill Station,Temples,Cochin,Malayalam,599961,Netaji Subhas Chandra Bose International Airport,44451,Summer,Winter,13.1,7,45.76,66.55,29.65,20,376,5,Moderate,false,true,false,41,8695,121,true,4,15.9,240.3,4,2,1,Holi,Chole Bhature,44,false,6,9803349,true,4,4,true,86,5,false,false,December
DST2072,Place_1072,Tamil Nadu,Northeast,Heritage,Wildlife,Jaipur,Malayalam,756248,Lokpriya Gopinath Bordoloi International Airport,15012,Winter,Monsoon,11.58,5,88.25,84.26,27.58,23.9,24,2,Moderate,false,false,false,59,7394,28,true,2,16.5,2618.2,8,4,5,Diwali,Biryani,17,true,8,26672287,true,4,3,true,16,1,true,true,January
DST2073,Place_1073,Assam,East,Hill Station,Scenery,Bengaluru,Marathi,600735,Chennai International Airport,38460,Summer,Winter,4.39,8,65.36,69.02,25.86,18.47,290,1,Moderate,true,true,true,42,5551,93,true,5,28.5,2300.8,1,6,4,Ganesh Chaturthi,Chole Bhature,17,false,7,1852762,true,1,2,false,71,5,false,false,August
DST2074,Place_1074,Goa,East,Urban,Food,Kolkata,Hindi,227574,Lokpriya Gopinath Bordoloi International Airport,4240,Winter,Summer,8.33,3,59,76.99,33.2,22.6,226,2,Difficult,true,true,true,60,1940,57,false,1,13.1,377.7,10,3,4,Pongal,Vada Pav,75,true,3,7893625,true,4,3,false,26,4,true,false,May
DST2075,Place_1075,Maharashtra,East,Heritage,Temples,Lucknow,Malayalam,812495,Chaudhary Charan Singh International Airport,43530,Summer,Winter,3.58,14,47.88,64.6,28,19.29,172,4,Easy,true,false,false,96,6369,83,true,5,12,483.3,1,4,7,Bihu,Rogan Josh,37,false,8,25436357,false,3,3,false,30,1,false,true,March
DST2076,Place_1076,Kerala,Central,Heritage,Scenery,Chennai,Bengali,129424,Indira Gandhi International Airport,14731,Summer,Winter,4.94,13,60.83,85.36,34.2,17.54,134,1,Easy,true,true,true,38,7115,163,true,4,13.1,130.7,4,4,10,Bihu,Sarson da Saag,53,false,2,42292346,true,1,3,false,88,4,true,false,January
DST2077,Place_1077,Rajasthan,West,Urban,Culture,Bhopal,Tamil,141559,Kempegowda International Airport,19018,Monsoon,Summer,8.22,3,55.12,74.24,27.28,24.65,452,5,Difficult,true,true,true,33,8727,119,false,4,21.8,2958.6,10,10,10,Navratri,Sarson da Saag,25,true,8,17559534,true,1,5,false,73,4,true,false,May
DST2078,Place_1078,Maharashtra,South,Urban,Scenery,Cochin,Tamil,610926,Cochin International Airport,43898,Monsoon,Summer,11.29,13,44.4,64.92,10.56,29.88,287,1,Difficult,false,false,true,52,8792,91,false,5,20.6,1306.9,5,7,4,Onam,Vada Pav,84,false,8,34142886,true,2,1,false,52,2,true,false,October
DST2079,Place_1079,Maharashtra,East,Beach,Wildlife,Hyderabad,Tamil,348290,Indira Gandhi International Airport,18916,Winter,Summer,2.33,7,88.35,85.96,15.83,47.21,308,1,Easy,true,false,false,76,3657,182,true,5,10.1,2798.1,9,7,1,Diwali,Biryani,73,true,9,33495325,true,4,1,false,96,1,false,true,October
DST2080,Place_1080,Tamil Nadu,Northeast,Urban,Culture,Lucknow,Marathi,373219,Chhatrapati Shivaji Maharaj International Airport,41376,Winter,Monsoon,5.15,9,53.25,63.62,16.56,57.78,68,3,Easy,true,true,true,81,8127,182,false,4,14.9,1318.4,5,7,3,Lohri,Sarson da Saag,87,false,4,1869546,false,2,5,false,62,4,true,true,May
DST2081,Place_1081,Goa,Northeast,Wildlife,Culture,Delhi,Tamil,515915,Sardar Vallabhbhai Patel International Airport,28604,Winter,Monsoon,13.97,14,74.52,80.12,8.29,55.95,280,1,Easy,true,true,false,50,9852,24,false,2,20.4,401,1,4,8,Bihu,Momos,46,false,4,27842484,true,3,4,true,50,2,true,true,October
DST2082,Place_1082,Rajasthan,East,Urban,Scenery,Pune,Tamil,803332,Raja Bhoj Airport,46177,Monsoon,Monsoon,7.01,2,44.57,81.26,29.23,33.8,350,4,Easy,true,false,false,41,6929,155,true,5,22.9,1095.6,3,5,10,Lohri,Kebabs,42,true,9,7458720,true,3,3,false,35,2,true,true,December
DST2083,Place_1083,Assam,East,Wildlife,Wildlife,Lucknow,Bengali,609968,Kempegowda International Airport,21030,Summer,Summer,14.14,6,85.66,92.56,25.83,33.07,467,2,Easy,false,true,true,7,7618,40,false,3,22.1,1312.9,4,4,7,Navratri,Rogan Josh,17,true,9,26731934,true,1,2,true,84,4,true,false,January
DST2084,Place_1084,Assam,South,Urban,Temples,Ahmedabad,Malayalam,372094,Sardar Vallabhbhai Patel International Airport,12589,Winter,Monsoon,14.88,2,69.54,65.28,25.64,16.28,341,2,Difficult,false,true,false,82,3943,152,true,3,19.6,612.2,7,9,2,Pongal,Vada Pav,43,false,9,40973691,false,2,5,true,35,3,true,true,March
DST2085,Place_1085,Assam,East,Beach,Scenery,Goa,Bengali,760773,Cochin International Airport,22983,Monsoon,Summer,8.37,12,72.84,82.87,21.75,58.59,357,5,Easy,false,true,false,91,1305,111,false,5,34.4,255.2,2,4,7,Bihu,Pav Bhaji,22,true,4,24429019,false,4,3,true,79,1,true,true,January
DST2086,Place_1086,Himachal Pradesh,South,Wildlife,Temples,Delhi,Marathi,139305,Sardar Vallabhbhai Patel International Airport,13437,Monsoon,Summer,5.03,7,79.09,73.33,24.01,48,332,3,Easy,true,false,false,91,3941,24,true,1,22.5,1017.9,4,1,2,Holi,Chole Bhature,25,false,6,26323992,false,3,3,true,76,1,true,false,October
DST2087,Place_1087,Himachal Pradesh,Northeast,Hill Station,Scenery,Kolkata,Tamil,622037,Pune Airport,28618,Summer,Summer,12.07,8,70.3,74.03,5.28,52.38,230,2,Moderate,false,true,false,81,1448,74,true,4,29.3,1664,8,8,6,Pongal,Chole Bhature,45,false,7,27433527,false,2,1,false,98,3,false,true,March
DST2088,Place_1088,Kerala,East,Wildlife,Temples,Bhopal,Malayalam,365713,Chhatrapati Shivaji Maharaj International Airport,10705,Summer,Monsoon,3.23,7,43.55,77.56,8.37,21.71,385,2,Difficult,false,false,false,54,8448,114,true,2,35,840.4,5,6,8,Durga Puja,Sarson da Saag,63,true,4,17746745,true,1,5,false,88,1,true,true,October
DST2089,Place_1089,Rajasthan,Central,Beach,Scenery,Pune,Tamil,166778,Chennai International Airport,23680,Monsoon,Monsoon,4.53,14,61.48,68.18,28.92,30.05,341,1,Difficult,true,true,false,25,3794,183,false,3,35.6,2880.2,6,2,3,Pongal,Pav Bhaji,94,false,6,14037552,false,5,2,true,68,4,true,false,March
DST2090,Place_1090,Assam,Central,Wildlife,Culture,Ahmedabad,Tamil,464777,Chaudhary Charan Singh International Airport,16376,Summer,Summer,11.99,10,53.1,76.14,14.15,15.13,316,4,Easy,false,true,true,52,2230,84,false,3,35.7,1496.1,3,1,3,Ganesh Chaturthi,Pav Bhaji,90,true,9,9012350,false,1,5,false,30,2,true,false,August
DST2091,Place_1091,Himachal Pradesh,Northeast,Urban,Food,Indore,Marathi,916517,Jaipur International Airport,26420,Summer,Monsoon,7.07,4,64.34,84.04,8.78,57.04,392,4,Moderate,true,true,true,62,6498,111,false,1,24.8,477.8,4,10,8,Durga Puja,Kebabs,48,false,8,44889552,false,1,2,true,51,2,true,false,October
DST2092,Place_1092,Kerala,South,Urban,Culture,Mumbai,Tamil,577061,Cochin International Airport,45379,Monsoon,Winter,3.82,9,60.22,76,16.5,24.29,306,5,Moderate,false,false,true,35,1481,153,true,5,29.8,1299.1,9,7,8,Durga Puja,Rogan Josh,62,false,4,43883832,true,2,3,true,79,3,false,true,August
DST2093,Place_1093,Goa,Central,Beach,Temples,Chennai,Hindi,458451,Goa International Airport,41358,Winter,Monsoon,10.12,4,81.33,61.49,13.91,39.8,257,4,Easy,true,false,false,11,7417,192,true,1,19.4,2152.3,2,8,10,Diwali,Dosa,43,true,4,4029086,false,5,2,true,32,4,true,true,January
DST2094,Place_1094,Kerala,South,Heritage,Wildlife,Delhi,Malayalam,978606,Sardar Vallabhbhai Patel International Airport,40333,Winter,Summer,11.26,12,52.35,69.02,6.03,17.61,172,2,Moderate,false,false,true,61,7424,39,false,2,35.9,1512.7,3,10,6,Diwali,Biryani,27,false,9,28778097,false,4,3,true,66,4,false,false,January
DST2095,Place_1095,Himachal Pradesh,Central,Urban,Culture,Kolkata,Malayalam,660451,Chhatrapati Shivaji Maharaj International Airport,2835,Monsoon,Summer,2.75,13,50.07,72.3,19.37,50.14,31,1,Easy,false,true,true,40,4068,50,true,5,16.4,1060.6,2,9,1,Lohri,Dosa,50,true,9,9092259,true,1,2,false,62,2,true,false,January
DST2096,Place_1096,Tamil Nadu,Central,Hill Station,Food,Ahmedabad,Hindi,149592,Pune Airport,22283,Winter,Summer,4.88,14,87.9,72.42,5.95,19.32,199,4,Difficult,true,true,false,87,4427,76,true,3,33.6,408.3,2,4,3,Ganesh Chaturthi,Momos,45,true,7,23320493,false,1,1,true,85,5,true,false,October
DST2097,Place_1097,Tamil Nadu,South,Beach,Temples,Bhopal,Marathi,318223,Kempegowda International Airport,43565,Monsoon,Winter,4.1,14,87.48,62.84,5.01,50.47,79,3,Moderate,false,false,false,90,6053,26,false,3,24.1,1432.7,9,7,10,Holi,Pav Bhaji,14,true,5,17885482,false,5,5,true,36,5,false,true,May
DST2098,Place_1098,Assam,West,Wildlife,Culture,Bhopal,Tamil,288405,Lokpriya Gopinath Bordoloi International Airport,36963,Monsoon,Summer,6.32,8,89.67,75.73,32.74,30.09,352,3,Easy,true,false,true,28,2192,35,true,4,19,382.4,8,5,7,Holi,Pav Bhaji,37,false,5,10022345,false,4,1,false,71,1,false,true,August
DST2099,Place_1099,Tamil Nadu,Central,Wildlife,Scenery,Ahmedabad,Tamil,479575,Rajiv Gandhi International Airport,47636,Summer,Summer,11.69,14,68.42,84.22,16.02,38.89,74,3,Easy,false,false,true,28,9030,127,false,2,21.4,1175.6,7,2,2,Diwali,Biryani,58,true,5,48954034,false,1,4,false,88,1,true,false,August
DST2100,Place_1100,Assam,East,Hill Station,Wildlife,Bengaluru,Malayalam,632327,Rajiv Gandhi International Airport,10179,Winter,Monsoon,10.99,6,45.66,61.7,24.87,23.49,415,4,Easy,true,true,true,60,8445,82,false,3,27.6,437.1,9,3,9,Pongal,Dosa,78,false,9,38974421,false,1,5,true,81,1,true,true,August
DST2101,Place_1101,Assam,Northeast,Urban,Temples,Ahmedabad,Marathi,239270,Devi Ahilya Bai Holkar Airport,29904,Monsoon,Winter,10.28,13,84.01,86.28,15.42,54.14,263,1,Difficult,false,true,false,89,5325,110,true,1,37.9,2060.9,8,8,9,Eid,Sarson da Saag,77,false,2,29080447,true,2,5,true,34,4,true,false,December
DST2102,Place_1102,Himachal Pradesh,West,Beach,Culture,Indore,Marathi,265426,Chaudhary Charan Singh International Airport,42113,Winter,Monsoon,1.09,14,47.26,93.43,37.55,47.99,479,4,Moderate,false,false,true,65,2517,104,false,3,12.9,2340.6,9,10,2,Lohri,Dosa,12,true,6,6387998,true,2,2,true,52,2,false,true,October
DST2103,Place_1103,Tamil Nadu,South,Hill Station,Temples,Chennai,Marathi,870873,Raja Bhoj Airport,34674,Winter,Summer,2.99,2,47.78,60.33,30.52,27.71,84,2,Difficult,false,true,true,81,3024,67,false,1,37.6,806.1,2,5,6,Diwali,Kebabs,42,true,8,4838365,true,3,3,true,57,4,false,true,August
DST2104,Place_1104,Assam,West,Urban,Scenery,Pune,Tamil,365968,Cochin International Airport,12955,Winter,Summer,4.13,12,49.67,66.78,17.92,39.27,216,4,Difficult,true,true,false,74,9680,104,true,1,34.5,316.7,7,3,2,Navratri,Kebabs,66,false,6,8753491,true,2,2,true,70,3,false,false,August
DST2105,Place_1105,Rajasthan,North,Beach,Food,Indore,Marathi,936852,Pune Airport,49536,Monsoon,Winter,4.81,13,72.67,79.02,12.37,16.45,120,3,Moderate,true,false,false,32,2299,111,false,5,27.6,1106.4,9,8,1,Diwali,Idli,61,false,5,7297101,false,4,5,false,28,2,false,true,August
DST2106,Place_1106,Goa,North,Wildlife,Culture,Cochin,Hindi,451679,Chhatrapati Shivaji Maharaj International Airport,8198,Summer,Summer,3.05,5,45.36,67.63,9.82,18.02,19,3,Difficult,true,true,false,36,5092,140,false,5,13.9,1725.5,9,7,10,Diwali,Sarson da Saag,76,false,9,31632206,false,3,1,false,44,2,true,true,October
DST2107,Place_1107,Kerala,Central,Beach,Temples,Pune,Bengali,103436,Pune Airport,2620,Winter,Winter,6.74,14,78.91,86.76,31.68,36.68,448,1,Easy,false,false,true,81,8032,129,true,3,34.4,2327,8,7,9,Onam,Dosa,81,true,7,11385148,true,2,3,false,30,2,true,true,October
DST2108,Place_1108,Kerala,Central,Heritage,Temples,Ahmedabad,Marathi,717838,Jaipur International Airport,45588,Monsoon,Monsoon,2.05,12,42.91,70.92,20.86,42.03,148,5,Moderate,true,false,false,82,4723,135,true,3,30.7,1268.4,1,7,5,Holi,Kebabs,32,true,5,40893290,true,5,2,true,27,2,true,false,December
DST2109,Place_1109,Himachal Pradesh,East,Beach,Temples,Kolkata,Bengali,796217,Jaipur International Airport,12766,Winter,Winter,11.5,10,45.52,70.28,13.12,37.87,6,3,Difficult,true,false,false,49,2085,122,false,1,24.9,1161.2,3,5,1,Ganesh Chaturthi,Sarson da Saag,79,false,9,7574392,false,2,1,false,49,1,false,true,May
DST2110,Place_1110,Tamil Nadu,Northeast,Heritage,Food,Delhi,Tamil,116057,Chennai International Airport,32090,Summer,Monsoon,12.03,9,61.72,60.03,37.19,37.97,376,3,Moderate,false,false,false,73,4204,165,false,5,36.6,2734.2,8,4,7,Eid,Dosa,36,false,8,16741330,false,2,2,true,83,2,true,false,August
DST2111,Place_1111,Tamil Nadu,West,Beach,Temples,Kolkata,Marathi,625598,Rajiv Gandhi International Airport,42291,Winter,Summer,9.04,4,58.96,69.45,18.65,47.11,377,5,Difficult,true,false,false,72,3859,141,false,3,29.9,1404.1,3,6,3,Holi,Biryani,95,false,9,38229662,true,2,5,true,62,4,false,false,December
DST2112,Place_1112,Assam,North,Heritage,Wildlife,Guwahati,Malayalam,751201,Rajiv Gandhi International Airport,5338,Monsoon,Monsoon,2.26,3,89.49,67.62,24.02,55.12,472,4,Easy,true,true,false,82,6408,177,true,5,18.7,1396.9,4,6,6,Lohri,Rogan Josh,43,true,8,18945593,true,1,2,true,14,2,true,false,May
DST2113,Place_1113,Maharashtra,Central,Wildlife,Wildlife,Cochin,Tamil,568571,Jaipur International Airport,49679,Winter,Monsoon,13.46,12,88.34,72.01,35.02,29.38,392,3,Difficult,true,false,true,22,9022,111,false,2,11.3,1289,10,6,4,Holi,Rogan Josh,74,false,9,18885901,false,5,1,false,31,3,false,true,August
DST2114,Place_1114,Assam,Northeast,Urban,Temples,Indore,Hindi,869129,Devi Ahilya Bai Holkar Airport,6301,Winter,Monsoon,14.52,10,49.48,65.17,34.17,36.85,85,1,Moderate,false,false,true,79,6475,66,false,1,32.8,1153.3,2,8,3,Diwali,Idli,45,true,4,9961045,true,3,1,false,65,5,false,false,August
DST2115,Place_1115,Goa,West,Heritage,Wildlife,Goa,Hindi,879276,Pune Airport,16144,Winter,Winter,3.83,2,87.33,80.81,27.33,54.65,385,4,Difficult,true,true,true,87,7961,184,true,5,17.7,2212.6,3,6,6,Ganesh Chaturthi,Chole Bhature,18,true,4,49863453,false,1,1,false,23,4,false,false,January
DST2116,Place_1116,Rajasthan,Central,Heritage,Culture,Jaipur,Bengali,690301,Chaudhary Charan Singh International Airport,14784,Summer,Monsoon,10.86,10,74.61,68.36,36.1,33.21,146,4,Easy,true,true,true,6,4530,171,false,3,18.4,917.2,5,10,8,Onam,Dosa,34,true,4,20499550,false,5,2,false,49,4,false,true,December
DST2117,Place_1117,Kerala,Central,Wildlife,Wildlife,Indore,Bengali,946454,Devi Ahilya Bai Holkar Airport,3423,Winter,Winter,12.79,13,60.44,89.11,38.32,32.26,315,3,Easy,true,false,true,7,4578,182,true,1,23.5,1198.4,6,4,6,Lohri,Vada Pav,87,true,2,1791823,true,3,5,true,10,4,true,false,January
DST2118,Place_1118,Assam,North,Heritage,Temples,Delhi,Malayalam,764266,Chaudhary Charan Singh International Airport,9272,Monsoon,Winter,8.56,8,76.98,69.96,37.73,48.33,453,4,Easy,false,false,false,33,3275,41,true,4,32.5,918.6,6,10,6,Diwali,Pav Bhaji,27,true,5,13609589,true,2,4,true,86,1,true,true,May
DST2119,Place_1119,Maharashtra,North,Hill Station,Scenery,Mumbai,Malayalam,765228,Cochin International Airport,2573,Winter,Winter,5.53,13,85.01,67.38,17.22,53.87,186,4,Difficult,true,false,true,91,5525,181,true,1,37.7,1753.9,7,10,5,Navratri,Pav Bhaji,91,false,5,32642470,true,1,4,false,36,3,true,false,October
DST2120,Place_1120,Maharashtra,Central,Wildlife,Culture,Goa,Hindi,642834,Sardar Vallabhbhai Patel International Airport,25419,Winter,Summer,7.7,3,49.01,61.99,18.9,46.88,324,1,Moderate,false,false,false,52,1144,106,true,2,16.5,2885.1,10,4,5,Bihu,Idli,36,true,7,45414359,false,3,4,false,58,2,true,true,May
DST2121,Place_1121,Assam,South,Hill Station,Food,Guwahati,Marathi,198812,Cochin International Airport,17803,Winter,Summer,8.17,12,49.8,85.9,13.42,15.01,300,4,Difficult,true,true,true,69,3208,148,false,1,36.5,1231.9,8,5,1,Holi,Pav Bhaji,18,false,8,37278804,false,2,3,false,67,3,false,false,January
DST2122,Place_1122,Himachal Pradesh,Central,Wildlife,Temples,Chennai,Hindi,697143,Kempegowda International Airport,34234,Summer,Summer,6.61,6,60.44,77.79,34.29,33.24,317,3,Difficult,false,false,true,46,9480,45,true,5,28.1,2907.8,6,7,4,Ganesh Chaturthi,Dosa,85,true,9,38323079,false,1,5,false,90,2,true,true,March
DST2123,Place_1123,Kerala,Northeast,Heritage,Food,Goa,Hindi,657437,Rajiv Gandhi International Airport,49555,Monsoon,Winter,14.02,3,48.46,63.98,9.26,20.6,393,3,Difficult,true,false,true,10,6471,150,true,5,35.7,2004.4,10,1,8,Diwali,Kebabs,65,true,7,6497381,true,3,5,true,81,1,true,false,October
DST2124,Place_1124,Himachal Pradesh,Central,Hill Station,Scenery,Kolkata,Malayalam,475735,Devi Ahilya Bai Holkar Airport,6176,Winter,Summer,11.41,6,58.02,67.75,17.43,25.87,378,5,Moderate,true,false,false,63,5179,66,true,3,35.4,2406.8,6,1,6,Ganesh Chaturthi,Momos,56,false,5,46175109,true,3,3,false,35,5,false,false,March
DST2125,Place_1125,Rajasthan,East,Heritage,Food,Bengaluru,Bengali,298453,Jaipur International Airport,37161,Monsoon,Monsoon,4.38,8,72.28,94.96,5.34,33.44,192,2,Easy,false,false,true,85,1533,162,true,3,21.8,1065.7,2,5,7,Eid,Idli,91,true,4,7220941,true,1,4,true,29,1,true,false,October
DST2126,Place_1126,Maharashtra,East,Wildlife,Temples,Pune,Malayalam,779044,Raja Bhoj Airport,43525,Monsoon,Winter,9.2,6,80.64,88.21,25.81,21.08,281,5,Easy,false,true,false,23,7268,174,false,1,30.3,750.8,3,5,9,Holi,Dosa,58,false,2,2712758,true,1,4,false,92,3,true,true,January
DST2127,Place_1127,Maharashtra,East,Heritage,Temples,Ahmedabad,Malayalam,392002,Lokpriya Gopinath Bordoloi International Airport,16164,Summer,Summer,10.64,3,55.1,72.25,28.04,35.8,473,1,Easy,true,true,true,56,1180,99,false,1,38.4,1772.7,6,1,8,Bihu,Idli,23,true,3,49961181,true,3,3,true,23,1,false,true,March
DST2128,Place_1128,Goa,South,Hill Station,Scenery,Delhi,Malayalam,145330,Pune Airport,13222,Monsoon,Winter,2.96,12,54.09,78.99,13.71,42.16,187,1,Moderate,true,false,false,65,4032,141,true,1,30.2,2973.2,6,7,4,Ganesh Chaturthi,Rogan Josh,83,true,3,31618061,true,4,1,true,34,3,true,false,December
DST2129,Place_1129,Rajasthan,South,Hill Station,Temples,Cochin,Hindi,879340,Cochin International Airport,26379,Winter,Summer,6.02,6,78.99,74.56,30.79,53.74,17,3,Difficult,true,false,true,6,1929,118,false,5,23.7,2159.6,6,7,7,Durga Puja,Kebabs,93,false,4,34511683,false,2,5,false,45,3,false,true,March
DST2130,Place_1130,Maharashtra,Central,Heritage,Scenery,Ahmedabad,Marathi,814564,Cochin International Airport,26653,Summer,Monsoon,13.68,13,59.05,61.27,18.35,20.57,314,2,Difficult,true,false,false,83,8963,35,true,5,21.2,2076.7,4,4,3,Durga Puja,Kebabs,31,false,4,42895704,false,3,4,false,37,3,false,true,December
DST2131,Place_1131,Rajasthan,East,Beach,Scenery,Indore,Hindi,454347,Chhatrapati Shivaji Maharaj International Airport,19016,Summer,Winter,8.94,13,80.92,87.25,15.91,25.53,148,5,Difficult,true,true,false,27,5514,22,true,4,14.3,1405.3,2,2,5,Durga Puja,Chole Bhature,68,false,7,46553560,true,1,4,false,17,1,false,true,August
DST2132,Place_1132,Kerala,South,Wildlife,Temples,Indore,Tamil,387437,Kempegowda International Airport,19368,Monsoon,Summer,4.04,11,89.67,85.09,38.47,30.29,45,2,Moderate,true,false,true,23,1963,81,false,4,40,2650.5,8,2,3,Ganesh Chaturthi,Kebabs,43,false,5,49244114,true,3,3,false,58,5,true,true,March
DST2133,Place_1133,Tamil Nadu,North,Wildlife,Wildlife,Mumbai,Malayalam,943301,Raja Bhoj Airport,24505,Summer,Summer,2.72,7,88.98,74.31,25.6,21.23,11,3,Difficult,false,true,true,74,7920,188,true,4,29.7,2121.2,2,4,7,Holi,Rogan Josh,57,true,6,38150493,false,1,2,true,15,2,false,true,August
DST2134,Place_1134,Maharashtra,Central,Heritage,Scenery,Jaipur,Malayalam,976861,Cochin International Airport,33771,Monsoon,Monsoon,8.26,6,73.13,89.61,13.83,26.6,229,4,Moderate,false,true,true,54,4349,56,false,3,18.3,2057.2,3,2,3,Onam,Kebabs,78,true,9,2599837,true,2,5,true,98,5,false,false,January
DST2135,Place_1135,Goa,Northeast,Beach,Temples,Guwahati,Tamil,235701,Chaudhary Charan Singh International Airport,41245,Monsoon,Monsoon,8.67,3,58.76,78.72,39.41,54.17,461,3,Easy,false,false,true,65,8384,134,true,5,12.2,948.3,1,1,8,Navratri,Rogan Josh,39,true,8,47669326,true,1,5,true,10,2,false,false,March
DST2136,Place_1136,Kerala,West,Hill Station,Wildlife,Ahmedabad,Malayalam,105704,Indira Gandhi International Airport,39766,Summer,Summer,5.68,7,43.27,62.28,18.56,16.93,112,3,Easy,false,true,true,23,4156,170,true,1,32.6,2877.4,9,1,10,Navratri,Biryani,10,false,8,11229532,false,1,5,true,14,1,false,true,August
DST2137,Place_1137,Assam,Central,Urban,Scenery,Kolkata,Malayalam,232848,Indira Gandhi International Airport,34370,Winter,Summer,9.83,7,76.9,69.08,27.67,32.19,159,2,Moderate,true,true,false,98,3840,179,true,1,35.7,826.1,3,8,8,Pongal,Rogan Josh,35,true,9,3298338,true,4,1,true,82,3,false,false,March
DST2138,Place_1138,Rajasthan,West,Urban,Wildlife,Guwahati,Malayalam,288327,Lokpriya Gopinath Bordoloi International Airport,8256,Monsoon,Winter,1.96,13,88.9,76.16,30.33,25.55,422,1,Easy,false,false,true,26,8504,137,false,4,22.8,1618.7,2,2,6,Holi,Vada Pav,80,false,4,19210598,false,1,2,false,17,2,false,false,January
DST2139,Place_1139,Assam,East,Heritage,Culture,Delhi,Tamil,672569,Lokpriya Gopinath Bordoloi International Airport,44327,Summer,Winter,3.03,3,43.4,63.62,19.78,13.86,226,4,Moderate,false,false,true,7,3126,40,true,3,38.7,1084.7,6,9,9,Bihu,Idli,16,false,4,42532438,false,5,5,true,97,2,true,true,March
DST2140,Place_1140,Himachal Pradesh,West,Beach,Culture,Bengaluru,Hindi,741260,Pune Airport,47454,Summer,Summer,8.65,14,40.31,79.99,23.76,14.81,464,4,Difficult,false,true,true,9,6638,177,true,3,19.9,624.2,8,2,2,Navratri,Idli,14,false,3,29104189,true,5,1,true,98,1,true,true,December
DST2141,Place_1141,Kerala,East,Beach,Wildlife,Mumbai,Malayalam,213532,Netaji Subhas Chandra Bose International Airport,29251,Monsoon,Monsoon,1.87,14,81.59,64.22,13.39,49.24,182,1,Easy,false,true,true,98,4898,125,true,4,32.7,517.9,4,4,6,Holi,Dosa,93,false,7,41563158,false,4,1,true,50,4,true,true,March
DST2142,Place_1142,Assam,North,Wildlife,Scenery,Indore,Marathi,524452,Cochin International Airport,47741,Monsoon,Winter,13.33,5,45.11,67.02,21.3,52.62,54,2,Easy,true,true,false,71,2759,153,false,1,17.9,949.4,1,7,4,Onam,Kebabs,73,true,9,26132970,true,2,1,false,81,2,true,true,December
DST2143,Place_1143,Maharashtra,West,Hill Station,Temples,Lucknow,Tamil,166780,Cochin International Airport,32977,Monsoon,Summer,2.99,8,44.08,91.29,15.88,47.07,265,2,Difficult,false,false,false,64,2479,65,true,3,20.1,2098,7,7,7,Onam,Biryani,32,false,4,32860415,false,2,5,false,94,1,true,false,May
DST2144,Place_1144,Rajasthan,Central,Beach,Food,Guwahati,Bengali,300277,Cochin International Airport,33664,Monsoon,Monsoon,10.43,2,85.52,94.99,24.16,36.96,34,1,Difficult,false,true,false,43,5802,83,false,2,28.2,2926.9,3,10,1,Ganesh Chaturthi,Chole Bhature,17,true,8,42812068,false,1,5,true,28,5,false,false,May
DST2145,Place_1145,Tamil Nadu,East,Urban,Temples,Chennai,Tamil,544162,Lokpriya Gopinath Bordoloi International Airport,7714,Winter,Monsoon,6.48,2,43.98,79.26,28.45,48.63,79,5,Moderate,true,false,false,32,8651,45,false,4,11.1,2574.5,5,8,4,Eid,Pav Bhaji,56,true,6,36191414,false,4,3,false,12,4,true,false,December
DST2146,Place_1146,Kerala,Central,Hill Station,Food,Jaipur,Hindi,344955,Netaji Subhas Chandra Bose International Airport,42144,Winter,Summer,6.6,12,45.7,81.69,26.49,17.6,5,2,Easy,true,true,false,5,1976,105,false,1,16.3,732.3,2,3,10,Diwali,Idli,89,true,8,29332329,false,4,3,false,48,5,false,true,August
DST2147,Place_1147,Maharashtra,South,Hill Station,Food,Guwahati,Tamil,417477,Rajiv Gandhi International Airport,12701,Winter,Summer,11.71,13,68.48,87.91,32.19,49.01,126,1,Difficult,false,false,false,26,4427,89,false,2,15.3,327.4,8,1,4,Ganesh Chaturthi,Sarson da Saag,50,true,5,15382899,false,4,2,false,25,3,false,true,March
DST2148,Place_1148,Goa,East,Heritage,Scenery,Kolkata,Bengali,782637,Chhatrapati Shivaji Maharaj International Airport,15891,Winter,Winter,7.99,12,77.84,84.36,6.45,31.17,67,5,Easy,false,true,false,49,1080,193,true,5,19.8,2091.4,3,4,6,Navratri,Rogan Josh,57,false,6,9466781,false,5,3,true,74,3,false,false,March
DST2149,Place_1149,Himachal Pradesh,West,Beach,Wildlife,Chennai,Marathi,805966,Goa International Airport,37019,Summer,Summer,11.16,7,59.98,66.39,7.75,47.52,189,3,Easy,false,true,false,55,8289,57,true,1,33.3,187.1,9,3,10,Diwali,Momos,79,true,2,49782159,true,2,5,false,83,2,true,true,March
DST2150,Place_1150,Rajasthan,East,Heritage,Temples,Cochin,Bengali,757293,Sardar Vallabhbhai Patel International Airport,28516,Monsoon,Winter,8.07,8,61.03,74.41,12.19,21.39,243,4,Easy,true,false,true,85,5665,67,false,2,37.2,2591.5,1,4,6,Eid,Sarson da Saag,84,false,8,17720672,false,5,3,false,79,5,true,true,March
DST2151,Place_1151,Kerala,Central,Beach,Wildlife,Bengaluru,Tamil,788874,Pune Airport,41912,Summer,Monsoon,9.3,13,71.63,78.73,39.5,51.63,8,1,Easy,false,false,true,55,3859,24,false,5,10.4,2494.1,6,6,6,Bihu,Sarson da Saag,86,true,9,29340570,false,2,2,true,78,4,true,true,May
DST2152,Place_1152,Kerala,North,Wildlife,Culture,Chennai,Bengali,353130,Indira Gandhi International Airport,10916,Summer,Winter,11.65,6,65.27,72.59,33.01,38.41,156,2,Moderate,true,true,true,32,2071,152,true,3,17.7,2401.7,3,1,4,Eid,Biryani,75,true,4,18599881,false,3,5,false,26,5,false,false,March
DST2153,Place_1153,Tamil Nadu,East,Heritage,Scenery,Pune,Tamil,338408,Indira Gandhi International Airport,3910,Winter,Summer,9.5,13,40.93,66.16,37.34,10.37,70,4,Difficult,true,true,false,34,3456,158,true,1,10.8,1702,4,1,5,Holi,Momos,58,true,4,44752595,false,1,4,false,30,1,true,true,August
DST2154,Place_1154,Tamil Nadu,West,Heritage,Scenery,Cochin,Marathi,714181,Chhatrapati Shivaji Maharaj International Airport,19254,Summer,Winter,9.62,11,45.68,85.76,14.52,35.96,463,5,Easy,false,true,false,12,4084,73,true,1,35.8,2923.2,4,2,8,Durga Puja,Dosa,11,true,6,1983102,true,3,4,false,71,5,false,true,March
DST2155,Place_1155,Goa,South,Urban,Culture,Delhi,Marathi,847967,Rajiv Gandhi International Airport,45250,Winter,Monsoon,12.05,9,69.08,66.96,25.08,25.51,133,4,Difficult,false,true,true,95,2868,144,true,3,16,1429.3,8,10,3,Pongal,Biryani,72,true,7,16552654,false,1,4,true,40,2,true,false,May
DST2156,Place_1156,Himachal Pradesh,Northeast,Heritage,Temples,Chennai,Hindi,949390,Netaji Subhas Chandra Bose International Airport,37116,Monsoon,Monsoon,14.29,12,79.68,69.12,24.42,12.88,299,1,Difficult,true,false,true,45,4851,61,false,1,33.1,2960.9,9,10,6,Navratri,Vada Pav,22,true,2,19142949,false,1,2,true,12,5,true,true,August
DST2157,Place_1157,Goa,North,Beach,Culture,Kolkata,Marathi,130844,Raja Bhoj Airport,18985,Winter,Summer,6.27,5,78.16,70.03,24.93,32.37,319,3,Moderate,true,true,true,29,7367,28,true,4,11,2657.4,5,3,1,Bihu,Rogan Josh,92,true,8,37480270,false,4,2,false,47,1,false,true,May
DST2158,Place_1158,Maharashtra,South,Urban,Temples,Lucknow,Malayalam,476645,Chennai International Airport,23151,Monsoon,Winter,9.08,4,77,65.66,30.11,25.57,248,5,Moderate,true,false,false,63,5322,134,false,2,22,467,10,5,10,Ganesh Chaturthi,Sarson da Saag,42,true,5,17988990,false,5,5,false,69,4,true,false,December
DST2159,Place_1159,Maharashtra,East,Heritage,Food,Pune,Bengali,977632,Rajiv Gandhi International Airport,6830,Winter,Summer,2.21,8,78.56,89.73,18.79,20.22,322,5,Easy,true,false,false,81,1987,95,true,5,20.8,2695.2,10,9,6,Diwali,Chole Bhature,34,false,6,35956206,true,5,4,true,74,3,false,false,December
DST2160,Place_1160,Goa,Central,Heritage,Scenery,Pune,Bengali,625080,Raja Bhoj Airport,45297,Summer,Summer,6.02,5,42.22,81.37,28.7,27.46,43,5,Easy,true,false,false,38,6483,183,false,5,19.9,984.1,3,6,9,Pongal,Idli,91,true,7,34042832,false,2,1,true,85,1,false,true,August
DST2161,Place_1161,Himachal Pradesh,Central,Wildlife,Temples,Indore,Tamil,532911,Rajiv Gandhi International Airport,41888,Summer,Monsoon,6.77,2,84.76,89.22,32.6,18.98,115,4,Moderate,true,false,false,43,9382,47,false,2,27.1,2327.9,9,5,8,Onam,Vada Pav,38,false,9,19161107,true,4,3,false,25,1,true,false,August
DST2162,Place_1162,Goa,West,Heritage,Wildlife,Chennai,Marathi,707475,Chaudhary Charan Singh International Airport,19474,Winter,Winter,12.69,12,84.46,77.28,15.12,24.99,461,3,Difficult,false,false,false,75,9183,150,true,4,21.7,100.6,1,8,5,Navratri,Biryani,46,false,3,30941264,false,5,4,false,98,3,false,true,March
DST2163,Place_1163,Himachal Pradesh,Central,Hill Station,Wildlife,Jaipur,Hindi,142510,Devi Ahilya Bai Holkar Airport,6480,Monsoon,Summer,8.19,9,66.6,78.18,38.1,15.77,397,1,Difficult,false,false,true,90,7845,53,false,1,22.1,900,1,1,7,Pongal,Sarson da Saag,84,false,2,4865076,false,2,4,false,91,5,false,true,October
DST2164,Place_1164,Himachal Pradesh,North,Urban,Scenery,Hyderabad,Hindi,532353,Sardar Vallabhbhai Patel International Airport,10443,Monsoon,Monsoon,11.23,6,52.43,81.57,23.13,14.22,392,1,Moderate,false,true,false,50,9051,159,true,3,15.7,2299.5,3,7,5,Ganesh Chaturthi,Pav Bhaji,50,true,5,4675915,true,2,4,true,17,2,false,false,May
DST2165,Place_1165,Assam,Central,Hill Station,Culture,Cochin,Hindi,213104,Sardar Vallabhbhai Patel International Airport,40138,Winter,Summer,1.27,14,69.61,72.98,30.65,55.5,227,4,Easy,false,true,false,42,2023,44,false,3,22.4,2919.8,2,8,3,Holi,Idli,96,true,2,26554141,true,2,4,true,79,4,true,true,August
DST2166,Place_1166,Rajasthan,West,Urban,Culture,Jaipur,Malayalam,828770,Indira Gandhi International Airport,33938,Summer,Winter,7.5,9,67.89,77.38,30.51,55.14,406,1,Easy,true,false,false,99,8606,140,false,1,32.2,595.8,8,9,9,Navratri,Sarson da Saag,96,true,8,25776345,false,5,5,true,60,5,false,true,August
DST2167,Place_1167,Himachal Pradesh,Northeast,Wildlife,Temples,Goa,Marathi,575428,Lokpriya Gopinath Bordoloi International Airport,3809,Monsoon,Summer,13.62,9,51.15,79.14,24.78,51.4,56,1,Easy,true,true,false,37,4294,120,true,5,19.7,1432.3,5,9,7,Diwali,Sarson da Saag,44,true,3,37794488,false,1,3,true,59,3,false,true,May
DST2168,Place_1168,Tamil Nadu,East,Heritage,Culture,Ahmedabad,Hindi,926064,Sardar Vallabhbhai Patel International Airport,40761,Winter,Winter,4.14,13,70.16,93.37,16.29,21.52,243,3,Moderate,false,false,true,26,8127,153,false,2,35.7,1802.8,10,8,8,Navratri,Rogan Josh,12,true,2,40888751,false,4,4,false,82,2,true,false,May
DST2169,Place_1169,Himachal Pradesh,East,Heritage,Scenery,Kolkata,Malayalam,792150,Indira Gandhi International Airport,27930,Monsoon,Monsoon,1.44,6,79.86,90.9,28.34,46.29,56,4,Moderate,false,false,false,31,9051,182,true,2,15,2862.4,1,10,7,Ganesh Chaturthi,Idli,56,false,9,28863384,false,4,5,false,27,4,false,false,January
DST2170,Place_1170,Himachal Pradesh,Central,Heritage,Temples,Hyderabad,Bengali,445712,Rajiv Gandhi International Airport,24095,Summer,Monsoon,7.07,9,80.31,64.52,8.05,39.49,142,4,Difficult,false,false,true,67,4113,153,true,5,35.4,1414.5,3,3,7,Durga Puja,Sarson da Saag,71,false,6,8898540,false,2,4,true,93,2,true,true,May
DST2171,Place_1171,Himachal Pradesh,South,Urban,Food,Delhi,Tamil,885139,Devi Ahilya Bai Holkar Airport,12946,Monsoon,Summer,10.86,8,42.98,61.44,39.35,12.56,191,5,Moderate,false,true,true,31,4663,111,false,2,28.5,2807.3,3,6,8,Holi,Vada Pav,27,false,6,6837776,false,2,1,true,91,3,false,true,October
DST2172,Place_1172,Assam,East,Heritage,Culture,Pune,Marathi,524101,Chhatrapati Shivaji Maharaj International Airport,4991,Winter,Monsoon,7.36,14,49.86,83.81,11.44,54.98,6,1,Easy,false,true,true,25,6745,90,true,5,22.7,2936.7,2,5,8,Pongal,Momos,66,true,2,3989928,true,2,5,true,38,2,true,true,October
DST2173,Place_1173,Assam,Northeast,Hill Station,Culture,Kolkata,Marathi,165214,Chennai International Airport,24519,Monsoon,Summer,7.44,4,73.41,61.72,14.64,59.9,403,2,Difficult,true,true,false,57,8531,175,false,4,11.1,2830.7,9,3,6,Ganesh Chaturthi,Sarson da Saag,61,false,4,29871674,true,2,1,false,84,4,false,true,October
DST2174,Place_1174,Maharashtra,Central,Heritage,Temples,Cochin,Bengali,669158,Chhatrapati Shivaji Maharaj International Airport,27657,Monsoon,Summer,10.38,5,82.99,62.11,38.41,45.44,447,3,Easy,true,false,true,39,2156,33,true,1,13.8,2271.3,1,2,4,Navratri,Sarson da Saag,82,false,8,12955262,false,2,4,false,91,5,false,true,January
DST2175,Place_1175,Assam,West,Wildlife,Wildlife,Indore,Marathi,883577,Rajiv Gandhi International Airport,1826,Summer,Winter,4.56,12,66.06,65.57,11.53,21.58,274,3,Easy,false,true,true,51,9354,187,true,5,22.4,466.1,10,2,5,Diwali,Momos,57,false,2,41213017,true,2,3,false,42,3,false,true,January
DST2176,Place_1176,Tamil Nadu,Northeast,Hill Station,Culture,Bengaluru,Marathi,148110,Lokpriya Gopinath Bordoloi International Airport,43625,Summer,Summer,11.53,13,75.38,72.31,10.95,37.72,133,2,Difficult,false,false,false,54,5399,117,false,4,36.3,1847,5,10,6,Diwali,Sarson da Saag,29,false,9,34459906,false,4,5,false,12,2,false,false,December
DST2177,Place_1177,Tamil Nadu,Central,Heritage,Scenery,Ahmedabad,Marathi,995846,Jaipur International Airport,17513,Summer,Winter,3.14,14,41.05,75.22,33.16,15.47,434,5,Easy,false,false,true,14,3794,66,false,5,38.7,2285.2,9,10,9,Navratri,Vada Pav,97,true,9,8376954,false,2,1,false,14,3,false,true,December
DST2178,Place_1178,Assam,Northeast,Heritage,Culture,Lucknow,Marathi,623538,Lokpriya Gopinath Bordoloi International Airport,18801,Summer,Summer,6.54,8,70.42,78.18,13.8,24.94,38,2,Difficult,false,true,false,32,9245,132,false,4,37.9,2869.2,3,10,5,Durga Puja,Chole Bhature,90,false,9,41388217,true,1,1,false,89,4,false,false,January
DST2179,Place_1179,Goa,East,Beach,Food,Ahmedabad,Malayalam,760531,Cochin International Airport,30846,Winter,Winter,10.18,5,88.1,94.73,8.32,45.86,192,2,Easy,false,false,true,41,9565,65,true,4,18.2,2356.1,10,4,9,Diwali,Rogan Josh,21,true,8,42092215,false,3,3,true,68,4,true,true,August
DST2180,Place_1180,Rajasthan,West,Urban,Culture,Kolkata,Malayalam,240661,Pune Airport,40566,Monsoon,Monsoon,12.6,7,73.05,73.48,12.93,25.05,326,5,Easy,false,false,true,45,6546,95,true,4,17.7,1662.9,3,9,9,Eid,Idli,42,true,6,43674314,false,5,5,false,13,5,true,false,December
DST2181,Place_1181,Assam,Central,Hill Station,Wildlife,Delhi,Tamil,118077,Netaji Subhas Chandra Bose International Airport,24157,Monsoon,Summer,12.08,13,86.11,68.5,36.09,17.36,482,2,Difficult,false,false,false,65,7893,75,true,1,32.2,695,7,2,8,Diwali,Kebabs,79,true,5,27466734,true,5,2,true,27,4,true,false,March
DST2182,Place_1182,Himachal Pradesh,North,Beach,Culture,Pune,Marathi,951306,Devi Ahilya Bai Holkar Airport,29363,Monsoon,Winter,11.1,3,68.3,80.13,14.81,10.37,24,5,Easy,false,false,false,55,6161,87,false,5,38.2,1425.5,1,5,10,Onam,Kebabs,79,true,2,45417947,false,4,1,true,36,5,false,false,January
DST2183,Place_1183,Kerala,West,Wildlife,Temples,Mumbai,Bengali,565462,Pune Airport,6136,Monsoon,Summer,6.03,13,82.17,67.53,29.33,38.63,101,1,Easy,true,false,false,12,8782,101,false,5,14,1951.1,9,8,6,Bihu,Rogan Josh,57,false,3,17445211,true,5,5,false,27,1,true,false,December
DST2184,Place_1184,Rajasthan,North,Urban,Culture,Guwahati,Hindi,346797,Chennai International Airport,18421,Winter,Winter,2.71,3,46.21,92.92,18.83,58.43,150,5,Difficult,false,true,false,62,9118,86,false,5,21.3,1041.3,7,10,1,Ganesh Chaturthi,Chole Bhature,32,false,3,11527138,false,2,2,true,75,5,false,false,March
DST2185,Place_1185,Rajasthan,Northeast,Hill Station,Wildlife,Mumbai,Tamil,578988,Sardar Vallabhbhai Patel International Airport,13491,Summer,Winter,4.04,4,46.18,69.07,14.17,34.21,216,4,Difficult,false,false,true,65,3865,111,true,4,35.1,1423.7,8,2,5,Pongal,Idli,55,false,5,30314586,false,1,5,true,15,2,true,false,March
DST2186,Place_1186,Tamil Nadu,South,Heritage,Temples,Kolkata,Hindi,269299,Pune Airport,8546,Monsoon,Summer,13.11,11,46.01,94.65,10.04,20.63,229,4,Difficult,false,false,true,37,7485,90,false,2,24.8,150.3,2,7,3,Lohri,Rogan Josh,16,false,5,20882076,true,4,4,false,92,1,false,true,March
DST2187,Place_1187,Rajasthan,West,Hill Station,Scenery,Chennai,Hindi,508153,Sardar Vallabhbhai Patel International Airport,6903,Monsoon,Summer,13,8,64.44,74.65,39.03,33.16,441,2,Moderate,true,true,true,23,3708,82,false,2,35.3,2649.2,3,6,9,Ganesh Chaturthi,Dosa,35,true,5,44625370,false,4,1,false,20,4,false,true,October
DST2188,Place_1188,Assam,Northeast,Heritage,Temples,Jaipur,Marathi,371898,Raja Bhoj Airport,47623,Summer,Monsoon,14.32,4,56.51,88.44,23.24,40.1,266,4,Easy,false,true,false,34,4288,71,false,5,13.5,200.8,9,1,4,Pongal,Kebabs,76,false,8,12593577,true,1,2,true,47,2,true,false,January
DST2189,Place_1189,Himachal Pradesh,North,Urban,Food,Guwahati,Bengali,387832,Rajiv Gandhi International Airport,17406,Summer,Monsoon,2.06,13,75.96,82.69,9.02,50.07,161,5,Difficult,true,false,false,82,9231,23,true,2,33.3,1286.9,4,7,7,Lohri,Idli,66,true,5,13190814,true,2,3,false,74,2,false,false,December
DST2190,Place_1190,Himachal Pradesh,East,Heritage,Temples,Cochin,Hindi,893480,Chennai International Airport,15949,Monsoon,Monsoon,8.52,4,85.13,92.67,11.96,32.63,286,1,Easy,false,true,false,18,2654,197,false,2,21.7,1581.8,5,10,6,Ganesh Chaturthi,Idli,34,true,2,16619417,false,4,3,true,68,2,false,false,May
DST2191,Place_1191,Maharashtra,East,Wildlife,Scenery,Ahmedabad,Hindi,384712,Lokpriya Gopinath Bordoloi International Airport,10825,Summer,Summer,10.08,14,70.97,81.89,19.26,18.65,165,5,Difficult,true,false,true,40,1797,30,true,2,30.8,2920,9,9,6,Bihu,Vada Pav,76,false,5,41028789,true,1,4,true,63,4,false,true,May
DST2192,Place_1192,Himachal Pradesh,South,Heritage,Culture,Delhi,Tamil,984015,Raja Bhoj Airport,7287,Monsoon,Monsoon,10.95,5,50.66,80.34,24.05,19.4,373,3,Easy,true,true,true,11,9901,172,false,4,18.8,2812,10,1,5,Ganesh Chaturthi,Momos,88,true,5,41719428,false,2,4,true,30,4,true,false,December
DST2193,Place_1193,Himachal Pradesh,West,Wildlife,Temples,Guwahati,Bengali,510761,Chaudhary Charan Singh International Airport,45961,Monsoon,Winter,10.01,11,86.54,82.85,11.36,54.99,369,2,Easy,false,true,false,38,6612,39,false,5,30.8,1974.4,8,2,1,Bihu,Momos,48,false,9,11749246,true,1,2,false,17,2,true,true,October
DST2194,Place_1194,Tamil Nadu,West,Urban,Temples,Cochin,Bengali,194449,Netaji Subhas Chandra Bose International Airport,35173,Monsoon,Summer,11.78,7,66.39,87.53,14.72,21.81,246,1,Difficult,false,true,true,54,1024,176,true,5,31.1,1793.8,5,7,3,Bihu,Chole Bhature,77,true,4,49483841,false,2,1,true,76,1,false,true,August
DST2195,Place_1195,Himachal Pradesh,West,Urban,Temples,Ahmedabad,Hindi,669505,Raja Bhoj Airport,43438,Monsoon,Winter,6.03,2,76,91.46,32.43,46.4,173,2,Difficult,false,false,false,36,6060,34,false,3,22.6,1163,2,1,5,Durga Puja,Vada Pav,47,false,9,21140374,false,5,1,true,24,2,true,false,December
DST2196,Place_1196,Maharashtra,Northeast,Hill Station,Temples,Indore,Bengali,279194,Raja Bhoj Airport,18578,Monsoon,Winter,3.51,7,84.53,69.34,19.61,23.45,395,3,Moderate,true,true,false,46,8452,181,false,3,39.1,219.2,3,2,2,Pongal,Biryani,54,false,3,25569983,true,1,3,false,90,4,true,false,August
DST2197,Place_1197,Kerala,South,Wildlife,Scenery,Bengaluru,Tamil,623048,Cochin International Airport,42535,Monsoon,Winter,3.86,9,89.49,67.03,5.05,46.03,8,4,Difficult,true,true,false,37,6114,196,true,2,10,876.4,3,3,2,Lohri,Biryani,73,true,8,11179762,false,2,4,true,70,4,false,false,January
DST2198,Place_1198,Assam,West,Wildlife,Wildlife,Mumbai,Tamil,264818,Goa International Airport,8923,Summer,Summer,1.17,13,65.3,61.2,6.89,13.92,396,3,Difficult,false,true,true,18,8383,108,false,5,30.2,2558.4,7,2,4,Holi,Pav Bhaji,94,false,2,14000682,true,3,3,false,60,5,false,true,May
DST2199,Place_1199,Tamil Nadu,Northeast,Beach,Wildlife,Goa,Tamil,227873,Netaji Subhas Chandra Bose International Airport,35374,Winter,Summer,5.9,9,80.4,72.95,20.38,20.37,447,4,Difficult,true,false,true,93,5697,143,true,2,37.3,1980,6,2,7,Bihu,Sarson da Saag,63,false,8,24780188,true,5,2,true,50,3,true,false,December
DST2200,Place_1200,Kerala,East,Beach,Temples,Pune,Marathi,387502,Lokpriya Gopinath Bordoloi International Airport,42411,Winter,Monsoon,2.28,7,68.34,89.62,7.1,30.44,275,2,Moderate,false,true,true,32,5484,140,false,4,35.7,2461.8,7,2,1,Holi,Kebabs,80,true,6,35471313,true,4,3,false,87,1,true,true,March
DST2201,Place_1201,Tamil Nadu,North,Beach,Scenery,Bhopal,Hindi,214064,Jaipur International Airport,9316,Monsoon,Monsoon,5.5,7,64.32,62.45,11.09,35.77,58,2,Easy,true,true,false,43,8436,173,false,5,26.9,2527.2,8,7,9,Ganesh Chaturthi,Idli,22,false,7,29333664,true,1,3,true,26,5,true,false,January
DST2202,Place_1202,Goa,Northeast,Heritage,Scenery,Cochin,Bengali,897455,Chaudhary Charan Singh International Airport,45414,Summer,Monsoon,9.79,14,66.89,78.85,30.48,27.65,84,2,Moderate,false,true,true,98,4366,121,false,4,36.9,280.4,5,10,1,Eid,Rogan Josh,59,false,9,39588191,false,2,4,true,48,3,false,false,August
DST2203,Place_1203,Rajasthan,East,Beach,Temples,Bengaluru,Tamil,719675,Raja Bhoj Airport,11556,Monsoon,Monsoon,13.52,4,64.21,84.32,21.81,38.68,149,5,Easy,false,true,true,35,5524,120,false,4,13.2,1077.7,6,4,8,Durga Puja,Pav Bhaji,52,false,7,18762537,true,4,4,true,29,4,true,false,January
DST2204,Place_1204,Goa,East,Wildlife,Food,Goa,Hindi,784116,Raja Bhoj Airport,11058,Summer,Winter,12.75,3,61.05,89.29,21.89,26.27,320,1,Difficult,true,true,false,28,3064,138,false,5,26.3,2060.4,1,4,6,Lohri,Dosa,16,false,4,6984292,true,4,1,true,48,3,false,false,May
DST2205,Place_1205,Himachal Pradesh,North,Heritage,Temples,Pune,Hindi,809641,Indira Gandhi International Airport,40018,Monsoon,Summer,4.54,8,76.19,80.42,25.94,43.92,487,5,Difficult,true,true,true,8,5538,171,true,2,39.4,2574,4,8,1,Lohri,Kebabs,96,true,4,37092374,false,4,1,false,79,4,true,false,March
DST2206,Place_1206,Kerala,East,Urban,Food,Ahmedabad,Marathi,186728,Netaji Subhas Chandra Bose International Airport,35451,Monsoon,Monsoon,2.88,9,52.48,66.52,32.6,35.56,59,3,Difficult,true,true,true,82,4426,74,false,3,39.7,2424.2,6,5,7,Pongal,Idli,53,false,6,19456941,false,4,1,false,79,2,true,false,March
DST2207,Place_1207,Himachal Pradesh,South,Hill Station,Temples,Cochin,Bengali,278331,Lokpriya Gopinath Bordoloi International Airport,26482,Winter,Winter,3.7,11,70.82,93.76,10.55,45.26,124,1,Moderate,true,false,false,13,2016,35,true,2,30.4,1324.2,4,1,2,Eid,Momos,73,true,8,3988579,true,2,3,true,86,1,false,true,August
DST2208,Place_1208,Rajasthan,North,Beach,Food,Indore,Bengali,774199,Kempegowda International Airport,45494,Summer,Summer,14.59,14,75.65,63.31,11.06,31.55,40,2,Moderate,true,false,true,74,3017,27,true,3,15,2803.1,1,2,1,Holi,Vada Pav,16,false,4,30462682,true,2,3,true,44,4,true,true,August
DST2209,Place_1209,Tamil Nadu,East,Urban,Food,Delhi,Tamil,913842,Raja Bhoj Airport,26005,Summer,Summer,8.69,7,84.6,86.91,9.25,53.83,336,2,Difficult,false,true,true,28,6690,173,true,1,13.4,972.1,3,10,8,Pongal,Sarson da Saag,19,false,2,31570432,true,3,5,true,36,4,false,true,October
DST2210,Place_1210,Rajasthan,Central,Wildlife,Temples,Guwahati,Tamil,205696,Indira Gandhi International Airport,20135,Winter,Summer,3.56,6,56.59,63.03,37.79,29.11,172,2,Moderate,false,false,false,94,8648,143,false,3,37.7,1189.8,3,3,2,Holi,Kebabs,87,true,3,11590629,false,3,2,true,41,4,true,true,May
DST2211,Place_1211,Maharashtra,Northeast,Hill Station,Food,Bhopal,Hindi,373591,Netaji Subhas Chandra Bose International Airport,24888,Winter,Winter,12.77,5,83.03,65.02,25.21,25.41,259,4,Difficult,true,true,true,69,3425,181,false,5,36.4,626.1,3,4,9,Durga Puja,Dosa,78,true,8,15607245,true,2,5,true,12,3,false,false,December
DST2212,Place_1212,Rajasthan,East,Urban,Culture,Bhopal,Bengali,217954,Rajiv Gandhi International Airport,33481,Winter,Monsoon,6.53,2,87.26,91.44,8.24,37.85,325,3,Moderate,true,true,true,91,5226,49,true,3,19.5,758.1,4,9,6,Navratri,Dosa,71,false,5,39847939,true,2,2,true,41,4,true,true,August
DST2213,Place_1213,Maharashtra,South,Hill Station,Wildlife,Mumbai,Bengali,186569,Chennai International Airport,29401,Winter,Summer,13.59,10,72.43,86.36,12.72,35.46,172,5,Difficult,true,true,false,21,5496,39,true,1,37.9,125.3,9,10,1,Bihu,Sarson da Saag,28,true,4,38942740,false,3,4,false,80,2,true,false,May
DST2214,Place_1214,Rajasthan,West,Beach,Scenery,Ahmedabad,Tamil,337963,Chennai International Airport,41431,Summer,Winter,4.65,12,78.57,72.79,30.4,35.9,185,3,Moderate,false,false,true,41,5218,87,true,3,13.9,994.6,9,10,8,Eid,Momos,42,false,7,4850158,false,2,3,false,43,5,true,false,October
DST2215,Place_1215,Assam,East,Wildlife,Food,Guwahati,Malayalam,831025,Kempegowda International Airport,25937,Summer,Summer,6.51,11,60.29,82.36,6.01,49.81,240,4,Easy,false,false,true,54,4834,83,false,2,18.8,989.1,8,5,7,Eid,Momos,71,true,2,11565418,false,1,5,true,30,5,true,false,January
DST2216,Place_1216,Maharashtra,West,Hill Station,Food,Mumbai,Hindi,982326,Cochin International Airport,46851,Winter,Winter,8.07,5,87.61,76,30.4,39.43,338,4,Difficult,false,false,true,49,8359,40,true,3,29.3,295.1,3,6,1,Eid,Momos,87,false,4,36571313,false,1,3,false,38,5,true,true,October
DST2217,Place_1217,Kerala,Central,Urban,Scenery,Kolkata,Bengali,900339,Rajiv Gandhi International Airport,14146,Monsoon,Monsoon,13.5,3,73.54,62.33,36.9,54.26,93,3,Moderate,false,true,true,24,5169,195,true,5,15.1,1087.4,2,3,8,Onam,Pav Bhaji,76,false,2,13706213,false,1,5,true,13,4,true,true,May
DST2218,Place_1218,Himachal Pradesh,East,Beach,Food,Guwahati,Marathi,121637,Kempegowda International Airport,31101,Monsoon,Monsoon,13.16,5,55.51,85.24,6.97,40.95,406,4,Moderate,false,false,true,63,8546,192,false,5,39.7,974,3,2,2,Navratri,Pav Bhaji,16,false,4,10562799,true,1,1,false,77,2,true,false,August
DST2219,Place_1219,Himachal Pradesh,North,Beach,Scenery,Goa,Marathi,793556,Sardar Vallabhbhai Patel International Airport,12253,Monsoon,Summer,9.04,14,60.21,86.71,11.52,11.09,415,1,Difficult,false,false,true,63,4543,173,true,4,16.7,2417.3,5,2,8,Eid,Momos,39,true,9,37677965,true,4,2,true,10,3,true,true,October
DST2220,Place_1220,Goa,West,Urban,Temples,Lucknow,Malayalam,850377,Devi Ahilya Bai Holkar Airport,49504,Monsoon,Monsoon,4.1,12,70.89,90.88,5.08,53.52,62,2,Moderate,false,true,false,94,9302,88,true,2,17.4,553.1,7,6,9,Ganesh Chaturthi,Rogan Josh,45,true,2,16837355,false,1,1,false,40,1,false,true,March
DST2221,Place_1221,Himachal Pradesh,Central,Urban,Culture,Goa,Tamil,328289,Chhatrapati Shivaji Maharaj International Airport,4223,Summer,Monsoon,6.65,6,51.71,78.92,8.82,51.99,220,5,Easy,true,true,false,15,3224,167,true,2,24.2,2202.7,2,6,5,Pongal,Pav Bhaji,84,true,5,7493714,false,3,3,true,54,3,true,false,May
DST2222,Place_1222,Tamil Nadu,North,Hill Station,Culture,Lucknow,Tamil,757949,Devi Ahilya Bai Holkar Airport,6441,Summer,Winter,14.66,3,77.7,83.56,26.59,12.44,7,4,Easy,false,true,true,59,4091,57,true,3,33.4,477,6,7,5,Diwali,Vada Pav,25,false,8,29390283,false,4,4,true,90,4,true,false,August
DST2223,Place_1223,Assam,North,Heritage,Wildlife,Pune,Tamil,123560,Netaji Subhas Chandra Bose International Airport,43590,Summer,Winter,9.51,8,51.23,75.33,6.57,16.26,212,5,Moderate,false,true,true,88,3252,87,true,3,13.6,1539.1,2,9,7,Bihu,Sarson da Saag,90,false,2,48736891,true,3,4,false,80,2,false,true,January
DST2224,Place_1224,Rajasthan,North,Beach,Food,Ahmedabad,Marathi,889466,Rajiv Gandhi International Airport,41149,Monsoon,Summer,11.94,4,69.59,71.16,19.9,37.82,208,2,Difficult,false,true,true,69,2990,120,false,5,30,2235.5,1,3,1,Ganesh Chaturthi,Kebabs,28,false,6,13637854,true,5,1,true,61,1,true,true,August
DST2225,Place_1225,Goa,North,Hill Station,Wildlife,Hyderabad,Tamil,231241,Chhatrapati Shivaji Maharaj International Airport,13863,Winter,Winter,7.3,9,74.85,74.41,22.62,12.14,208,3,Moderate,false,true,false,81,6152,96,false,4,13,1858.7,3,7,5,Bihu,Pav Bhaji,44,true,8,28556385,true,5,5,false,53,4,true,true,May
DST2226,Place_1226,Tamil Nadu,East,Urban,Temples,Mumbai,Marathi,716737,Chhatrapati Shivaji Maharaj International Airport,38952,Monsoon,Monsoon,8.45,5,82.99,91.91,36.73,30.56,375,2,Moderate,true,true,true,62,3127,26,false,1,12.8,1973,4,7,1,Bihu,Sarson da Saag,47,true,4,39589334,true,2,1,false,59,2,true,true,December
DST2227,Place_1227,Tamil Nadu,Northeast,Hill Station,Culture,Mumbai,Malayalam,627527,Chennai International Airport,30564,Summer,Winter,7.01,13,76.7,65.75,21.6,58.77,84,5,Easy,true,true,false,48,3173,36,true,3,11.2,698.5,2,8,8,Pongal,Kebabs,67,false,5,15592456,false,4,4,false,45,3,false,true,March
DST2228,Place_1228,Maharashtra,East,Urban,Temples,Hyderabad,Hindi,627703,Raja Bhoj Airport,17653,Monsoon,Monsoon,10.84,12,79.94,68.7,9.99,18.64,206,1,Moderate,true,false,true,81,5603,117,true,2,26.3,2499.5,3,5,8,Lohri,Momos,65,false,8,12253519,false,1,1,true,30,2,false,true,August
DST2229,Place_1229,Himachal Pradesh,East,Wildlife,Temples,Chennai,Bengali,578704,Chennai International Airport,25088,Winter,Summer,12.92,6,85.65,81.22,15.13,20.3,346,3,Difficult,true,false,false,18,3422,135,false,3,23.1,2861.1,6,3,1,Onam,Dosa,72,false,8,6632727,true,5,2,true,32,2,false,false,August
DST2230,Place_1230,Kerala,Central,Urban,Food,Cochin,Malayalam,963376,Chaudhary Charan Singh International Airport,23499,Winter,Monsoon,8.1,4,69.89,64.07,28.53,43.82,152,4,Easy,false,true,true,80,8132,151,false,4,19.2,547.7,9,2,2,Onam,Rogan Josh,57,false,7,5898375,false,4,1,false,86,3,false,true,May
DST2231,Place_1231,Kerala,Central,Urban,Temples,Ahmedabad,Marathi,234556,Sardar Vallabhbhai Patel International Airport,43083,Monsoon,Winter,7.73,14,82.31,91.22,8.92,12.2,160,1,Moderate,true,false,false,56,5629,163,false,2,25.8,2676,2,4,7,Onam,Kebabs,75,false,4,39045622,true,1,5,true,43,5,true,true,May
DST2232,Place_1232,Goa,Northeast,Urban,Culture,Bhopal,Malayalam,416131,Lokpriya Gopinath Bordoloi International Airport,24682,Summer,Winter,5.76,12,51.59,61.65,13.11,51.03,449,2,Difficult,false,true,true,38,5313,180,false,4,25.1,1253.3,7,8,7,Ganesh Chaturthi,Rogan Josh,72,true,2,9351071,false,5,3,true,78,1,false,true,March
DST2233,Place_1233,Assam,Central,Heritage,Wildlife,Hyderabad,Bengali,118225,Cochin International Airport,33132,Summer,Winter,3.48,6,80.74,86.44,39.85,19.95,115,5,Easy,true,false,false,67,5377,138,true,2,24.2,2126.6,1,5,9,Eid,Sarson da Saag,68,true,4,37358004,false,2,1,true,40,3,false,false,August
DST2234,Place_1234,Kerala,South,Urban,Culture,Lucknow,Hindi,180459,Rajiv Gandhi International Airport,5533,Summer,Winter,14.15,10,51.08,73.08,5.19,36.58,361,5,Difficult,true,false,true,31,5400,33,true,3,15.2,1569.5,4,1,3,Durga Puja,Dosa,60,false,9,18167529,false,3,2,false,21,1,true,false,March
DST2235,Place_1235,Rajasthan,Northeast,Beach,Food,Bhopal,Bengali,614782,Raja Bhoj Airport,18426,Monsoon,Summer,5.43,12,86.73,61.79,10.33,22.44,250,5,Difficult,true,false,true,16,5757,157,false,4,36.9,2400.7,2,3,2,Eid,Sarson da Saag,74,true,8,41234262,true,2,5,false,37,4,true,false,December
DST2236,Place_1236,Kerala,Central,Beach,Culture,Cochin,Marathi,816464,Jaipur International Airport,15560,Summer,Monsoon,12.21,14,56.5,89.5,34.53,42.94,399,2,Difficult,false,true,true,42,2218,17,false,5,28.6,231.3,4,5,10,Durga Puja,Biryani,75,false,7,41715941,true,5,2,true,57,4,false,true,May
DST2237,Place_1237,Goa,Northeast,Hill Station,Scenery,Mumbai,Bengali,383080,Rajiv Gandhi International Airport,35409,Monsoon,Winter,11.01,3,48.59,82.42,8.55,39.36,182,3,Moderate,true,true,true,60,2449,39,false,2,13.8,1038.7,2,6,8,Durga Puja,Kebabs,61,true,3,29339043,true,3,5,true,37,5,true,false,March
DST2238,Place_1238,Kerala,East,Heritage,Wildlife,Goa,Malayalam,926044,Sardar Vallabhbhai Patel International Airport,16925,Summer,Monsoon,12.07,8,47.41,60.31,6.18,57.32,163,4,Easy,true,true,false,69,2587,135,true,4,17.7,237.7,3,2,7,Durga Puja,Vada Pav,88,false,7,11145279,false,5,4,true,16,5,true,false,December
DST2239,Place_1239,Rajasthan,East,Hill Station,Scenery,Lucknow,Tamil,981965,Chennai International Airport,23987,Winter,Summer,14.11,11,49.36,69.36,9.25,32.28,327,1,Moderate,true,true,true,94,4984,27,false,4,32.9,2830.9,8,8,3,Navratri,Biryani,74,false,2,41768406,false,5,4,false,43,3,true,true,May
DST2240,Place_1240,Maharashtra,Northeast,Beach,Scenery,Ahmedabad,Malayalam,483021,Devi Ahilya Bai Holkar Airport,11633,Winter,Monsoon,9.73,9,62.38,72.32,29.28,53.74,79,2,Easy,false,true,false,44,5749,86,false,1,33.3,593.4,4,7,3,Ganesh Chaturthi,Dosa,79,true,7,29265717,false,1,3,true,95,3,true,true,January
DST2241,Place_1241,Assam,South,Beach,Food,Delhi,Marathi,464413,Chennai International Airport,37065,Summer,Winter,13.57,4,66.11,71.29,39.76,38.79,6,5,Difficult,false,true,false,25,7847,131,true,1,31.8,1331.2,6,7,7,Navratri,Chole Bhature,39,false,9,9048982,false,4,3,false,60,1,true,true,March
DST2242,Place_1242,Goa,South,Wildlife,Temples,Guwahati,Hindi,664240,Netaji Subhas Chandra Bose International Airport,31125,Monsoon,Monsoon,3.35,12,85.69,77.44,25.67,55.72,324,4,Difficult,false,false,false,36,8837,135,true,3,33.7,1960.2,9,7,5,Onam,Rogan Josh,53,true,7,8943417,false,3,5,true,97,3,true,false,August
DST2243,Place_1243,Maharashtra,Northeast,Urban,Scenery,Goa,Bengali,945377,Pune Airport,4996,Summer,Winter,9.77,5,59.05,78.44,9.35,24.59,86,5,Moderate,false,false,true,93,1396,120,true,5,27.9,1438.4,8,5,9,Eid,Kebabs,73,false,9,28190654,false,2,2,false,87,5,true,true,December
DST2244,Place_1244,Maharashtra,Central,Beach,Culture,Delhi,Hindi,842759,Devi Ahilya Bai Holkar Airport,1014,Monsoon,Winter,11.81,14,50.87,73.89,11.43,37.49,7,2,Difficult,false,true,true,16,1743,92,true,5,18.7,1656,2,2,10,Lohri,Biryani,90,false,8,19326013,true,3,2,false,89,5,true,true,August
DST2245,Place_1245,Maharashtra,West,Hill Station,Temples,Pune,Marathi,367524,Chennai International Airport,15895,Winter,Summer,4.8,12,77.19,71.61,23.82,29.5,386,5,Difficult,true,true,false,93,6279,150,false,4,20.7,691.7,2,8,7,Onam,Biryani,49,false,2,27016232,true,4,1,true,20,5,true,true,August
DST2246,Place_1246,Tamil Nadu,South,Hill Station,Culture,Cochin,Bengali,805658,Devi Ahilya Bai Holkar Airport,2674,Monsoon,Summer,11.37,11,46.73,77.65,30.05,13.29,418,2,Difficult,false,false,true,30,3017,185,true,4,25.3,294.4,3,3,1,Eid,Rogan Josh,97,false,4,21292505,false,4,4,true,47,1,true,false,August
DST2247,Place_1247,Assam,North,Urban,Culture,Lucknow,Malayalam,705109,Kempegowda International Airport,38867,Summer,Monsoon,11.9,3,84.61,61.18,28.2,38.71,369,5,Easy,true,false,false,40,4611,197,false,4,17.4,846.4,2,3,1,Diwali,Sarson da Saag,68,false,5,26009959,false,4,1,false,51,3,false,true,January
DST2248,Place_1248,Himachal Pradesh,East,Urban,Temples,Lucknow,Malayalam,520476,Netaji Subhas Chandra Bose International Airport,21001,Winter,Monsoon,12.64,11,60.47,82.58,25.12,49.71,35,2,Easy,false,false,false,20,3322,163,true,2,35.6,1019.8,3,2,6,Lohri,Pav Bhaji,59,false,6,29822528,false,1,3,false,16,3,false,true,August
DST2249,Place_1249,Assam,Northeast,Wildlife,Temples,Lucknow,Marathi,526095,Raja Bhoj Airport,18864,Monsoon,Winter,5.38,14,70.69,81.21,39.52,37.81,250,5,Moderate,true,true,false,82,3631,133,false,3,32.4,1305.9,2,2,5,Durga Puja,Rogan Josh,95,false,5,11434778,false,5,4,true,55,1,true,false,March
DST2250,Place_1250,Tamil Nadu,North,Heritage,Culture,Chennai,Bengali,247215,Cochin International Airport,27321,Monsoon,Winter,10.54,10,49.31,69.77,11.93,23.97,99,4,Easy,false,true,false,38,1361,146,false,3,39.4,958.3,6,2,5,Pongal,Dosa,24,true,6,1828849,true,2,2,true,54,1,true,true,May
DST2251,Place_1251,Himachal Pradesh,Northeast,Hill Station,Food,Lucknow,Malayalam,936176,Raja Bhoj Airport,25082,Winter,Winter,5.26,4,47.28,66.28,11.05,23.19,78,4,Difficult,true,false,false,28,1399,107,false,1,22.5,203.9,9,6,8,Durga Puja,Idli,30,true,7,9925483,true,2,4,false,12,2,true,false,May
DST2252,Place_1252,Assam,East,Urban,Wildlife,Delhi,Marathi,828309,Indira Gandhi International Airport,41131,Summer,Winter,11.35,10,79.94,62.55,35.07,21.89,285,5,Difficult,false,false,true,76,4654,62,true,4,36.1,374.4,8,8,8,Diwali,Pav Bhaji,25,false,8,32358518,true,2,3,false,88,1,false,true,May
DST2253,Place_1253,Maharashtra,East,Hill Station,Wildlife,Chennai,Marathi,262650,Cochin International Airport,6957,Winter,Summer,7.48,14,61.49,80.56,15.18,58.98,270,5,Difficult,false,false,false,95,9986,104,true,4,33.4,2054.1,6,3,9,Ganesh Chaturthi,Pav Bhaji,56,false,3,17330382,true,3,4,true,66,3,false,false,May
DST2254,Place_1254,Goa,South,Urban,Food,Pune,Hindi,442406,Cochin International Airport,5210,Summer,Winter,9.37,8,89.34,79.91,16.64,29.96,220,2,Moderate,false,false,true,43,1562,131,true,2,35,283.1,4,6,4,Holi,Momos,87,true,6,48083563,true,1,3,true,39,3,true,false,March
DST2255,Place_1255,Himachal Pradesh,South,Beach,Temples,Kolkata,Malayalam,419475,Pune Airport,49544,Summer,Summer,6.82,7,66.21,78.67,24.2,25.84,195,2,Difficult,true,false,false,68,8802,115,false,4,30.6,234,10,3,5,Holi,Chole Bhature,77,false,5,3507223,false,1,2,true,61,5,true,true,August
DST2256,Place_1256,Rajasthan,North,Hill Station,Culture,Bengaluru,Bengali,716839,Pune Airport,19069,Monsoon,Monsoon,3.27,12,82.28,94.5,18.34,30.92,225,2,Difficult,false,false,true,81,3064,80,true,4,20.5,2454.2,5,9,7,Bihu,Kebabs,97,true,6,8489749,true,2,5,true,90,5,true,false,October
DST2257,Place_1257,Rajasthan,Northeast,Beach,Wildlife,Pune,Malayalam,950247,Devi Ahilya Bai Holkar Airport,35851,Summer,Monsoon,3.49,13,89,78.6,15.07,15.79,86,3,Moderate,true,false,false,33,9411,146,true,3,17.3,219.6,4,1,3,Diwali,Pav Bhaji,86,true,6,7393028,false,2,4,true,63,2,true,true,August
DST2258,Place_1258,Kerala,East,Hill Station,Culture,Indore,Malayalam,609142,Kempegowda International Airport,27865,Summer,Summer,2.09,12,54.06,85.26,37.1,19.8,57,5,Easy,true,true,true,35,3631,113,true,4,18.2,299.3,5,7,6,Navratri,Rogan Josh,14,false,3,15416829,false,4,5,true,57,1,false,false,October
DST2259,Place_1259,Himachal Pradesh,North,Heritage,Food,Bhopal,Malayalam,171519,Cochin International Airport,19070,Winter,Winter,9.65,4,80.04,63.95,9.52,35.45,482,5,Easy,false,true,true,67,3016,163,true,2,27,1693.6,2,8,3,Onam,Sarson da Saag,42,true,6,40336943,false,3,3,true,93,4,false,true,January
DST2260,Place_1260,Goa,West,Wildlife,Culture,Jaipur,Marathi,250250,Pune Airport,5158,Winter,Monsoon,12.88,12,41.1,70.46,19.15,49.94,411,5,Easy,true,false,true,47,1625,124,false,2,36.4,1384.2,8,9,4,Durga Puja,Kebabs,81,true,4,37406128,true,4,4,false,42,2,true,false,May
DST2261,Place_1261,Tamil Nadu,North,Beach,Food,Chennai,Tamil,192526,Jaipur International Airport,36550,Summer,Summer,1.29,8,73.99,69.64,5.1,53.82,478,5,Moderate,false,false,false,23,4341,170,true,5,23.5,2896.9,1,5,10,Pongal,Biryani,65,true,8,18387442,false,5,2,true,29,1,true,false,January
DST2262,Place_1262,Maharashtra,Central,Urban,Temples,Guwahati,Tamil,831217,Chennai International Airport,21572,Monsoon,Monsoon,1.93,12,77.26,80.16,33.26,53.3,169,2,Moderate,true,false,false,14,1063,170,false,5,28,2816.9,9,6,8,Navratri,Vada Pav,48,false,7,5692134,false,4,4,true,14,3,false,false,May
DST2263,Place_1263,Kerala,North,Heritage,Food,Delhi,Hindi,291269,Chennai International Airport,5100,Winter,Winter,7.4,4,63.87,71.58,10.89,57.24,96,2,Difficult,false,false,false,60,2927,130,false,1,32,2014.6,1,5,10,Diwali,Chole Bhature,92,false,3,27400149,true,5,2,true,91,2,false,false,December
DST2264,Place_1264,Rajasthan,Central,Hill Station,Food,Delhi,Malayalam,209365,Netaji Subhas Chandra Bose International Airport,45469,Monsoon,Summer,11.33,14,48.11,82.44,32.05,16.29,145,3,Difficult,true,false,true,64,9630,189,true,2,35.7,308.4,5,10,4,Pongal,Momos,19,false,8,21182406,false,5,3,false,92,2,true,false,December
DST2265,Place_1265,Tamil Nadu,Central,Beach,Wildlife,Ahmedabad,Tamil,621291,Sardar Vallabhbhai Patel International Airport,16525,Winter,Monsoon,3.21,12,70.84,84.15,10.2,12.05,388,2,Moderate,true,true,true,47,1896,177,false,2,29.5,1559.3,9,5,4,Ganesh Chaturthi,Dosa,48,false,3,14177393,false,4,5,true,26,1,true,false,October
DST2266,Place_1266,Tamil Nadu,Central,Hill Station,Culture,Mumbai,Hindi,398510,Kempegowda International Airport,19456,Winter,Winter,4.8,7,84.88,61.18,19.59,15.29,392,5,Moderate,false,false,true,52,6858,141,true,3,28.9,230.7,1,7,7,Holi,Dosa,92,false,4,38864700,true,2,1,false,96,3,false,false,May
DST2267,Place_1267,Maharashtra,West,Hill Station,Wildlife,Lucknow,Marathi,546171,Chennai International Airport,1097,Summer,Summer,4.25,9,86.57,82.39,30.49,40.04,467,5,Difficult,false,false,false,44,8367,165,true,5,39.6,2733,1,4,3,Navratri,Kebabs,40,true,8,24825108,false,4,1,true,11,1,true,false,May
DST2268,Place_1268,Himachal Pradesh,North,Hill Station,Scenery,Cochin,Malayalam,199830,Chhatrapati Shivaji Maharaj International Airport,10483,Winter,Summer,6.59,6,77.31,64.09,14.48,37.81,357,1,Difficult,true,false,false,38,3079,63,true,1,35.9,2014,3,6,3,Holi,Dosa,87,true,3,34986530,true,5,4,true,33,3,true,true,August
DST2269,Place_1269,Rajasthan,North,Wildlife,Food,Delhi,Bengali,861573,Goa International Airport,37232,Winter,Summer,4.15,12,53.19,76.28,15.99,43.56,370,2,Difficult,true,false,false,5,1000,107,true,3,32,1764.3,8,4,1,Lohri,Kebabs,98,true,9,6864049,true,1,5,false,60,3,true,true,December
DST2270,Place_1270,Goa,West,Wildlife,Scenery,Lucknow,Marathi,928343,Chaudhary Charan Singh International Airport,2787,Monsoon,Summer,5.94,12,83.52,85.43,28.36,28.55,392,1,Easy,false,true,false,23,5801,58,true,3,35,1340.9,3,2,7,Ganesh Chaturthi,Kebabs,17,true,3,23919819,false,5,2,true,57,5,true,true,August
DST2271,Place_1271,Tamil Nadu,East,Urban,Wildlife,Hyderabad,Hindi,445566,Chennai International Airport,41531,Winter,Monsoon,11.2,14,84.44,84.62,11.57,29.58,17,5,Easy,true,true,false,5,5009,113,true,5,40,1578.2,2,2,4,Pongal,Idli,13,false,5,37522941,true,3,1,false,53,4,false,true,August
DST2272,Place_1272,Maharashtra,South,Beach,Culture,Mumbai,Marathi,677907,Rajiv Gandhi International Airport,22788,Winter,Summer,9.55,4,58.36,70.49,38.31,37.28,183,2,Difficult,true,true,false,92,7024,121,false,3,25.2,1260.9,6,4,7,Ganesh Chaturthi,Dosa,14,true,7,34041764,true,1,5,false,10,5,false,false,January
DST2273,Place_1273,Goa,North,Heritage,Wildlife,Hyderabad,Bengali,909223,Chhatrapati Shivaji Maharaj International Airport,34451,Monsoon,Summer,2.14,7,49.15,69.53,11.61,13.95,142,5,Moderate,true,true,false,29,3763,143,true,5,31.2,388.9,10,5,2,Diwali,Chole Bhature,45,true,8,23946518,true,4,5,false,61,2,false,false,March
DST2274,Place_1274,Himachal Pradesh,South,Heritage,Culture,Guwahati,Marathi,370445,Sardar Vallabhbhai Patel International Airport,17092,Summer,Summer,9.93,9,83.73,75.41,31.25,49.99,462,1,Easy,true,true,false,72,3633,42,false,2,34.4,2016.9,5,1,5,Lohri,Kebabs,15,true,5,10862053,true,5,3,true,31,2,true,true,October
DST2275,Place_1275,Rajasthan,Northeast,Heritage,Culture,Cochin,Hindi,226866,Devi Ahilya Bai Holkar Airport,2132,Summer,Summer,7.68,11,84.25,66.6,33.09,56.14,333,1,Difficult,true,true,false,92,4432,142,false,2,23.3,2989.6,9,3,7,Onam,Biryani,69,true,7,34504250,false,1,1,false,23,1,true,false,December
DST2276,Place_1276,Himachal Pradesh,Northeast,Hill Station,Temples,Goa,Bengali,331730,Chhatrapati Shivaji Maharaj International Airport,13314,Winter,Summer,14.08,4,45.05,94.11,18.1,29.37,61,4,Easy,false,true,true,88,2682,155,true,5,38.6,426.2,3,5,9,Lohri,Chole Bhature,64,false,7,20874508,false,2,3,false,86,1,false,false,January
DST2277,Place_1277,Tamil Nadu,West,Wildlife,Food,Guwahati,Bengali,203623,Lokpriya Gopinath Bordoloi International Airport,39645,Winter,Winter,5.05,13,88.35,72.07,10.47,46.98,162,4,Moderate,true,false,true,32,1562,140,true,4,21.5,2983.1,4,8,10,Diwali,Sarson da Saag,92,true,8,41285762,true,4,5,false,85,1,true,true,August
DST2278,Place_1278,Goa,Northeast,Beach,Wildlife,Lucknow,Marathi,591745,Pune Airport,23582,Monsoon,Monsoon,11.17,14,66.65,92.3,10.81,37.44,39,2,Moderate,false,true,false,49,7992,107,true,4,17.3,2708.9,10,4,4,Lohri,Sarson da Saag,52,false,9,9353733,true,5,1,true,80,5,true,true,August
DST2279,Place_1279,Goa,Northeast,Hill Station,Culture,Indore,Bengali,474968,Raja Bhoj Airport,28780,Summer,Winter,11.23,12,89.69,91.79,39.49,21.8,178,2,Moderate,true,true,false,28,1257,131,false,1,30.3,2693.1,8,6,6,Lohri,Pav Bhaji,91,true,7,19918952,true,3,2,false,75,3,true,true,March
DST2280,Place_1280,Goa,East,Wildlife,Wildlife,Chennai,Marathi,661182,Chaudhary Charan Singh International Airport,33236,Summer,Monsoon,4.1,12,62.25,72.77,30.39,13.39,234,2,Difficult,false,true,true,48,7665,11,false,4,12.4,2510.6,2,4,3,Eid,Momos,30,true,2,13458690,true,2,4,true,76,4,true,false,December
DST2281,Place_1281,Tamil Nadu,East,Wildlife,Wildlife,Jaipur,Malayalam,592133,Cochin International Airport,14068,Summer,Summer,13.65,6,66.66,68.89,20.75,22.29,379,2,Difficult,false,true,false,6,5741,74,true,1,13.8,2778.3,5,5,2,Eid,Rogan Josh,69,true,2,23962561,false,3,5,true,49,2,true,true,January
DST2282,Place_1282,Tamil Nadu,East,Beach,Culture,Mumbai,Bengali,966050,Indira Gandhi International Airport,48401,Monsoon,Monsoon,7.88,10,53.3,86.98,14.01,40.25,59,2,Easy,false,true,true,27,5673,44,false,5,39.1,814.6,9,7,10,Lohri,Momos,52,true,3,25758072,false,1,2,true,45,2,false,true,December
DST2283,Place_1283,Himachal Pradesh,Northeast,Beach,Scenery,Cochin,Marathi,957426,Chaudhary Charan Singh International Airport,49526,Monsoon,Summer,10.5,11,84.95,68.03,5.66,12.01,227,2,Difficult,true,true,true,82,5931,188,false,5,18.4,1367.7,9,8,2,Eid,Dosa,63,true,8,8111994,true,3,4,false,86,1,false,true,December
DST2284,Place_1284,Kerala,West,Beach,Food,Chennai,Malayalam,141770,Lokpriya Gopinath Bordoloi International Airport,12057,Monsoon,Summer,3.04,11,62.19,78.24,28.47,51.81,238,2,Difficult,true,false,true,66,8006,77,false,5,11,1491.5,10,10,5,Holi,Pav Bhaji,90,false,8,45439453,false,5,1,false,67,5,true,false,August
DST2285,Place_1285,Himachal Pradesh,Central,Hill Station,Food,Delhi,Bengali,646588,Cochin International Airport,34622,Winter,Winter,4.61,4,80.73,63.87,38.49,58.52,55,1,Difficult,false,false,true,19,4875,44,false,1,24.2,297.1,9,10,3,Bihu,Vada Pav,40,false,3,42951420,true,5,2,true,48,1,false,false,May
DST2286,Place_1286,Rajasthan,Central,Urban,Temples,Jaipur,Malayalam,742313,Chennai International Airport,39506,Summer,Winter,9.21,14,43.99,73.51,8.74,14.18,233,1,Easy,true,false,false,36,5093,81,true,3,36,2944.8,1,8,2,Durga Puja,Rogan Josh,94,false,7,36443547,false,3,2,false,46,5,true,true,October
DST2287,Place_1287,Maharashtra,South,Beach,Temples,Kolkata,Bengali,299307,Lokpriya Gopinath Bordoloi International Airport,3026,Winter,Winter,5.47,13,79.41,62.74,31.41,22.33,83,1,Difficult,false,false,false,91,3654,181,false,1,20,2099.4,1,7,2,Bihu,Momos,84,false,8,3147572,false,1,4,false,23,3,false,false,January
DST2288,Place_1288,Goa,Central,Urban,Temples,Delhi,Hindi,522701,Netaji Subhas Chandra Bose International Airport,27563,Winter,Monsoon,8,12,64.51,69.92,10.36,43.78,202,5,Moderate,false,false,false,8,4984,38,true,3,22.6,1409.6,1,4,3,Pongal,Dosa,70,false,4,2044144,true,5,2,false,73,1,true,false,May
DST2289,Place_1289,Kerala,Central,Hill Station,Food,Bhopal,Hindi,140285,Jaipur International Airport,39133,Monsoon,Monsoon,6.24,3,40.27,83.29,32.72,50.3,40,3,Difficult,true,true,false,88,4815,173,false,2,14.7,2977.6,8,4,1,Onam,Momos,89,true,8,7374064,true,5,1,true,35,3,true,false,January
DST2290,Place_1290,Maharashtra,East,Urban,Scenery,Bengaluru,Marathi,821915,Devi Ahilya Bai Holkar Airport,3550,Summer,Winter,9.97,12,51.31,94.7,17.97,27.3,437,5,Difficult,true,false,false,35,2869,87,false,2,20.4,889.4,4,2,8,Navratri,Idli,82,true,7,36798904,false,3,1,false,49,2,true,true,January
DST2291,Place_1291,Kerala,East,Heritage,Food,Bhopal,Tamil,217713,Raja Bhoj Airport,31922,Winter,Winter,7.82,14,49.69,68.92,29.92,35.76,16,2,Moderate,true,true,false,63,1377,51,false,3,39,1077.4,9,9,9,Holi,Rogan Josh,32,false,4,1158439,false,3,5,false,16,2,false,false,December
DST2292,Place_1292,Assam,Northeast,Urban,Food,Pune,Hindi,787831,Sardar Vallabhbhai Patel International Airport,8089,Summer,Summer,1.06,9,77.59,76.57,37.42,54.59,104,3,Easy,true,false,false,75,3392,122,false,3,36.3,653.5,6,6,1,Lohri,Biryani,32,false,3,31599137,false,1,4,true,17,2,false,true,August
DST2293,Place_1293,Himachal Pradesh,South,Beach,Food,Mumbai,Tamil,672959,Netaji Subhas Chandra Bose International Airport,17623,Winter,Monsoon,10.1,8,63.86,75.68,26.7,29.22,24,1,Difficult,false,false,true,5,7206,103,true,4,32.2,640.9,3,3,5,Onam,Kebabs,61,false,9,43912606,true,2,3,true,88,3,true,true,March
DST2294,Place_1294,Tamil Nadu,North,Hill Station,Food,Cochin,Malayalam,480360,Chennai International Airport,13043,Monsoon,Summer,6.91,13,47.99,66.45,37.22,14.08,381,1,Difficult,false,false,true,73,1848,123,true,3,33.6,646.6,8,3,8,Lohri,Biryani,12,true,6,8938192,false,4,1,false,14,1,true,false,May
DST2295,Place_1295,Goa,South,Beach,Scenery,Bengaluru,Malayalam,906702,Netaji Subhas Chandra Bose International Airport,2036,Winter,Monsoon,5.78,10,52.84,81.35,13.23,59.74,92,4,Difficult,true,false,true,18,1779,16,true,3,30.1,1871.4,1,1,2,Pongal,Vada Pav,58,false,5,15006984,true,4,3,true,52,5,false,true,August
DST2296,Place_1296,Himachal Pradesh,South,Heritage,Temples,Guwahati,Tamil,744158,Devi Ahilya Bai Holkar Airport,23516,Monsoon,Winter,2.32,5,65.2,85.36,39.23,19.01,214,2,Difficult,false,false,false,98,4411,150,true,5,13.5,953,2,2,1,Pongal,Dosa,79,true,6,38716499,false,4,2,false,45,5,false,false,October
DST2297,Place_1297,Maharashtra,West,Beach,Wildlife,Lucknow,Marathi,227897,Raja Bhoj Airport,22164,Summer,Monsoon,4.09,4,40.98,65.15,35.55,12.44,392,2,Moderate,true,false,true,27,1865,31,true,1,13.5,2860,8,5,5,Ganesh Chaturthi,Biryani,29,false,7,32237452,false,3,4,false,68,1,true,true,December
DST2298,Place_1298,Assam,Northeast,Beach,Temples,Mumbai,Bengali,506914,Goa International Airport,7122,Winter,Monsoon,4.13,11,61.21,86.5,8.77,30.53,183,4,Difficult,false,true,false,75,4639,66,true,3,26.1,2468.5,1,9,1,Pongal,Pav Bhaji,88,false,7,26157173,false,5,4,false,12,4,false,false,August
DST2299,Place_1299,Assam,West,Beach,Temples,Goa,Tamil,869814,Rajiv Gandhi International Airport,48346,Winter,Summer,14.1,6,73.9,84.51,19.47,16.07,216,5,Easy,true,false,false,20,8091,182,true,5,27.9,567.5,5,3,6,Navratri,Dosa,39,true,5,46098970,true,5,1,true,71,5,false,true,January
DST2300,Place_1300,Assam,South,Wildlife,Wildlife,Goa,Tamil,859242,Chhatrapati Shivaji Maharaj International Airport,32786,Monsoon,Winter,7.06,12,65.89,66.91,37.45,58.94,488,4,Moderate,true,false,false,13,2930,191,false,3,39.2,2518.5,3,7,9,Lohri,Pav Bhaji,41,false,7,11613731,false,2,1,true,31,5,true,false,December
DST2301,Place_1301,Maharashtra,South,Heritage,Food,Pune,Tamil,958697,Devi Ahilya Bai Holkar Airport,49457,Monsoon,Winter,1.59,2,69.9,82.71,7.73,29.04,150,2,Moderate,false,false,true,35,1538,11,true,4,23.5,1102.4,2,6,8,Onam,Momos,79,true,3,21281091,true,5,4,false,31,1,false,false,May
DST2302,Place_1302,Maharashtra,South,Beach,Scenery,Mumbai,Tamil,795089,Cochin International Airport,17150,Summer,Winter,2.94,6,56.33,73.78,20.88,51.29,373,1,Easy,true,false,true,65,5029,66,false,3,37.5,760.5,4,3,6,Navratri,Momos,40,false,8,42363034,true,3,3,false,47,1,true,true,October
DST2303,Place_1303,Maharashtra,Central,Beach,Scenery,Guwahati,Tamil,111171,Jaipur International Airport,23094,Monsoon,Summer,2.11,14,49.15,83.84,30.33,18.83,257,4,Difficult,false,true,false,49,7061,127,true,3,39.7,2368,2,4,4,Lohri,Momos,25,false,5,20980735,false,1,4,true,59,1,true,true,August
DST2304,Place_1304,Maharashtra,West,Beach,Temples,Chennai,Marathi,572699,Goa International Airport,12692,Summer,Summer,9.24,14,80.49,77.36,6.17,16.94,300,3,Difficult,false,true,true,11,8541,93,true,5,35.3,2585.3,5,5,7,Onam,Sarson da Saag,38,false,2,21703880,true,1,5,true,96,4,false,true,January
DST2305,Place_1305,Assam,South,Hill Station,Wildlife,Hyderabad,Hindi,947116,Chennai International Airport,13054,Winter,Summer,3.61,4,85.28,61.68,31.35,42.46,118,1,Difficult,false,false,true,61,9425,84,true,3,22,2885.3,8,2,6,Bihu,Pav Bhaji,31,false,9,32761186,true,4,4,false,62,3,false,false,December
DST2306,Place_1306,Assam,East,Wildlife,Culture,Ahmedabad,Bengali,548381,Pune Airport,2767,Summer,Monsoon,7.98,2,65.54,87.54,17.64,55.47,448,5,Easy,true,false,true,68,7222,43,true,5,32.6,1318.6,4,8,7,Lohri,Sarson da Saag,49,false,7,18701244,false,4,3,false,94,2,true,true,October
DST2307,Place_1307,Kerala,Northeast,Hill Station,Food,Bhopal,Hindi,149948,Sardar Vallabhbhai Patel International Airport,5708,Summer,Monsoon,6.18,4,55.25,79.45,13.73,15.73,421,1,Moderate,false,true,true,6,6416,53,true,1,26.4,1730.1,7,7,2,Eid,Pav Bhaji,37,true,3,31359707,false,1,2,true,13,3,false,true,January
DST2308,Place_1308,Himachal Pradesh,Northeast,Wildlife,Temples,Chennai,Tamil,659013,Pune Airport,42121,Summer,Summer,12.25,6,65.56,85.37,25.16,39.46,133,5,Difficult,false,false,false,10,8707,78,false,5,16,1883.3,5,9,7,Lohri,Idli,88,false,9,49380570,false,4,3,false,88,3,true,true,August
DST2309,Place_1309,Goa,East,Beach,Scenery,Pune,Hindi,381594,Chhatrapati Shivaji Maharaj International Airport,30292,Winter,Summer,5.49,6,83.95,64.41,24.05,14.25,431,1,Easy,true,false,false,65,8143,62,false,1,13.9,1920.3,9,8,10,Navratri,Rogan Josh,94,false,3,34962161,false,4,4,false,30,1,true,false,December
DST2310,Place_1310,Tamil Nadu,Northeast,Heritage,Wildlife,Cochin,Marathi,506516,Jaipur International Airport,29082,Winter,Winter,7.42,11,74.57,85.24,35.59,50.61,427,2,Easy,true,false,true,38,9079,199,false,3,12.1,1266.3,2,7,4,Ganesh Chaturthi,Dosa,17,true,3,36116716,false,2,4,false,29,1,true,true,August
DST2311,Place_1311,Assam,Central,Urban,Wildlife,Bhopal,Malayalam,184600,Chhatrapati Shivaji Maharaj International Airport,35024,Monsoon,Monsoon,11.1,13,82.93,74.48,28.66,55.47,206,5,Difficult,true,true,false,21,8214,103,true,1,19.8,541.8,2,9,5,Pongal,Rogan Josh,74,true,7,10691405,false,1,2,false,93,1,false,false,January
DST2312,Place_1312,Tamil Nadu,Central,Urban,Temples,Goa,Hindi,235513,Kempegowda International Airport,27734,Summer,Monsoon,7.07,9,56.42,87.97,19.77,41.44,262,5,Easy,false,true,false,30,1896,42,true,2,30.7,304.3,1,10,7,Holi,Pav Bhaji,39,false,4,38203484,false,2,5,false,34,2,true,true,May
DST2313,Place_1313,Himachal Pradesh,North,Beach,Culture,Mumbai,Bengali,211315,Pune Airport,43911,Winter,Winter,12.11,12,75.6,80.97,27.75,44.42,321,4,Difficult,false,true,false,80,8582,85,false,2,37.4,2727.4,4,5,10,Eid,Dosa,67,false,7,17736571,true,4,1,false,54,3,true,true,May
DST2314,Place_1314,Himachal Pradesh,North,Hill Station,Scenery,Chennai,Marathi,644403,Cochin International Airport,24461,Summer,Winter,10.26,2,72.65,72.42,31.26,12.77,189,1,Difficult,false,true,false,24,7488,78,true,5,19.6,1163,8,3,2,Pongal,Kebabs,11,false,3,14309084,false,5,3,true,73,2,false,true,March
DST2315,Place_1315,Tamil Nadu,North,Heritage,Temples,Hyderabad,Malayalam,723693,Goa International Airport,6351,Summer,Winter,6.75,8,68.58,67.07,37.81,13.65,157,5,Difficult,true,false,false,45,4595,138,false,4,25.9,624,5,6,1,Lohri,Kebabs,33,false,3,49730357,false,4,3,true,70,5,false,false,August
DST2316,Place_1316,Assam,Northeast,Wildlife,Culture,Bengaluru,Marathi,711692,Chhatrapati Shivaji Maharaj International Airport,48031,Summer,Summer,8.06,6,66.41,88.56,29.65,18.98,476,5,Moderate,true,true,false,62,9467,172,false,3,24.1,2952.4,5,9,5,Durga Puja,Idli,58,true,7,33141524,true,4,4,true,62,3,true,false,December
DST2317,Place_1317,Tamil Nadu,Central,Beach,Wildlife,Chennai,Tamil,535213,Raja Bhoj Airport,34517,Winter,Summer,14.54,4,67.55,79.61,24.04,23.69,75,1,Easy,false,false,true,58,9594,34,true,2,13.3,2428.4,4,6,10,Eid,Momos,78,false,3,43020539,true,2,3,true,77,2,true,true,May
DST2318,Place_1318,Kerala,Central,Heritage,Food,Lucknow,Malayalam,841511,Chhatrapati Shivaji Maharaj International Airport,18092,Summer,Summer,10.26,5,82.48,94.56,18.05,47.99,51,1,Moderate,true,true,false,33,3301,141,true,4,32.8,2945.4,7,3,1,Pongal,Pav Bhaji,21,false,7,35648176,true,3,2,true,65,2,true,true,January
DST2319,Place_1319,Rajasthan,Central,Heritage,Scenery,Indore,Bengali,768975,Netaji Subhas Chandra Bose International Airport,40184,Summer,Summer,13.67,4,85.8,73.07,36.2,31.77,225,3,Difficult,false,true,false,52,4048,82,true,5,25.6,908.5,10,2,6,Bihu,Kebabs,14,false,7,3564417,true,3,5,false,67,4,true,true,May
DST2320,Place_1320,Assam,East,Wildlife,Scenery,Bengaluru,Malayalam,770092,Chennai International Airport,40718,Monsoon,Summer,3.5,9,45.64,84,32.74,13.91,93,4,Easy,true,false,true,99,3584,127,false,1,37.5,1443.4,8,5,2,Bihu,Chole Bhature,23,false,6,33609330,true,5,4,false,82,2,false,false,October
DST2321,Place_1321,Assam,Central,Heritage,Culture,Pune,Bengali,734958,Goa International Airport,46096,Summer,Monsoon,7.77,5,68.44,81.8,7.7,52.63,291,5,Difficult,true,false,true,81,5258,122,true,3,35.1,2445.2,9,8,2,Onam,Vada Pav,85,false,5,42250394,false,4,1,true,46,2,true,true,October
DST2322,Place_1322,Goa,East,Hill Station,Temples,Guwahati,Tamil,142738,Netaji Subhas Chandra Bose International Airport,26041,Monsoon,Monsoon,13.72,4,85.92,82.32,29.48,59.69,290,1,Easy,true,true,true,94,6227,124,true,1,18.3,1700.5,6,8,4,Durga Puja,Vada Pav,36,false,2,14262898,true,3,2,false,14,4,false,true,January
DST2323,Place_1323,Maharashtra,North,Hill Station,Wildlife,Bengaluru,Bengali,866656,Kempegowda International Airport,26676,Summer,Monsoon,5.52,3,46.74,85.79,23.86,32.75,321,5,Difficult,true,true,false,26,1242,134,true,3,19.4,1129.4,9,1,10,Onam,Dosa,75,true,3,36170546,false,5,1,false,27,2,true,true,January
DST2324,Place_1324,Rajasthan,North,Hill Station,Culture,Mumbai,Marathi,232053,Chaudhary Charan Singh International Airport,35481,Monsoon,Winter,14.55,4,60.64,64.87,8.63,35.59,177,3,Easy,false,false,true,76,3350,103,true,2,26.1,559.4,1,3,2,Diwali,Biryani,58,false,5,48305196,false,4,3,true,42,3,true,true,August
DST2325,Place_1325,Himachal Pradesh,Northeast,Heritage,Food,Jaipur,Hindi,293953,Cochin International Airport,13777,Winter,Monsoon,2.36,8,44.45,79.24,24.77,13.93,386,3,Difficult,false,true,false,75,2045,136,false,4,13.8,1729.1,3,5,9,Navratri,Pav Bhaji,54,true,2,13978863,true,1,3,false,22,1,false,false,October
DST2326,Place_1326,Assam,North,Hill Station,Food,Indore,Marathi,289681,Chaudhary Charan Singh International Airport,25320,Winter,Winter,13.64,7,45.67,77.82,11.74,29.15,105,5,Difficult,false,true,false,9,7633,147,false,5,17.5,1835.3,1,1,3,Durga Puja,Dosa,47,false,5,8950392,true,5,5,true,42,3,true,false,May
DST2327,Place_1327,Tamil Nadu,Northeast,Wildlife,Food,Jaipur,Marathi,580306,Netaji Subhas Chandra Bose International Airport,9308,Summer,Monsoon,7.23,11,85.21,71.99,29.79,28.59,75,4,Moderate,false,true,false,56,3665,157,true,3,34.6,2190.2,5,6,8,Onam,Idli,76,true,3,43715571,false,3,1,false,49,1,true,true,March
DST2328,Place_1328,Rajasthan,South,Heritage,Culture,Kolkata,Malayalam,443810,Indira Gandhi International Airport,44441,Monsoon,Summer,2.03,13,62.31,75.27,14.75,58.29,3,2,Moderate,false,true,true,5,3011,49,true,2,14.6,2392.5,8,4,7,Ganesh Chaturthi,Rogan Josh,67,false,5,41257771,false,4,2,false,75,4,false,false,January
DST2329,Place_1329,Goa,South,Urban,Wildlife,Lucknow,Tamil,970783,Pune Airport,49146,Winter,Monsoon,13.31,14,74.44,78.16,10.26,43.02,310,5,Easy,true,false,false,49,7526,84,false,5,26.4,442.5,6,9,7,Eid,Momos,81,false,5,19837219,true,5,1,true,21,2,true,true,October
DST2330,Place_1330,Himachal Pradesh,West,Heritage,Scenery,Mumbai,Hindi,585081,Devi Ahilya Bai Holkar Airport,16329,Summer,Summer,4.53,6,46.95,71.23,7.87,49.11,435,3,Easy,true,false,true,44,8297,24,true,3,21.8,1921.1,10,2,4,Ganesh Chaturthi,Vada Pav,75,false,5,1264504,true,2,1,true,56,4,false,true,January
DST2331,Place_1331,Maharashtra,Northeast,Wildlife,Temples,Pune,Bengali,827245,Cochin International Airport,14882,Summer,Summer,1.31,9,41.1,70.26,22.18,16.42,186,4,Moderate,true,true,false,68,6245,125,false,2,16,2366.2,5,10,4,Bihu,Biryani,63,true,9,46222740,true,5,1,false,57,4,false,true,May
DST2332,Place_1332,Maharashtra,West,Urban,Scenery,Delhi,Malayalam,611801,Netaji Subhas Chandra Bose International Airport,5714,Monsoon,Monsoon,2.9,12,84.52,85.84,11.99,30.85,454,1,Difficult,true,true,false,15,9561,165,true,5,39.1,1228.1,1,5,1,Onam,Sarson da Saag,38,false,3,40166805,true,3,1,false,32,4,true,false,May
DST2333,Place_1333,Goa,West,Heritage,Wildlife,Jaipur,Tamil,110728,Lokpriya Gopinath Bordoloi International Airport,27050,Monsoon,Monsoon,10.23,2,68.73,62.34,34.93,19.58,19,4,Difficult,false,false,true,56,2394,117,true,1,34.8,899.1,1,5,8,Navratri,Chole Bhature,98,false,4,42849558,false,4,3,true,49,3,false,false,October
DST2334,Place_1334,Goa,South,Hill Station,Scenery,Bhopal,Hindi,992284,Lokpriya Gopinath Bordoloi International Airport,44432,Summer,Summer,14.69,4,41,70.95,5.11,53.01,274,4,Easy,false,false,false,11,7404,44,false,4,18,1491,5,6,1,Lohri,Kebabs,13,false,4,10792373,false,1,5,true,14,4,false,false,December
DST2335,Place_1335,Tamil Nadu,Northeast,Beach,Culture,Pune,Marathi,970343,Rajiv Gandhi International Airport,16753,Monsoon,Winter,2.56,3,89.62,82.88,34.53,17.62,135,5,Easy,true,true,false,55,3075,16,true,4,33.6,999.3,5,5,4,Bihu,Biryani,64,false,5,15830603,false,1,2,true,45,2,false,false,August
DST2336,Place_1336,Assam,South,Beach,Food,Bengaluru,Tamil,217616,Rajiv Gandhi International Airport,30979,Monsoon,Winter,7.47,3,64.61,67.31,23.24,31.94,450,4,Difficult,false,false,false,97,3896,191,true,1,10.2,1578.6,8,10,3,Bihu,Dosa,19,true,7,11416588,true,5,4,false,40,5,true,true,August
DST2337,Place_1337,Maharashtra,West,Hill Station,Wildlife,Guwahati,Tamil,318422,Raja Bhoj Airport,46089,Winter,Monsoon,3.53,13,63.79,80.03,37.28,12.68,26,1,Moderate,false,true,false,98,9374,179,false,4,18.3,994.6,2,10,1,Ganesh Chaturthi,Biryani,53,true,7,30129505,false,2,3,true,32,4,false,false,March
DST2338,Place_1338,Himachal Pradesh,Northeast,Beach,Wildlife,Chennai,Tamil,922646,Goa International Airport,15630,Monsoon,Summer,11.43,12,71.05,70.58,12.16,41.71,462,5,Easy,false,true,true,25,1375,47,true,4,13.2,1325.8,7,9,7,Onam,Kebabs,90,true,8,18603068,false,1,3,true,25,1,true,true,May
DST2339,Place_1339,Rajasthan,West,Beach,Scenery,Jaipur,Marathi,289007,Sardar Vallabhbhai Patel International Airport,18658,Summer,Winter,2.65,13,40.4,89.52,8.58,34.1,135,3,Difficult,true,false,false,43,4990,73,true,3,22.7,2753.9,5,1,7,Bihu,Rogan Josh,74,false,3,32929013,false,2,2,true,81,2,true,false,January
DST2340,Place_1340,Himachal Pradesh,Central,Hill Station,Culture,Guwahati,Bengali,842441,Raja Bhoj Airport,4709,Monsoon,Monsoon,4.36,2,68.46,72.25,26.87,34.9,17,1,Easy,false,false,true,48,9401,66,true,2,29.1,2758.2,2,8,2,Holi,Rogan Josh,12,false,9,16167351,false,5,2,true,18,2,false,false,May
DST2341,Place_1341,Kerala,Northeast,Hill Station,Scenery,Mumbai,Malayalam,407732,Kempegowda International Airport,34106,Summer,Monsoon,3.75,6,71.47,68.03,29.74,15.08,284,5,Moderate,true,true,false,61,7259,117,true,1,15.1,2977.3,5,6,10,Ganesh Chaturthi,Chole Bhature,71,true,9,33823646,true,4,5,true,63,5,false,true,October
DST2342,Place_1342,Kerala,Northeast,Heritage,Scenery,Jaipur,Bengali,250025,Goa International Airport,40529,Summer,Summer,8.74,6,54.85,78.55,18.04,35.7,301,5,Easy,false,true,false,45,4706,166,false,2,17.2,1509.8,9,9,5,Lohri,Biryani,14,true,8,17527761,false,4,4,true,75,2,true,false,March
DST2343,Place_1343,Goa,West,Heritage,Wildlife,Indore,Hindi,954840,Kempegowda International Airport,38043,Monsoon,Winter,13.22,4,76.34,64.75,5.48,38.19,498,2,Difficult,true,true,true,43,5467,133,false,4,21.8,587.3,5,10,8,Navratri,Biryani,53,false,7,4443149,false,1,3,false,27,2,true,true,August
DST2344,Place_1344,Tamil Nadu,Central,Hill Station,Scenery,Hyderabad,Malayalam,396247,Netaji Subhas Chandra Bose International Airport,12491,Monsoon,Monsoon,8.16,13,58.87,87.91,19.24,58.14,419,1,Moderate,true,true,true,24,1994,92,false,2,28.9,2678.2,5,7,1,Holi,Vada Pav,20,false,5,14466925,false,1,5,false,56,4,false,true,August
DST2345,Place_1345,Kerala,East,Wildlife,Food,Hyderabad,Hindi,170949,Jaipur International Airport,40530,Monsoon,Winter,1.82,13,75.89,83.8,13.18,11.66,386,4,Difficult,true,false,false,26,3489,143,true,5,19.3,1830.8,2,3,9,Pongal,Kebabs,82,true,4,8751430,true,1,3,false,92,5,false,false,May
DST2346,Place_1346,Maharashtra,South,Beach,Scenery,Indore,Marathi,325877,Chhatrapati Shivaji Maharaj International Airport,9834,Winter,Monsoon,8.89,10,47.19,86.97,17.16,56.14,392,1,Moderate,true,false,true,33,3661,90,false,1,28,2268.4,9,8,7,Ganesh Chaturthi,Momos,56,false,6,32106981,false,1,5,false,46,4,false,true,August
DST2347,Place_1347,Himachal Pradesh,West,Heritage,Food,Hyderabad,Bengali,775516,Chennai International Airport,15358,Winter,Monsoon,12.17,13,85.68,73.96,22.74,33.98,137,1,Difficult,true,false,true,50,6490,11,true,1,20.5,571.5,2,10,7,Durga Puja,Vada Pav,23,false,8,46394707,false,5,5,true,49,5,true,true,January
DST2348,Place_1348,Himachal Pradesh,Northeast,Beach,Wildlife,Lucknow,Tamil,113423,Chhatrapati Shivaji Maharaj International Airport,10872,Monsoon,Winter,2.85,7,83.97,89.23,29.58,20.51,231,2,Easy,false,false,false,72,4515,176,true,1,17.7,1027.1,5,3,2,Lohri,Chole Bhature,28,true,7,44705219,true,2,4,true,81,5,false,true,March
DST2349,Place_1349,Goa,South,Urban,Culture,Cochin,Malayalam,400206,Chhatrapati Shivaji Maharaj International Airport,22657,Summer,Winter,2.02,11,47.53,77.27,38.71,43.28,339,4,Moderate,true,true,false,7,5062,143,false,3,35.7,898.1,2,3,8,Pongal,Chole Bhature,22,true,6,7782986,true,3,1,true,90,4,true,false,May
DST2350,Place_1350,Assam,South,Hill Station,Food,Jaipur,Tamil,798165,Kempegowda International Airport,25827,Monsoon,Summer,3.63,7,86.92,63.31,10.04,35.85,449,2,Moderate,false,true,true,77,6834,23,false,2,21.5,1723.3,2,4,3,Bihu,Momos,30,true,9,15562053,false,5,3,true,78,2,true,false,December
DST2351,Place_1351,Assam,South,Wildlife,Culture,Bhopal,Hindi,888419,Kempegowda International Airport,9173,Winter,Summer,11.45,11,67.89,67.84,28.8,21.34,256,2,Moderate,false,false,true,9,6010,155,true,2,37.6,2991.8,6,3,10,Pongal,Sarson da Saag,72,true,7,24969126,true,1,5,true,81,3,true,false,March
DST2352,Place_1352,Rajasthan,East,Urban,Culture,Kolkata,Tamil,162979,Rajiv Gandhi International Airport,17685,Winter,Summer,9.28,7,75.08,84.89,13.16,41.34,218,2,Easy,true,true,true,60,8824,79,true,3,19.2,1875.8,10,6,7,Bihu,Kebabs,48,true,5,1442609,false,1,5,false,83,4,true,true,March
DST2353,Place_1353,Goa,North,Urban,Food,Goa,Tamil,924029,Kempegowda International Airport,12333,Monsoon,Summer,8.57,3,82.01,91.37,12.72,33.66,131,1,Moderate,false,true,true,71,6635,85,false,1,26.3,1761.3,3,7,3,Ganesh Chaturthi,Dosa,75,false,4,39234758,true,1,2,true,12,5,false,false,December
DST2354,Place_1354,Rajasthan,West,Urban,Wildlife,Pune,Marathi,183905,Netaji Subhas Chandra Bose International Airport,12356,Summer,Winter,4.49,12,44.18,63.33,27.17,44.45,431,2,Easy,false,false,false,93,6515,159,false,3,11.6,2301.3,10,3,6,Lohri,Biryani,39,false,7,40812140,false,3,1,false,76,4,false,true,May
DST2355,Place_1355,Assam,North,Hill Station,Temples,Cochin,Marathi,783228,Cochin International Airport,41584,Summer,Summer,5.65,11,48.46,90.25,32.16,44.45,356,3,Easy,false,true,false,36,8920,87,false,3,30.4,1053.6,9,3,1,Diwali,Sarson da Saag,32,false,6,33950301,false,2,2,false,47,2,true,false,December
DST2356,Place_1356,Goa,North,Heritage,Culture,Bhopal,Bengali,176970,Devi Ahilya Bai Holkar Airport,45917,Winter,Winter,14.52,11,54.52,87.97,39.22,33.64,255,4,Moderate,true,true,false,86,2926,22,false,4,33.9,834.3,6,7,4,Ganesh Chaturthi,Biryani,73,false,6,9387945,true,1,1,false,36,3,true,false,August
DST2357,Place_1357,Goa,North,Hill Station,Culture,Hyderabad,Hindi,163805,Rajiv Gandhi International Airport,12344,Winter,Monsoon,4.37,9,63.86,72.48,31.91,29.54,95,4,Difficult,false,true,false,45,6076,82,true,1,39.1,2530.3,10,10,9,Holi,Pav Bhaji,36,false,5,35939419,true,4,4,false,25,2,false,false,March
DST2358,Place_1358,Goa,South,Heritage,Wildlife,Bengaluru,Marathi,219779,Pune Airport,49955,Winter,Winter,13.62,7,57.3,84.12,10.51,13.16,273,2,Moderate,false,false,false,33,1228,123,false,5,35.1,2885.6,10,9,7,Onam,Sarson da Saag,10,false,5,1018789,false,1,4,true,24,5,false,true,October
DST2359,Place_1359,Assam,Central,Urban,Wildlife,Bhopal,Marathi,573300,Chhatrapati Shivaji Maharaj International Airport,45619,Summer,Summer,9.13,14,65.29,66.54,12.89,34.69,333,1,Difficult,true,true,false,70,7585,115,false,4,19.4,1322.1,2,3,7,Onam,Rogan Josh,80,true,4,32534647,true,3,2,false,81,5,false,false,October
DST2360,Place_1360,Rajasthan,South,Urban,Scenery,Mumbai,Bengali,509852,Pune Airport,40998,Winter,Winter,2.73,4,49.3,88.47,31.65,22.16,300,5,Difficult,true,false,true,15,7052,19,true,1,26.7,219.7,1,6,4,Pongal,Momos,75,false,9,47704983,false,3,2,false,58,5,false,true,August
DST2361,Place_1361,Rajasthan,South,Wildlife,Wildlife,Lucknow,Malayalam,681755,Goa International Airport,42571,Winter,Winter,7.54,11,74.11,83.01,23.44,12.66,367,5,Moderate,false,false,true,63,6687,36,true,1,27.8,619.6,2,5,10,Eid,Sarson da Saag,32,true,7,16589403,false,3,1,true,37,5,true,true,December
DST2362,Place_1362,Goa,Northeast,Heritage,Culture,Indore,Bengali,591135,Chhatrapati Shivaji Maharaj International Airport,16795,Summer,Winter,14.28,10,42.79,75.36,15.34,26.52,14,1,Moderate,false,true,false,99,9037,23,false,1,11.7,2585.2,10,8,1,Onam,Pav Bhaji,38,false,2,48726774,false,3,1,true,88,3,false,true,October
DST2363,Place_1363,Kerala,Northeast,Urban,Food,Indore,Tamil,732020,Goa International Airport,30743,Winter,Winter,6.86,3,58.07,90.26,21.51,14.37,178,2,Difficult,false,false,false,8,3639,18,true,2,12.2,452.8,6,9,1,Navratri,Kebabs,23,false,7,34013345,false,5,2,false,69,3,false,true,March
DST2364,Place_1364,Tamil Nadu,North,Beach,Temples,Ahmedabad,Tamil,248079,Chhatrapati Shivaji Maharaj International Airport,2943,Winter,Winter,13.09,8,48.95,64.87,37.02,38.99,444,2,Moderate,false,false,false,97,8966,146,false,1,19.8,2312.7,2,8,3,Ganesh Chaturthi,Chole Bhature,69,true,8,15481744,true,1,2,true,33,5,false,true,October
DST2365,Place_1365,Assam,South,Wildlife,Scenery,Hyderabad,Marathi,463604,Sardar Vallabhbhai Patel International Airport,25649,Monsoon,Summer,4.59,4,76.5,89.6,31.45,35.18,259,3,Moderate,false,true,true,58,2294,194,false,1,32.3,1898.7,7,1,7,Holi,Rogan Josh,52,true,6,12167831,false,4,5,true,78,4,false,false,January
DST2366,Place_1366,Tamil Nadu,North,Hill Station,Food,Bhopal,Marathi,588963,Chhatrapati Shivaji Maharaj International Airport,47783,Winter,Winter,8.99,13,84.18,60.84,20.77,49.62,402,5,Easy,true,false,true,71,5225,114,true,5,18.6,2207.5,7,7,7,Ganesh Chaturthi,Chole Bhature,14,true,9,32674259,true,5,3,true,79,1,true,true,October
DST2367,Place_1367,Tamil Nadu,Northeast,Wildlife,Temples,Pune,Bengali,832224,Jaipur International Airport,22021,Monsoon,Summer,12.81,7,43.94,86.36,39.32,23.38,87,5,Difficult,true,true,true,6,2548,44,false,1,36.2,844.1,1,8,5,Holi,Pav Bhaji,84,true,2,42059770,false,2,2,false,69,4,true,true,January
DST2368,Place_1368,Rajasthan,Central,Beach,Temples,Bhopal,Bengali,496605,Raja Bhoj Airport,9348,Winter,Monsoon,13.89,6,79.25,80.07,32.82,28.58,93,4,Easy,false,false,true,82,6879,163,false,3,29.3,153.2,6,5,9,Durga Puja,Momos,42,true,8,45914204,true,5,1,false,64,4,true,true,December
DST2369,Place_1369,Rajasthan,West,Heritage,Temples,Bengaluru,Hindi,218105,Devi Ahilya Bai Holkar Airport,12750,Winter,Winter,7.8,14,84.79,84.39,5.21,44.45,332,2,Moderate,false,false,true,52,1516,178,false,1,24,215.3,5,4,2,Bihu,Momos,79,false,9,24523099,true,1,5,false,14,5,true,false,October
DST2370,Place_1370,Kerala,North,Hill Station,Food,Mumbai,Tamil,224535,Pune Airport,6385,Monsoon,Monsoon,9.96,7,88.7,74.43,8.93,59.65,394,1,Moderate,false,true,false,72,4488,118,false,1,26.2,2202.1,8,7,9,Ganesh Chaturthi,Rogan Josh,16,false,6,7539689,true,5,4,false,34,3,true,false,March
DST2371,Place_1371,Tamil Nadu,Central,Hill Station,Scenery,Chennai,Bengali,371602,Lokpriya Gopinath Bordoloi International Airport,17639,Winter,Summer,1.04,9,68.97,90.26,24.39,55.21,27,2,Easy,false,false,false,48,5607,115,true,1,19.9,1878.9,8,6,9,Lohri,Biryani,54,true,6,29365503,false,3,4,false,49,3,false,false,October
DST2372,Place_1372,Tamil Nadu,West,Heritage,Scenery,Bhopal,Malayalam,692769,Devi Ahilya Bai Holkar Airport,20494,Monsoon,Winter,4.55,4,56.37,70.96,17.25,36.04,497,2,Easy,true,true,false,66,4009,130,true,2,39.2,2537.3,9,2,6,Navratri,Biryani,19,false,6,45216187,false,5,4,false,16,4,true,true,October
DST2373,Place_1373,Goa,East,Wildlife,Temples,Delhi,Hindi,699176,Chhatrapati Shivaji Maharaj International Airport,43011,Winter,Monsoon,4.9,3,56.1,69.62,33.44,43.9,184,3,Moderate,true,true,true,98,9163,76,true,4,15.3,1257.8,2,9,4,Holi,Vada Pav,93,false,5,30459097,false,3,5,true,40,4,false,false,October
DST2374,Place_1374,Rajasthan,North,Urban,Food,Bengaluru,Bengali,700310,Indira Gandhi International Airport,38800,Monsoon,Summer,2.31,9,58.95,70.56,36.35,36.6,74,1,Difficult,false,false,true,87,2980,39,false,2,35.8,1711.1,1,3,5,Ganesh Chaturthi,Pav Bhaji,82,false,8,26122280,false,5,2,false,70,4,true,true,March
DST2375,Place_1375,Tamil Nadu,North,Wildlife,Temples,Bhopal,Marathi,272472,Indira Gandhi International Airport,40029,Monsoon,Monsoon,4.92,2,70.63,87.1,13.42,31.74,53,3,Easy,false,true,true,23,6557,38,true,5,30.3,2372.2,10,1,6,Bihu,Idli,26,true,2,32138027,true,2,3,true,12,5,false,false,December
DST2376,Place_1376,Himachal Pradesh,East,Beach,Wildlife,Kolkata,Bengali,691916,Indira Gandhi International Airport,19640,Winter,Winter,5.5,3,64.51,77.34,31.72,40.11,320,3,Difficult,true,true,true,48,9416,93,false,5,31.3,1540.3,6,3,4,Durga Puja,Sarson da Saag,15,false,3,7829711,false,1,4,false,61,2,false,false,August
DST2377,Place_1377,Kerala,East,Urban,Scenery,Bengaluru,Marathi,807217,Netaji Subhas Chandra Bose International Airport,36402,Winter,Winter,14.56,11,72.68,78.8,23.74,29.32,46,3,Moderate,true,false,true,35,3250,77,true,3,35.1,2980.7,2,1,9,Holi,Sarson da Saag,64,false,9,7882723,false,1,2,true,91,1,true,false,December
DST2378,Place_1378,Himachal Pradesh,North,Wildlife,Culture,Bengaluru,Marathi,267599,Rajiv Gandhi International Airport,2891,Monsoon,Winter,10.36,2,41.97,89.11,18.72,24.01,247,3,Difficult,true,false,false,66,8911,23,false,3,14.1,2254.4,5,10,2,Holi,Sarson da Saag,10,true,5,31668060,false,5,4,true,73,5,false,true,August
DST2379,Place_1379,Himachal Pradesh,East,Heritage,Temples,Cochin,Tamil,694936,Pune Airport,29259,Summer,Summer,6.96,6,45.29,89.17,32.54,45.28,233,2,Difficult,false,true,false,19,9327,118,false,5,30.9,2081.6,1,7,8,Eid,Sarson da Saag,20,true,6,5009306,false,3,4,false,74,1,false,false,January
DST2380,Place_1380,Assam,South,Beach,Wildlife,Kolkata,Tamil,903369,Chhatrapati Shivaji Maharaj International Airport,29987,Winter,Monsoon,14.83,9,88.83,65.66,24.77,53.6,117,4,Moderate,false,true,true,33,6152,189,true,4,33.3,2424.4,1,6,9,Ganesh Chaturthi,Pav Bhaji,26,true,2,7840092,true,2,4,true,65,2,false,true,October
DST2381,Place_1381,Assam,West,Beach,Scenery,Chennai,Bengali,793032,Devi Ahilya Bai Holkar Airport,11683,Winter,Summer,3.15,3,89.77,79.24,27.23,24.4,259,2,Moderate,false,true,false,71,4037,48,false,4,39.5,2353.9,5,8,4,Onam,Sarson da Saag,66,false,2,43304411,true,3,1,false,38,2,false,true,March
DST2382,Place_1382,Kerala,West,Beach,Food,Lucknow,Bengali,866922,Chaudhary Charan Singh International Airport,10967,Summer,Monsoon,7.66,5,77.33,64.41,7.18,45.34,229,3,Moderate,true,true,true,87,7588,30,true,5,32.4,737.1,6,4,9,Navratri,Pav Bhaji,48,false,4,27652255,true,1,5,true,68,5,true,true,May
DST2383,Place_1383,Himachal Pradesh,West,Urban,Scenery,Jaipur,Malayalam,625400,Raja Bhoj Airport,13128,Summer,Summer,10.06,5,52.82,90.4,25.51,31.7,289,3,Difficult,false,true,true,90,4929,80,false,1,38.6,710.1,7,6,2,Lohri,Rogan Josh,82,false,5,12067658,false,3,5,false,49,3,false,true,December
DST2384,Place_1384,Tamil Nadu,South,Hill Station,Food,Mumbai,Hindi,590492,Rajiv Gandhi International Airport,41194,Monsoon,Winter,1.78,12,87.67,89.3,15.52,25.1,240,4,Easy,true,true,true,51,2393,15,true,2,35.5,1857.6,4,3,3,Pongal,Biryani,25,true,3,19471596,false,2,1,false,42,3,false,true,January
DST2385,Place_1385,Rajasthan,East,Urban,Food,Guwahati,Hindi,582233,Chaudhary Charan Singh International Airport,35738,Winter,Monsoon,11.04,12,50.69,89.73,22.27,41.06,331,5,Moderate,true,false,true,88,8859,192,true,2,36.3,1364.5,4,4,10,Onam,Dosa,62,false,8,18550263,false,2,4,true,97,1,false,true,May
DST2386,Place_1386,Kerala,Central,Wildlife,Temples,Bengaluru,Bengali,934787,Goa International Airport,29295,Monsoon,Monsoon,2.4,8,76.57,84.67,12.77,56.97,181,1,Moderate,false,true,true,11,1370,49,true,1,37.5,2627.6,5,6,5,Bihu,Dosa,14,true,4,27634602,false,3,5,false,44,3,false,true,December
DST2387,Place_1387,Goa,East,Hill Station,Temples,Bengaluru,Tamil,175561,Chennai International Airport,21337,Winter,Monsoon,2.96,2,45.76,76.34,26.51,27.58,471,3,Easy,true,true,false,72,5733,162,true,4,25.9,941.3,6,5,4,Eid,Momos,17,true,9,13592248,true,4,5,false,80,4,false,true,March
DST2388,Place_1388,Himachal Pradesh,North,Wildlife,Scenery,Goa,Malayalam,265154,Jaipur International Airport,23202,Summer,Summer,3.24,10,72.45,74.17,10.16,47.97,316,3,Moderate,true,false,false,5,2659,141,false,2,31.3,1059.5,8,2,3,Navratri,Rogan Josh,82,false,2,21409547,true,2,5,true,77,4,true,true,October
DST2389,Place_1389,Kerala,Northeast,Hill Station,Wildlife,Kolkata,Hindi,742469,Chennai International Airport,7771,Monsoon,Winter,14,4,77.98,73.83,9.3,25.73,100,2,Moderate,false,true,false,75,4443,171,false,2,13.7,582.3,9,9,4,Pongal,Biryani,67,false,4,37688543,true,2,4,false,44,2,true,false,August
DST2390,Place_1390,Maharashtra,West,Urban,Scenery,Pune,Bengali,684770,Lokpriya Gopinath Bordoloi International Airport,44452,Winter,Monsoon,10.57,7,82.98,62.32,11.59,50.19,247,3,Easy,false,false,false,26,8657,98,false,3,20.7,2947.1,7,2,9,Holi,Dosa,22,true,6,25193210,false,4,4,true,43,5,false,true,October
DST2391,Place_1391,Maharashtra,East,Beach,Culture,Bengaluru,Tamil,703386,Goa International Airport,13857,Winter,Summer,10.18,11,76.72,93.21,33.61,48,479,3,Difficult,true,false,true,61,2276,31,true,4,36.4,436.5,10,8,9,Onam,Sarson da Saag,12,true,5,41860363,true,1,5,true,83,3,false,true,March
DST2392,Place_1392,Assam,Central,Heritage,Food,Bengaluru,Tamil,504520,Kempegowda International Airport,32301,Summer,Monsoon,8.78,6,86.17,75.76,6.17,48.28,466,1,Difficult,false,true,false,98,7629,65,true,5,39.3,2950.4,3,5,5,Diwali,Sarson da Saag,36,true,3,32495871,false,5,3,true,83,2,true,false,March
DST2393,Place_1393,Rajasthan,North,Beach,Food,Kolkata,Tamil,156625,Goa International Airport,32460,Summer,Winter,5.1,5,66.05,92.55,30.54,59.89,348,2,Difficult,true,true,true,77,9793,55,false,5,13.4,2148.5,6,7,7,Ganesh Chaturthi,Dosa,59,false,7,18832759,true,5,2,false,29,4,true,false,January
DST2394,Place_1394,Tamil Nadu,South,Urban,Temples,Pune,Marathi,486503,Rajiv Gandhi International Airport,22387,Winter,Monsoon,9.69,10,73.87,90.77,6.98,17.03,357,5,Moderate,true,true,true,62,9410,129,true,1,27.6,358.5,9,6,8,Bihu,Pav Bhaji,63,false,3,48404987,true,5,2,false,53,3,false,true,January
DST2395,Place_1395,Rajasthan,South,Hill Station,Wildlife,Kolkata,Tamil,433390,Chaudhary Charan Singh International Airport,10832,Summer,Winter,6.74,12,58.48,89,25.72,29.44,112,3,Easy,false,false,true,31,1208,193,false,2,32,540.8,6,2,2,Lohri,Chole Bhature,65,false,2,30762456,false,5,4,true,90,3,true,true,March
DST2396,Place_1396,Rajasthan,Central,Beach,Temples,Guwahati,Bengali,374732,Sardar Vallabhbhai Patel International Airport,48408,Summer,Summer,3.04,13,40.52,80.59,32.07,41.54,220,3,Difficult,true,false,false,42,4206,164,true,5,25.5,1048.2,10,4,9,Diwali,Kebabs,29,true,4,44763415,true,1,3,true,50,5,false,false,December
DST2397,Place_1397,Rajasthan,North,Urban,Culture,Cochin,Malayalam,228658,Chhatrapati Shivaji Maharaj International Airport,13626,Monsoon,Summer,10.65,10,77.83,63.55,13.09,39.52,338,5,Easy,true,false,true,91,1210,99,true,1,17,855,8,9,9,Pongal,Biryani,22,false,3,32019313,false,4,3,true,86,3,true,true,March
DST2398,Place_1398,Rajasthan,West,Wildlife,Scenery,Bhopal,Bengali,645255,Goa International Airport,19485,Winter,Winter,2.81,2,83.49,71.34,11.86,49.03,147,4,Difficult,true,true,false,80,1272,125,true,3,11.3,2922.1,8,7,2,Ganesh Chaturthi,Kebabs,97,true,8,34313001,true,2,3,true,16,3,false,true,March
DST2399,Place_1399,Goa,East,Heritage,Scenery,Lucknow,Tamil,492297,Netaji Subhas Chandra Bose International Airport,14423,Monsoon,Winter,3.67,8,48.7,81.13,15.12,12.35,386,5,Difficult,true,false,true,17,8327,172,false,4,38.5,1878.7,4,1,6,Diwali,Dosa,59,true,3,36583839,false,1,1,false,31,5,false,true,January
DST2400,Place_1400,Goa,North,Beach,Wildlife,Bengaluru,Malayalam,386400,Pune Airport,32403,Summer,Summer,12.45,11,41.43,60.47,29.49,45.25,295,5,Moderate,false,false,true,19,7287,153,true,2,17.1,315.7,7,4,4,Diwali,Vada Pav,97,true,6,46339250,true,5,1,true,20,1,true,true,December
DST2401,Place_1401,Assam,South,Hill Station,Temples,Hyderabad,Hindi,813708,Chhatrapati Shivaji Maharaj International Airport,31623,Winter,Winter,10.24,10,48.23,61.49,13.92,46.89,196,2,Difficult,true,true,true,84,4579,113,false,2,19,1623.7,7,10,1,Holi,Sarson da Saag,93,true,6,36762693,false,3,5,false,22,3,false,false,January
DST2402,Place_1402,Kerala,Central,Wildlife,Temples,Mumbai,Hindi,836332,Pune Airport,17802,Summer,Winter,9.83,6,84.76,83.72,22.56,13.06,406,5,Difficult,false,false,false,77,8501,157,true,1,29.3,2701.7,7,3,5,Durga Puja,Rogan Josh,36,true,2,40194834,true,5,3,false,32,5,true,true,March
DST2403,Place_1403,Maharashtra,Central,Urban,Culture,Guwahati,Bengali,842711,Sardar Vallabhbhai Patel International Airport,17333,Summer,Monsoon,6.85,2,54.78,91.09,9.71,36.93,68,2,Easy,true,false,true,95,9693,24,false,2,22.9,1306.9,8,1,3,Bihu,Idli,27,false,7,37292147,true,1,2,false,83,2,true,true,May
DST2404,Place_1404,Rajasthan,East,Heritage,Scenery,Pune,Malayalam,813839,Chhatrapati Shivaji Maharaj International Airport,36120,Winter,Summer,6.55,9,51.69,89.93,21.14,22.25,477,5,Moderate,false,false,false,52,7587,119,false,4,22.7,2031.8,2,5,1,Bihu,Pav Bhaji,37,true,4,8558923,true,1,1,false,37,2,true,false,October
DST2405,Place_1405,Assam,Central,Hill Station,Temples,Hyderabad,Bengali,967164,Jaipur International Airport,29085,Summer,Summer,10.66,6,40.73,65.89,26.87,50.08,287,3,Moderate,false,false,false,19,4825,33,false,5,12.5,2342.3,2,9,2,Eid,Idli,67,true,6,49392938,false,2,4,true,26,4,false,false,December
DST2406,Place_1406,Kerala,Central,Urban,Wildlife,Kolkata,Malayalam,553416,Goa International Airport,23159,Monsoon,Winter,11.36,7,54.85,91.89,7.51,12.48,23,3,Difficult,true,true,true,44,4944,199,true,1,39.8,636.6,6,4,7,Eid,Rogan Josh,41,false,4,9688292,false,3,4,true,56,5,true,true,May
DST2407,Place_1407,Maharashtra,North,Urban,Scenery,Goa,Malayalam,838985,Kempegowda International Airport,25660,Winter,Winter,8.14,8,75.78,84.37,33.54,17.31,368,4,Moderate,true,false,true,34,2109,89,false,4,18.5,2581,6,2,1,Diwali,Momos,16,false,8,42555209,false,5,3,true,31,3,false,true,January
DST2408,Place_1408,Himachal Pradesh,West,Beach,Culture,Bengaluru,Bengali,576356,Indira Gandhi International Airport,35519,Summer,Winter,14.57,11,87.95,85.07,37.81,15.22,434,5,Easy,false,false,false,27,4064,53,false,2,13.3,1401.6,5,7,3,Durga Puja,Momos,24,false,7,19958166,true,3,5,true,58,2,true,true,January
DST2409,Place_1409,Tamil Nadu,East,Beach,Wildlife,Goa,Malayalam,754433,Sardar Vallabhbhai Patel International Airport,29797,Summer,Summer,14.38,8,55.64,70.64,11.77,13.26,370,1,Moderate,true,true,false,13,4151,151,false,5,30.4,264.4,2,8,1,Ganesh Chaturthi,Vada Pav,87,true,8,23633425,true,4,3,false,49,3,true,false,May
DST2410,Place_1410,Goa,North,Hill Station,Food,Cochin,Tamil,495722,Goa International Airport,20041,Summer,Monsoon,6.77,14,52.03,85.06,31.58,40,185,5,Difficult,true,false,true,36,9143,82,false,4,32.6,2648.8,8,2,1,Navratri,Pav Bhaji,44,true,2,6807029,true,4,4,true,93,5,false,false,May
DST2411,Place_1411,Himachal Pradesh,West,Urban,Culture,Goa,Malayalam,198120,Kempegowda International Airport,45935,Winter,Summer,12.49,13,84.4,84.84,15.97,53.43,169,1,Moderate,false,true,false,39,2349,119,false,5,10.8,1736.6,3,10,8,Ganesh Chaturthi,Chole Bhature,61,false,5,43705902,true,2,4,false,15,2,true,true,December
DST2412,Place_1412,Maharashtra,North,Beach,Wildlife,Kolkata,Malayalam,776069,Chhatrapati Shivaji Maharaj International Airport,23507,Monsoon,Monsoon,8.61,8,82.63,80.81,28.69,35.55,290,5,Moderate,true,true,true,53,9200,188,false,5,18.1,675.1,1,9,6,Navratri,Sarson da Saag,49,false,9,11639221,false,3,5,true,91,4,false,true,August
DST2413,Place_1413,Himachal Pradesh,Northeast,Heritage,Temples,Cochin,Bengali,813895,Chaudhary Charan Singh International Airport,6524,Summer,Winter,8.16,2,56.41,72.51,15.73,20.53,31,2,Difficult,false,false,true,49,4499,159,false,1,15.8,1020.6,1,10,4,Ganesh Chaturthi,Biryani,59,false,2,20763137,false,1,1,false,35,2,true,true,December
DST2414,Place_1414,Tamil Nadu,North,Heritage,Food,Goa,Hindi,406984,Lokpriya Gopinath Bordoloi International Airport,19735,Summer,Summer,1.77,8,43.44,88.39,35.18,27.19,437,3,Moderate,false,false,true,20,5287,169,true,2,33.7,1751.2,7,8,8,Lohri,Dosa,99,false,8,11578173,false,5,5,true,56,4,true,false,May
DST2415,Place_1415,Assam,Central,Urban,Culture,Jaipur,Marathi,345512,Kempegowda International Airport,28675,Summer,Monsoon,9.04,12,89.6,92.81,17.15,28.02,300,1,Moderate,true,false,true,36,5587,89,false,3,15.5,1185.1,7,4,7,Eid,Sarson da Saag,98,false,9,2881665,true,1,2,true,75,5,false,true,May
DST2416,Place_1416,Maharashtra,West,Beach,Temples,Jaipur,Malayalam,999079,Netaji Subhas Chandra Bose International Airport,48951,Winter,Summer,13.61,4,74.04,90.45,34.71,32.58,175,1,Difficult,true,true,true,29,8874,124,true,3,17.1,776.8,6,4,9,Ganesh Chaturthi,Momos,79,true,5,42164433,false,4,4,true,54,1,true,false,December
DST2417,Place_1417,Himachal Pradesh,East,Hill Station,Food,Lucknow,Marathi,291659,Kempegowda International Airport,18673,Summer,Monsoon,11.92,6,86.33,68.5,31.81,31.03,363,5,Difficult,true,false,false,98,6384,34,false,3,39.6,1490,6,5,1,Durga Puja,Chole Bhature,36,false,6,26496354,false,3,2,true,40,5,false,false,August
DST2418,Place_1418,Goa,East,Hill Station,Scenery,Bengaluru,Malayalam,159321,Chennai International Airport,45083,Summer,Monsoon,12.01,11,57.09,75.6,11.87,43.56,341,3,Easy,false,false,true,41,7923,186,false,4,31.1,636.6,5,1,10,Bihu,Pav Bhaji,41,true,9,5573281,false,2,4,true,59,4,false,false,October
DST2419,Place_1419,Goa,West,Hill Station,Temples,Bengaluru,Bengali,334855,Jaipur International Airport,36470,Summer,Summer,3.24,6,72.38,71.98,10.49,27,468,4,Difficult,true,true,false,41,8111,32,false,3,21.6,811.6,6,7,5,Bihu,Idli,21,false,3,6485001,true,3,4,false,22,3,false,false,May
DST2420,Place_1420,Kerala,Central,Heritage,Wildlife,Hyderabad,Bengali,143202,Sardar Vallabhbhai Patel International Airport,42603,Winter,Winter,6.02,9,73.72,84.76,32.29,43.15,475,1,Difficult,false,false,true,39,8410,46,false,2,32.6,2497.5,2,4,6,Diwali,Vada Pav,69,false,2,12108452,false,4,3,true,47,2,false,false,May
DST2421,Place_1421,Himachal Pradesh,South,Beach,Culture,Cochin,Malayalam,287660,Indira Gandhi International Airport,20289,Monsoon,Summer,4.26,8,83.65,89.1,18.66,37.34,176,3,Moderate,true,true,true,49,8161,12,false,3,24,762.8,5,1,6,Eid,Dosa,39,false,4,16736735,true,1,4,false,34,2,true,true,December
DST2422,Place_1422,Rajasthan,North,Beach,Food,Ahmedabad,Bengali,758450,Chhatrapati Shivaji Maharaj International Airport,32230,Winter,Winter,5.42,8,89.65,67.55,38.23,12.43,289,3,Difficult,false,true,false,12,1676,69,false,5,16.4,2116.6,2,4,10,Eid,Kebabs,33,false,9,12392792,true,3,4,true,38,4,true,false,January
DST2423,Place_1423,Himachal Pradesh,Central,Heritage,Temples,Bengaluru,Bengali,598017,Sardar Vallabhbhai Patel International Airport,15542,Monsoon,Monsoon,9.11,7,45.43,93.15,38,55.98,143,1,Moderate,true,true,false,51,3772,68,true,5,24.6,826.4,3,4,7,Lohri,Chole Bhature,97,false,8,13457111,true,3,4,false,44,2,false,false,October
DST2424,Place_1424,Assam,Northeast,Hill Station,Scenery,Lucknow,Malayalam,421375,Rajiv Gandhi International Airport,46027,Monsoon,Monsoon,6.11,8,71.56,83.71,29.27,18.9,10,2,Difficult,true,false,false,40,2383,160,true,5,33.2,716,5,1,5,Durga Puja,Kebabs,95,true,4,12234796,false,5,4,false,37,4,false,true,May
DST2425,Place_1425,Maharashtra,West,Hill Station,Culture,Pune,Hindi,907984,Goa International Airport,36690,Winter,Summer,8.85,8,56.82,67.65,22.52,32.58,480,2,Easy,false,true,true,93,1498,42,true,3,15.4,828.4,1,9,5,Holi,Sarson da Saag,13,false,8,21141862,false,2,3,true,92,3,false,true,December
DST2426,Place_1426,Maharashtra,North,Urban,Culture,Goa,Malayalam,325743,Sardar Vallabhbhai Patel International Airport,7654,Summer,Summer,7.14,6,80.58,72.99,11.82,57.38,491,5,Easy,true,false,false,86,7711,191,false,2,24.6,1458.1,3,8,1,Lohri,Dosa,92,false,7,30926113,true,2,3,false,28,1,true,false,December
DST2427,Place_1427,Assam,East,Wildlife,Temples,Pune,Hindi,311299,Netaji Subhas Chandra Bose International Airport,3021,Monsoon,Winter,5.01,6,77.71,63.66,35.88,22.37,485,5,Moderate,false,false,false,14,8380,48,false,2,13.6,524.2,10,9,10,Eid,Sarson da Saag,98,false,5,10989657,true,5,2,false,16,5,true,false,May
DST2428,Place_1428,Himachal Pradesh,South,Beach,Scenery,Kolkata,Bengali,383805,Sardar Vallabhbhai Patel International Airport,47723,Summer,Winter,2.34,5,84.63,80.9,7.87,11.11,146,3,Moderate,true,false,false,5,2854,162,false,3,35.3,409.2,6,7,5,Onam,Momos,14,false,9,32199998,false,5,2,false,58,3,false,true,May
DST2429,Place_1429,Assam,Northeast,Beach,Food,Hyderabad,Hindi,272097,Rajiv Gandhi International Airport,21008,Monsoon,Summer,13.49,5,57.19,65.92,17.96,34.5,347,1,Moderate,true,true,false,72,2069,72,true,2,34.6,2294.5,2,5,10,Lohri,Chole Bhature,13,false,9,38295913,false,4,2,false,92,3,false,true,March
DST2430,Place_1430,Tamil Nadu,East,Beach,Temples,Goa,Bengali,499308,Kempegowda International Airport,23728,Summer,Winter,1.16,6,49.23,84.26,16.17,21.2,412,2,Easy,true,true,false,94,5276,98,true,3,30.2,167.6,3,7,1,Diwali,Kebabs,18,false,4,45912196,true,1,5,true,81,2,false,true,March
DST2431,Place_1431,Assam,West,Wildlife,Food,Cochin,Hindi,755930,Cochin International Airport,25162,Summer,Winter,1.02,11,41.09,85.8,38.55,39.1,484,3,Easy,false,true,true,79,5321,112,false,2,37.6,1217.9,9,2,10,Eid,Vada Pav,60,false,6,33622405,false,5,3,false,23,2,false,false,October
DST2432,Place_1432,Goa,North,Urban,Culture,Goa,Hindi,952275,Chennai International Airport,28446,Winter,Summer,12.58,10,52.78,76.78,9.13,50.86,309,2,Difficult,true,true,false,19,9538,94,false,1,22,1248.5,8,10,2,Navratri,Momos,49,false,9,24318367,true,4,3,false,17,1,false,true,December
DST2433,Place_1433,Assam,West,Wildlife,Food,Chennai,Malayalam,553968,Kempegowda International Airport,30979,Summer,Summer,14.96,12,58.36,63.28,36.16,35.56,436,1,Difficult,true,false,true,83,7589,196,false,1,14,2689.8,3,7,1,Holi,Idli,62,true,5,25417576,true,1,1,true,75,4,false,true,December
DST2434,Place_1434,Maharashtra,North,Hill Station,Scenery,Cochin,Hindi,431422,Raja Bhoj Airport,49484,Monsoon,Monsoon,11.18,13,87.3,81.38,20.98,42.25,194,2,Moderate,true,true,true,96,1828,168,true,2,39.3,2346,7,4,8,Navratri,Dosa,81,false,3,7978207,false,3,1,true,73,4,true,true,January
DST2435,Place_1435,Goa,Central,Hill Station,Wildlife,Delhi,Bengali,862638,Kempegowda International Airport,45078,Summer,Monsoon,1.21,7,64.57,73.03,6.66,43.31,465,4,Easy,true,true,false,91,7019,58,true,5,25.4,1581,4,5,8,Navratri,Momos,84,true,2,27016263,true,5,1,true,33,3,false,true,October
DST2436,Place_1436,Maharashtra,South,Beach,Scenery,Guwahati,Malayalam,194328,Rajiv Gandhi International Airport,5225,Summer,Summer,4.17,9,67.82,93.24,30.51,51.03,465,5,Difficult,false,true,false,7,2686,112,true,1,24.3,1491.5,7,7,8,Ganesh Chaturthi,Idli,41,false,5,10386001,true,2,2,false,24,3,true,true,August
DST2437,Place_1437,Kerala,Central,Heritage,Food,Kolkata,Hindi,750643,Pune Airport,10209,Summer,Monsoon,14.61,10,84.01,77.96,8.53,44.4,75,2,Easy,true,true,true,36,8464,197,false,4,11.9,1740.2,5,2,10,Onam,Rogan Josh,58,false,8,4674809,true,2,4,false,81,2,true,false,May
DST2438,Place_1438,Rajasthan,Central,Beach,Temples,Bengaluru,Malayalam,338340,Indira Gandhi International Airport,45660,Monsoon,Winter,12.32,13,84.25,62.53,13.3,58.81,465,1,Easy,false,false,true,24,5347,118,false,3,27.1,1137.7,2,5,10,Diwali,Momos,14,false,7,15692213,true,3,5,false,12,4,false,true,October
DST2439,Place_1439,Maharashtra,West,Heritage,Culture,Indore,Marathi,386342,Rajiv Gandhi International Airport,16723,Monsoon,Summer,8.94,5,66.4,82.26,32.99,32.81,159,1,Moderate,true,false,false,60,3698,175,false,4,29.3,2132.3,6,2,1,Eid,Sarson da Saag,41,true,7,21670638,false,3,3,true,20,1,false,true,May
DST2440,Place_1440,Goa,South,Wildlife,Wildlife,Kolkata,Malayalam,161201,Goa International Airport,46487,Monsoon,Monsoon,4.32,13,45.69,87.28,10.42,12.51,489,4,Easy,false,true,true,82,7051,80,true,2,24.2,2089.6,1,10,4,Navratri,Momos,14,false,6,33254526,false,3,2,true,80,3,false,false,October
DST2441,Place_1441,Kerala,North,Hill Station,Temples,Cochin,Marathi,435415,Kempegowda International Airport,4140,Summer,Summer,1.2,14,53.53,65.62,16.39,29.7,99,1,Moderate,false,false,true,46,7627,100,true,2,37.3,1766.5,6,6,1,Ganesh Chaturthi,Momos,74,true,9,45950417,true,4,5,false,48,2,true,true,August
DST2442,Place_1442,Maharashtra,North,Heritage,Temples,Chennai,Marathi,312810,Sardar Vallabhbhai Patel International Airport,12721,Winter,Monsoon,1.29,8,62.84,75.72,17.63,51.99,115,4,Difficult,true,true,true,77,4906,86,false,5,32.3,267.3,1,10,4,Ganesh Chaturthi,Pav Bhaji,79,false,5,28065747,false,3,3,true,14,5,false,true,May
DST2443,Place_1443,Tamil Nadu,Northeast,Wildlife,Scenery,Bhopal,Malayalam,504593,Indira Gandhi International Airport,3587,Monsoon,Summer,9.57,6,77.56,86.01,25.61,16.65,379,3,Easy,false,true,true,64,1623,96,true,1,11.2,467.8,3,8,7,Bihu,Vada Pav,34,true,9,8069721,false,4,5,true,30,5,true,true,March
DST2444,Place_1444,Assam,East,Hill Station,Food,Delhi,Bengali,473722,Chhatrapati Shivaji Maharaj International Airport,44342,Summer,Winter,1.31,5,75.58,60.72,32.65,46.8,82,2,Moderate,true,true,true,60,1157,17,true,1,26.3,213.9,10,7,10,Navratri,Chole Bhature,36,false,6,36045489,true,5,5,false,31,5,false,true,May
DST2445,Place_1445,Rajasthan,Northeast,Heritage,Scenery,Indore,Bengali,835193,Chaudhary Charan Singh International Airport,40437,Monsoon,Monsoon,14.91,13,72.14,61.01,13.08,36.78,311,1,Easy,true,true,false,51,9760,22,true,4,39.8,2183.7,7,5,7,Navratri,Chole Bhature,87,false,8,8615709,true,5,3,false,47,5,false,true,March
DST2446,Place_1446,Maharashtra,Northeast,Beach,Food,Cochin,Bengali,501252,Chhatrapati Shivaji Maharaj International Airport,19989,Winter,Summer,3.57,8,84.01,83.69,12.2,55.03,62,5,Easy,false,false,true,28,6821,35,true,1,16,1485,2,3,1,Pongal,Vada Pav,82,true,7,44365476,false,4,5,false,16,3,true,true,January
DST2447,Place_1447,Kerala,North,Beach,Scenery,Guwahati,Tamil,402508,Netaji Subhas Chandra Bose International Airport,33726,Summer,Winter,10.95,4,80.13,85.38,12.77,46.56,131,2,Difficult,false,true,true,45,6762,147,false,2,28.5,2869.4,9,4,10,Onam,Sarson da Saag,37,true,9,35672038,false,1,1,false,99,4,true,true,March
DST2448,Place_1448,Tamil Nadu,West,Beach,Temples,Bhopal,Marathi,583121,Kempegowda International Airport,6004,Monsoon,Monsoon,3.17,2,89.11,89.61,18.36,43.03,247,4,Moderate,false,true,false,8,5604,100,true,5,18.2,2861.8,3,2,2,Eid,Chole Bhature,97,true,5,25727897,false,1,1,false,62,4,true,true,December
DST2449,Place_1449,Himachal Pradesh,Central,Wildlife,Culture,Chennai,Malayalam,200353,Sardar Vallabhbhai Patel International Airport,15301,Monsoon,Monsoon,8.56,8,84.46,73.99,23.73,54.34,394,2,Easy,true,false,false,80,5639,65,false,3,21.1,2414.7,3,6,6,Eid,Rogan Josh,72,false,5,38807108,false,5,5,false,62,4,false,true,December
DST2450,Place_1450,Kerala,Central,Beach,Food,Chennai,Bengali,873331,Pune Airport,33679,Winter,Summer,2.13,10,49.78,73.64,5.47,55.41,130,2,Easy,false,true,true,55,3636,141,false,4,11,1384.8,7,8,6,Holi,Sarson da Saag,82,false,8,17445453,false,5,2,false,52,1,false,true,October
DST2451,Place_1451,Assam,Central,Urban,Wildlife,Bhopal,Bengali,792803,Chennai International Airport,29103,Monsoon,Winter,11.73,3,42.88,79.33,32.31,29.25,410,1,Difficult,false,true,true,92,5190,115,true,4,30.6,1017.4,1,8,1,Durga Puja,Chole Bhature,45,true,3,31000226,false,1,4,false,60,1,false,false,May
DST2452,Place_1452,Kerala,South,Hill Station,Wildlife,Jaipur,Malayalam,494879,Chennai International Airport,42168,Summer,Summer,9.19,8,60.73,86.51,37.44,56.39,366,5,Easy,true,false,true,5,6654,40,true,3,33,682.8,5,9,4,Durga Puja,Idli,65,false,5,40144052,false,1,3,false,13,4,false,false,May
DST2453,Place_1453,Tamil Nadu,North,Wildlife,Temples,Goa,Marathi,270316,Cochin International Airport,8504,Summer,Monsoon,2.21,11,70.88,82.43,34.52,12.73,463,3,Moderate,true,false,false,18,6068,26,true,2,33.2,774.2,10,5,9,Bihu,Chole Bhature,43,false,6,14132511,true,4,2,false,27,3,true,false,October
DST2454,Place_1454,Kerala,West,Beach,Scenery,Pune,Malayalam,963996,Indira Gandhi International Airport,37578,Winter,Summer,12.88,3,72.16,71.46,6.3,48.13,427,5,Moderate,false,false,true,99,3969,145,true,4,39.1,2971.9,3,10,8,Lohri,Kebabs,76,true,5,46748652,true,1,4,true,11,5,true,true,May
DST2455,Place_1455,Tamil Nadu,South,Hill Station,Scenery,Cochin,Tamil,246149,Pune Airport,7080,Winter,Summer,8.66,14,53.38,72.13,23.36,26.83,401,4,Moderate,true,false,true,14,4032,189,true,1,35.1,1638,1,6,4,Bihu,Chole Bhature,30,true,4,10052693,false,2,3,false,67,5,false,false,August
DST2456,Place_1456,Maharashtra,East,Heritage,Temples,Cochin,Tamil,813209,Chaudhary Charan Singh International Airport,8408,Winter,Winter,13.9,14,82.99,86.71,33.49,34.37,157,5,Easy,false,true,true,40,5212,46,false,1,16.2,135.5,7,2,3,Diwali,Kebabs,48,true,9,8232624,false,1,4,false,42,4,true,false,May
DST2457,Place_1457,Tamil Nadu,West,Beach,Wildlife,Ahmedabad,Malayalam,729735,Lokpriya Gopinath Bordoloi International Airport,5153,Summer,Winter,13.83,4,56.46,78.71,17.04,51.79,215,5,Easy,true,true,false,46,2479,134,true,1,16.9,228.5,10,10,8,Lohri,Kebabs,46,false,3,31397984,false,1,3,false,74,2,true,true,May
DST2458,Place_1458,Tamil Nadu,Northeast,Hill Station,Wildlife,Indore,Marathi,381775,Chhatrapati Shivaji Maharaj International Airport,12055,Winter,Monsoon,13.89,14,85.96,63.43,36.4,41.85,325,4,Moderate,false,true,false,52,5455,157,false,5,33,1430.4,7,4,9,Ganesh Chaturthi,Biryani,51,true,6,22479853,false,2,1,true,72,3,true,false,January
DST2459,Place_1459,Rajasthan,West,Urban,Scenery,Indore,Bengali,808012,Chaudhary Charan Singh International Airport,20760,Monsoon,Winter,2.09,11,63.58,65.35,36.04,32.87,430,5,Easy,false,true,false,22,6149,56,false,3,33.3,1386.1,9,3,1,Navratri,Sarson da Saag,45,true,2,46945032,true,3,2,true,98,2,true,true,May
DST2460,Place_1460,Tamil Nadu,West,Heritage,Food,Cochin,Tamil,560662,Jaipur International Airport,18752,Monsoon,Summer,2.69,13,40.52,89.79,9.96,18.2,33,3,Difficult,false,false,false,93,3372,60,true,2,13.7,1276.1,7,9,10,Pongal,Biryani,75,false,8,14998187,true,2,4,false,99,2,true,true,May
DST2461,Place_1461,Tamil Nadu,Central,Urban,Culture,Guwahati,Tamil,919932,Chhatrapati Shivaji Maharaj International Airport,25193,Summer,Monsoon,14.83,11,48.1,94.96,22.28,56.96,374,2,Moderate,false,false,false,80,2943,123,false,1,10.2,2488.4,4,6,8,Onam,Momos,26,true,8,43799515,true,5,1,false,40,3,true,false,August
DST2462,Place_1462,Himachal Pradesh,West,Hill Station,Food,Indore,Marathi,513113,Chhatrapati Shivaji Maharaj International Airport,4800,Monsoon,Winter,7.83,4,45.12,71.75,5.9,26.62,331,3,Difficult,false,true,true,64,9265,67,true,1,22,2139.2,3,6,5,Pongal,Rogan Josh,63,false,7,20017856,true,5,2,false,89,3,false,false,March
DST2463,Place_1463,Maharashtra,Northeast,Urban,Wildlife,Bhopal,Tamil,421059,Chhatrapati Shivaji Maharaj International Airport,2037,Winter,Summer,4.33,13,42.2,73.53,14.87,15.06,297,2,Difficult,true,false,false,32,6074,53,false,5,30.8,411.5,6,4,3,Durga Puja,Dosa,38,true,5,2330054,false,5,5,true,77,1,true,false,December
DST2464,Place_1464,Assam,Northeast,Hill Station,Food,Bengaluru,Tamil,989192,Sardar Vallabhbhai Patel International Airport,31054,Monsoon,Summer,11.78,14,75.7,65.41,33.42,38.21,278,2,Easy,false,false,false,57,4903,107,false,1,36,1151.8,6,6,10,Ganesh Chaturthi,Momos,34,true,8,41062352,false,3,2,false,22,1,false,false,March
DST2465,Place_1465,Rajasthan,North,Hill Station,Culture,Lucknow,Marathi,389041,Rajiv Gandhi International Airport,27866,Winter,Monsoon,4.7,5,49.62,68.25,39.13,30.31,483,5,Easy,false,true,true,13,2442,20,true,5,15,1830.4,2,1,5,Pongal,Idli,30,false,6,17420299,true,3,2,true,36,5,true,false,May
DST2466,Place_1466,Himachal Pradesh,West,Urban,Food,Hyderabad,Malayalam,802640,Cochin International Airport,1992,Monsoon,Monsoon,11.18,7,81.93,74.86,36.97,39.53,295,2,Moderate,false,true,true,28,4989,21,true,3,34.5,1209.2,7,9,10,Lohri,Chole Bhature,28,true,4,35704694,true,5,1,false,66,1,false,false,December
DST2467,Place_1467,Goa,Central,Hill Station,Food,Kolkata,Bengali,725927,Sardar Vallabhbhai Patel International Airport,24696,Summer,Winter,12.72,4,53.22,69.95,6.49,21.68,14,4,Easy,false,false,true,24,5902,147,false,4,30.5,704.1,1,3,4,Lohri,Pav Bhaji,38,false,9,32291191,true,1,1,true,23,2,false,true,March
DST2468,Place_1468,Maharashtra,West,Beach,Food,Bengaluru,Bengali,211118,Chennai International Airport,38278,Winter,Winter,11.98,14,41.62,84.55,37.44,28.94,114,3,Difficult,true,false,true,94,1550,63,false,1,15,1921.4,9,5,1,Diwali,Chole Bhature,12,true,9,17781428,false,4,4,true,61,3,true,false,January
DST2469,Place_1469,Maharashtra,East,Hill Station,Food,Goa,Tamil,419464,Cochin International Airport,34161,Monsoon,Winter,4.84,10,81.03,78.82,33.79,58.63,463,2,Easy,false,false,true,73,3761,43,true,1,36.2,1846.5,2,7,8,Bihu,Kebabs,85,false,5,49827447,true,4,4,true,72,5,false,true,December
DST2470,Place_1470,Goa,East,Wildlife,Temples,Jaipur,Bengali,827952,Raja Bhoj Airport,9005,Summer,Winter,6.62,3,63.31,88.78,35.37,56.83,492,5,Moderate,false,true,true,31,8970,167,true,3,38,2926.4,3,2,7,Onam,Chole Bhature,64,false,9,4447711,true,3,5,false,89,1,true,true,January
DST2471,Place_1471,Assam,Central,Hill Station,Wildlife,Pune,Malayalam,587702,Sardar Vallabhbhai Patel International Airport,30400,Monsoon,Monsoon,6.79,8,69.98,85.36,37.02,53.22,56,5,Easy,true,true,false,96,6380,152,true,4,18,1727.1,6,4,4,Durga Puja,Momos,60,false,4,41824956,true,3,1,true,82,5,false,false,March
DST2472,Place_1472,Tamil Nadu,North,Wildlife,Culture,Kolkata,Tamil,954721,Chaudhary Charan Singh International Airport,17741,Summer,Summer,7.88,7,56.81,64.48,22.09,48.96,366,5,Difficult,true,false,false,44,1823,145,false,5,14.5,2635.5,7,6,4,Durga Puja,Sarson da Saag,99,false,5,20265560,true,4,1,false,18,4,true,false,January
DST2473,Place_1473,Himachal Pradesh,North,Hill Station,Wildlife,Hyderabad,Bengali,656229,Raja Bhoj Airport,18565,Monsoon,Summer,3.34,3,42.3,64.32,12.39,17.83,141,1,Difficult,false,false,false,75,2106,109,true,4,39,2852.7,1,1,5,Bihu,Chole Bhature,48,true,5,33874074,true,1,2,true,48,1,true,false,May
DST2474,Place_1474,Kerala,Northeast,Hill Station,Temples,Ahmedabad,Hindi,855036,Sardar Vallabhbhai Patel International Airport,40585,Winter,Winter,7.33,12,58.51,91.35,5.74,33.35,206,3,Moderate,false,true,true,87,3219,177,false,1,10.7,1360.9,3,6,1,Diwali,Dosa,40,true,7,47633367,true,1,2,false,16,5,true,true,March
DST2475,Place_1475,Rajasthan,Northeast,Urban,Temples,Guwahati,Hindi,245306,Rajiv Gandhi International Airport,35833,Winter,Monsoon,8.15,4,65.91,88.68,5.82,46.4,139,5,Moderate,true,false,true,58,1361,31,true,3,38.5,253.4,6,5,4,Pongal,Momos,81,false,7,14808524,true,3,5,true,66,3,false,false,August
DST2476,Place_1476,Kerala,South,Beach,Temples,Indore,Hindi,699460,Indira Gandhi International Airport,13094,Winter,Winter,8.44,7,40.58,76.38,27.49,23.09,106,4,Easy,false,false,false,90,7417,14,true,2,16.5,516.1,4,2,5,Onam,Vada Pav,44,false,2,16030364,true,1,2,false,64,2,true,true,December
DST2477,Place_1477,Goa,Central,Beach,Temples,Goa,Hindi,103376,Pune Airport,32280,Winter,Winter,12.48,11,68.71,64.56,16.8,11.65,372,5,Easy,false,false,false,86,5595,29,false,3,23.1,1561.5,5,6,8,Eid,Rogan Josh,78,true,9,26540765,true,4,2,false,16,3,true,true,May
DST2478,Place_1478,Maharashtra,West,Heritage,Food,Bengaluru,Hindi,392927,Indira Gandhi International Airport,47647,Winter,Monsoon,8.24,5,84.65,91.45,22.36,30.9,290,1,Moderate,false,false,true,19,8620,127,false,5,19.3,2689.6,3,5,1,Navratri,Dosa,36,true,2,22548550,true,3,4,true,92,4,true,false,May
DST2479,Place_1479,Assam,Central,Urban,Wildlife,Lucknow,Tamil,534465,Jaipur International Airport,45378,Monsoon,Summer,4.23,2,50.89,68.07,9.6,31.26,408,3,Difficult,true,true,false,55,3957,58,true,5,14.6,1997,8,1,4,Ganesh Chaturthi,Biryani,35,true,4,24390854,true,2,5,false,89,1,true,false,May
DST2480,Place_1480,Maharashtra,South,Urban,Scenery,Indore,Marathi,405169,Chennai International Airport,20513,Monsoon,Summer,10.28,2,86.34,61.24,39.14,13.26,77,2,Easy,true,true,true,73,8086,128,false,1,20.6,684.3,1,6,10,Navratri,Vada Pav,36,false,3,46135458,false,3,4,true,25,4,true,false,March
DST2481,Place_1481,Rajasthan,Northeast,Beach,Culture,Pune,Marathi,640735,Jaipur International Airport,1154,Monsoon,Winter,12.16,4,44.88,92.35,9.55,26.03,1,3,Moderate,false,false,true,44,7337,189,true,3,26.2,2133,10,7,10,Lohri,Pav Bhaji,22,true,7,24691973,true,5,5,true,56,2,true,false,August
DST2482,Place_1482,Maharashtra,Central,Urban,Temples,Mumbai,Tamil,316937,Devi Ahilya Bai Holkar Airport,31262,Monsoon,Monsoon,5.47,9,81.27,88.31,20.57,55.87,273,2,Moderate,true,true,true,73,1463,156,false,2,12.8,2693.2,7,9,7,Durga Puja,Idli,32,true,5,43959674,false,1,4,true,72,1,false,true,August
DST2483,Place_1483,Maharashtra,Central,Beach,Wildlife,Bengaluru,Tamil,641001,Jaipur International Airport,29134,Winter,Summer,10.03,12,82.02,84.27,20.52,22.51,34,2,Difficult,true,true,true,47,2378,151,false,3,34.3,187.7,2,2,5,Navratri,Chole Bhature,74,false,2,17547348,false,1,4,true,88,1,false,true,August
DST2484,Place_1484,Rajasthan,Northeast,Urban,Temples,Goa,Malayalam,891290,Raja Bhoj Airport,43514,Summer,Summer,3.06,5,52.89,61.19,5.3,38.46,264,5,Moderate,true,false,false,68,8507,16,false,5,34,804.2,8,6,1,Diwali,Rogan Josh,88,true,3,26736721,true,4,5,true,42,2,true,false,March
DST2485,Place_1485,Himachal Pradesh,South,Hill Station,Temples,Chennai,Marathi,806475,Pune Airport,9678,Winter,Monsoon,5.79,12,87.89,78.5,28.37,34.39,394,4,Easy,false,true,false,11,6549,194,true,3,33.9,544.2,3,6,7,Onam,Pav Bhaji,86,false,4,7378543,false,3,2,false,30,4,true,true,January
DST2486,Place_1486,Himachal Pradesh,Northeast,Beach,Temples,Chennai,Hindi,159834,Pune Airport,7294,Monsoon,Monsoon,13.73,2,60.83,82.88,23.84,53.11,217,4,Easy,true,false,false,6,8824,89,true,1,30.6,2373.9,4,1,1,Durga Puja,Vada Pav,78,false,7,22119068,false,4,3,true,48,3,true,true,May
DST2487,Place_1487,Rajasthan,North,Beach,Temples,Lucknow,Tamil,706348,Rajiv Gandhi International Airport,10574,Winter,Summer,13.76,9,47.06,86.58,22.41,42.68,66,5,Moderate,true,false,false,34,8635,19,true,5,23.7,2685.3,2,8,2,Durga Puja,Chole Bhature,99,false,6,13206105,true,3,1,true,38,2,true,false,May
DST2488,Place_1488,Assam,West,Wildlife,Temples,Bhopal,Hindi,867283,Raja Bhoj Airport,36183,Winter,Winter,9.05,11,69.59,76.49,33.63,17.92,68,1,Moderate,true,true,true,79,2795,116,true,3,35,1708.2,5,5,8,Holi,Biryani,80,false,7,10251878,true,3,5,false,25,5,true,false,January
DST2489,Place_1489,Goa,Northeast,Urban,Culture,Delhi,Marathi,557199,Rajiv Gandhi International Airport,49747,Winter,Winter,10.83,7,89.83,93.37,13.44,17.14,223,2,Difficult,false,false,false,56,1794,159,false,3,35.6,2559.8,9,2,9,Lohri,Rogan Josh,31,true,7,44663037,true,2,3,true,54,3,false,true,December
DST2490,Place_1490,Maharashtra,South,Urban,Wildlife,Lucknow,Bengali,512073,Raja Bhoj Airport,2070,Summer,Summer,12.96,2,84.96,68.57,35.14,37.87,360,4,Difficult,true,true,false,37,4067,142,false,1,18.6,2005.1,4,5,8,Eid,Dosa,82,true,2,19526655,false,1,4,true,96,1,true,true,March
DST2491,Place_1491,Assam,East,Beach,Temples,Pune,Bengali,990330,Indira Gandhi International Airport,19638,Winter,Winter,14.42,13,53.93,62.44,35.27,12.32,457,3,Moderate,false,false,true,13,1724,33,true,1,24.4,2004.4,7,4,8,Durga Puja,Vada Pav,10,false,8,6098353,false,5,2,true,80,2,true,false,August
DST2492,Place_1492,Maharashtra,North,Hill Station,Temples,Chennai,Tamil,988639,Rajiv Gandhi International Airport,48553,Winter,Winter,7.86,11,68.85,71.65,33.94,29.68,293,1,Easy,true,false,true,15,2232,152,false,3,16.1,1781.2,8,7,6,Lohri,Dosa,24,true,5,13321260,false,5,4,false,41,2,true,true,March
DST2493,Place_1493,Goa,East,Hill Station,Temples,Ahmedabad,Malayalam,297057,Rajiv Gandhi International Airport,27082,Summer,Monsoon,8.86,11,45.77,83.16,16.95,29.95,325,5,Difficult,false,false,false,80,8518,97,true,2,17.7,245.1,10,10,7,Holi,Chole Bhature,62,true,8,25940989,true,1,5,true,52,5,true,false,December
DST2494,Place_1494,Himachal Pradesh,Northeast,Hill Station,Temples,Indore,Hindi,552385,Netaji Subhas Chandra Bose International Airport,17306,Winter,Monsoon,6.82,7,63.09,85.8,10.69,19.82,202,1,Moderate,true,true,true,14,1539,163,false,5,17.2,2817.2,1,8,4,Durga Puja,Dosa,76,false,2,16973859,true,4,3,true,39,4,true,false,January
DST2495,Place_1495,Assam,North,Urban,Food,Ahmedabad,Tamil,186366,Kempegowda International Airport,43835,Winter,Monsoon,2.01,2,66.15,85.85,21.63,25.05,80,4,Difficult,true,false,true,58,7999,64,true,3,34.8,1131.7,6,1,5,Durga Puja,Vada Pav,79,true,5,6894811,false,5,4,true,19,5,false,false,October
DST2496,Place_1496,Tamil Nadu,West,Wildlife,Food,Bhopal,Malayalam,252150,Indira Gandhi International Airport,8807,Winter,Winter,6.92,11,55.76,63.87,14.09,26.5,442,5,Difficult,false,true,true,79,1108,107,false,1,17.5,2427.5,5,1,2,Lohri,Pav Bhaji,14,true,7,47667658,false,2,2,true,24,5,false,false,October
DST2497,Place_1497,Tamil Nadu,Northeast,Beach,Scenery,Chennai,Hindi,887301,Devi Ahilya Bai Holkar Airport,24224,Winter,Monsoon,12.07,11,64.21,90.98,6.83,10.59,65,4,Difficult,false,false,true,24,3071,155,true,5,26.4,2449,10,8,10,Eid,Dosa,77,true,7,15332683,true,2,5,true,22,4,true,true,January
DST2498,Place_1498,Tamil Nadu,West,Heritage,Temples,Pune,Marathi,424768,Pune Airport,33143,Winter,Monsoon,12.27,4,86,69.83,14.78,50.29,296,2,Difficult,true,false,true,9,5594,180,false,1,28.8,2900.7,10,4,4,Onam,Dosa,65,false,2,49551127,false,2,5,true,67,1,true,false,January
DST2499,Place_1499,Himachal Pradesh,Central,Wildlife,Scenery,Jaipur,Bengali,271147,Indira Gandhi International Airport,25766,Monsoon,Summer,13.49,3,65.01,67.35,21.42,57.87,279,1,Difficult,false,false,true,28,3419,143,false,5,32.3,1047.4,1,8,7,Eid,Dosa,34,true,4,47185444,true,5,4,false,95,2,true,true,August
DST2500,Place_1500,Himachal Pradesh,East,Heritage,Culture,Hyderabad,Malayalam,193676,Pune Airport,25715,Winter,Monsoon,1.72,5,81.55,81.51,8.95,24.46,433,2,Difficult,true,false,true,36,2188,182,true,3,10.9,2992.5,9,7,4,Lohri,Sarson da Saag,84,true,4,28364279,false,2,2,true,32,3,false,true,May
DST2501,Place_1501,Goa,North,Wildlife,Scenery,Hyderabad,Hindi,627947,Sardar Vallabhbhai Patel International Airport,8398,Summer,Summer,8.38,3,55.87,67.41,38.05,15.6,260,3,Easy,false,false,true,35,7540,34,true,4,24.3,971.7,10,9,6,Durga Puja,Idli,71,false,8,38804528,true,2,5,true,62,1,false,true,December
DST2502,Place_1502,Maharashtra,West,Hill Station,Wildlife,Pune,Tamil,529586,Kempegowda International Airport,13202,Winter,Winter,2.5,12,88.57,77.78,27.96,57.68,276,2,Difficult,true,true,false,48,8594,153,false,4,18.8,1409,7,7,8,Eid,Vada Pav,52,true,9,32188223,true,4,5,false,43,1,true,true,August
DST2503,Place_1503,Goa,South,Urban,Food,Mumbai,Hindi,993320,Netaji Subhas Chandra Bose International Airport,28987,Monsoon,Monsoon,3.81,14,44.67,74.25,9.77,47.03,5,1,Moderate,false,false,false,82,8240,192,false,5,35,2148.1,1,4,5,Ganesh Chaturthi,Kebabs,23,false,4,41283319,true,1,4,true,79,1,true,false,May
DST2504,Place_1504,Goa,West,Heritage,Food,Indore,Tamil,682473,Netaji Subhas Chandra Bose International Airport,36740,Summer,Summer,13.6,6,69.28,68.12,33.42,54.56,131,3,Moderate,true,false,true,23,9241,193,true,1,11.1,549.5,2,5,8,Holi,Biryani,98,false,4,37455300,false,5,3,true,54,3,false,false,August
DST2505,Place_1505,Himachal Pradesh,South,Wildlife,Temples,Hyderabad,Bengali,741424,Chaudhary Charan Singh International Airport,12312,Summer,Summer,7.96,5,79.49,70.22,37.48,28.04,264,4,Difficult,true,true,false,28,4694,38,true,1,16.2,872.5,4,7,4,Durga Puja,Pav Bhaji,61,false,4,26814646,false,1,1,false,41,2,false,true,March
DST2506,Place_1506,Tamil Nadu,Northeast,Urban,Temples,Kolkata,Bengali,573137,Raja Bhoj Airport,21354,Winter,Summer,11.62,7,80.7,74.96,14.2,34.2,324,3,Difficult,false,false,true,16,1070,73,false,1,19.5,2211.5,10,2,2,Bihu,Idli,36,false,5,28131682,false,2,2,false,62,1,true,true,May
DST2507,Place_1507,Kerala,North,Heritage,Culture,Guwahati,Hindi,274823,Chennai International Airport,14627,Monsoon,Winter,1.9,8,49.91,72.12,10.01,56.51,67,1,Moderate,false,true,true,54,9683,138,true,3,12.3,2925.7,9,3,9,Bihu,Idli,61,true,8,15870396,false,4,5,true,85,5,true,false,August
DST2508,Place_1508,Maharashtra,West,Beach,Culture,Hyderabad,Hindi,949190,Lokpriya Gopinath Bordoloi International Airport,35113,Winter,Monsoon,6.84,13,60.08,73.36,16.29,32.98,125,5,Difficult,true,true,false,89,1473,133,true,5,21.9,2225.1,2,3,2,Bihu,Momos,10,false,5,27251404,false,1,5,false,40,3,true,false,January
DST2509,Place_1509,Himachal Pradesh,West,Wildlife,Wildlife,Kolkata,Tamil,840233,Pune Airport,29758,Monsoon,Winter,10.44,3,71.21,85.74,34.13,43.6,392,3,Moderate,true,true,false,29,6320,182,false,3,32.3,2600.7,1,9,7,Eid,Vada Pav,55,true,9,25878450,true,3,5,false,53,4,true,false,August
DST2510,Place_1510,Tamil Nadu,North,Beach,Temples,Chennai,Tamil,236203,Devi Ahilya Bai Holkar Airport,41409,Monsoon,Summer,2.87,3,55.79,65.89,11.13,45.24,401,4,Moderate,true,true,true,55,9660,118,true,4,16.4,208.7,1,2,6,Navratri,Rogan Josh,14,false,6,14314476,true,5,3,false,88,2,false,false,December
DST2511,Place_1511,Assam,West,Hill Station,Temples,Bhopal,Malayalam,232430,Goa International Airport,29486,Winter,Winter,5.56,9,72.91,81.97,32.28,51.86,314,3,Easy,false,true,true,18,2460,35,false,4,32.6,1773.4,9,4,2,Navratri,Pav Bhaji,71,true,7,28889224,false,2,1,true,85,5,true,false,December
DST2512,Place_1512,Kerala,South,Beach,Culture,Jaipur,Malayalam,617086,Cochin International Airport,16099,Monsoon,Winter,1.9,14,58.94,83.74,30.07,58.76,170,2,Easy,true,true,true,76,5309,94,true,1,25.9,2750.9,1,8,3,Bihu,Idli,65,false,4,7306206,false,2,4,false,74,3,true,true,March
DST2513,Place_1513,Kerala,West,Beach,Culture,Lucknow,Malayalam,715438,Chennai International Airport,47153,Winter,Summer,10.12,14,57.54,88.07,27.8,26.74,335,5,Moderate,false,true,true,33,5242,59,true,1,20.3,2079,4,1,7,Navratri,Rogan Josh,73,false,3,17470486,true,3,2,true,34,3,true,false,December
DST2514,Place_1514,Himachal Pradesh,East,Wildlife,Culture,Jaipur,Hindi,550587,Sardar Vallabhbhai Patel International Airport,42412,Monsoon,Monsoon,14.59,10,45.4,89.66,20.17,22.37,449,1,Difficult,false,true,false,29,7525,164,true,5,21.1,2061.7,5,9,6,Diwali,Rogan Josh,30,false,5,39114170,false,2,3,false,19,4,true,true,December
DST2515,Place_1515,Rajasthan,Northeast,Hill Station,Food,Hyderabad,Malayalam,837667,Netaji Subhas Chandra Bose International Airport,2611,Summer,Monsoon,12.58,6,41.96,65.55,17.84,13.89,28,5,Moderate,false,true,false,91,2439,109,false,4,13.5,688.8,6,6,6,Lohri,Idli,75,false,5,47992015,true,1,5,false,42,3,false,true,January
DST2516,Place_1516,Maharashtra,Central,Beach,Scenery,Guwahati,Hindi,572355,Goa International Airport,32657,Winter,Winter,14.64,8,81.76,64.84,7.98,52.83,175,2,Moderate,false,true,false,63,2028,172,true,5,17.5,2597.3,6,4,7,Durga Puja,Idli,54,false,6,34447861,true,2,1,true,66,2,true,false,May
DST2517,Place_1517,Kerala,South,Urban,Scenery,Bhopal,Bengali,379360,Devi Ahilya Bai Holkar Airport,19462,Monsoon,Monsoon,12.84,14,64.48,81.52,17.51,24.63,306,5,Difficult,false,true,false,61,3897,89,false,4,31.9,2608.6,3,5,5,Durga Puja,Idli,69,false,5,24237587,false,1,1,false,51,5,true,false,January
DST2518,Place_1518,Himachal Pradesh,East,Heritage,Temples,Hyderabad,Marathi,927641,Sardar Vallabhbhai Patel International Airport,11773,Summer,Summer,12.97,13,68.14,86.49,26.06,12.48,425,2,Easy,false,true,true,16,6126,38,false,2,35.9,1880.6,7,7,1,Ganesh Chaturthi,Chole Bhature,27,false,2,48432948,false,1,1,false,61,3,true,true,August
DST2519,Place_1519,Himachal Pradesh,Northeast,Beach,Food,Cochin,Bengali,405131,Lokpriya Gopinath Bordoloi International Airport,24763,Summer,Monsoon,9.08,10,58.61,69.53,36.44,53.26,291,3,Moderate,false,false,false,54,1722,144,false,5,18,1337.2,8,8,5,Diwali,Pav Bhaji,24,true,7,47513710,true,5,4,false,72,4,true,true,March
DST2520,Place_1520,Tamil Nadu,North,Hill Station,Culture,Pune,Hindi,732312,Jaipur International Airport,39547,Summer,Winter,8.26,2,46.84,78.4,34.16,35.5,331,1,Easy,false,false,false,16,4400,71,true,2,27.7,2490.4,1,5,9,Ganesh Chaturthi,Sarson da Saag,55,false,5,30848711,false,5,2,true,24,2,false,false,August
DST2521,Place_1521,Assam,South,Beach,Temples,Lucknow,Hindi,609742,Kempegowda International Airport,43218,Summer,Summer,6.69,9,62.48,87.03,6.13,51.92,104,2,Difficult,true,false,false,86,4311,80,true,3,11,1448.5,9,7,2,Pongal,Rogan Josh,42,false,2,39619823,false,5,5,true,17,3,true,false,August
DST2522,Place_1522,Rajasthan,Central,Heritage,Food,Indore,Marathi,666608,Chaudhary Charan Singh International Airport,30063,Winter,Summer,12.45,11,51.45,86.86,9.86,37.72,44,2,Easy,true,true,true,52,3874,136,true,4,12.3,2485.6,6,3,10,Ganesh Chaturthi,Kebabs,20,false,9,26021136,false,5,3,false,47,1,false,true,October
DST2523,Place_1523,Maharashtra,Northeast,Hill Station,Wildlife,Hyderabad,Tamil,373445,Sardar Vallabhbhai Patel International Airport,40918,Monsoon,Summer,3.55,11,81.88,82.88,34.7,25.69,100,3,Difficult,false,true,true,54,3051,43,false,2,38.9,1506.3,1,2,3,Diwali,Rogan Josh,60,true,6,8149873,false,3,3,true,37,1,true,false,March
DST2524,Place_1524,Goa,Central,Wildlife,Food,Delhi,Tamil,306123,Lokpriya Gopinath Bordoloi International Airport,17737,Summer,Winter,1.79,10,89.34,62.76,37.88,16.49,225,2,Difficult,true,false,true,23,7249,185,false,3,36.9,1781.4,9,2,2,Bihu,Rogan Josh,38,false,2,42431186,false,3,3,false,81,4,true,false,December
DST2525,Place_1525,Assam,North,Hill Station,Temples,Guwahati,Tamil,323410,Chaudhary Charan Singh International Airport,46360,Monsoon,Winter,14.27,10,84.45,61.77,6.95,31.86,418,1,Easy,false,true,true,57,7690,142,false,5,12.4,2269.3,4,10,5,Diwali,Pav Bhaji,17,false,7,46180900,true,4,3,true,97,1,false,true,January
DST2526,Place_1526,Assam,North,Wildlife,Scenery,Guwahati,Malayalam,226560,Kempegowda International Airport,14861,Monsoon,Monsoon,1.05,11,66.41,73.6,29.54,11.33,103,4,Moderate,false,true,true,39,9151,126,false,2,34.7,868.5,9,3,5,Diwali,Vada Pav,74,true,8,19792812,false,1,5,true,11,1,false,true,October
DST2527,Place_1527,Tamil Nadu,South,Hill Station,Culture,Bhopal,Tamil,363035,Lokpriya Gopinath Bordoloi International Airport,43523,Monsoon,Winter,14.68,8,71.41,60.93,17.8,40.12,261,5,Moderate,false,false,false,31,7699,17,true,2,13.1,815.9,10,6,5,Pongal,Rogan Josh,39,true,3,7053463,true,4,2,false,12,2,false,true,December
DST2528,Place_1528,Kerala,West,Heritage,Wildlife,Indore,Malayalam,412601,Indira Gandhi International Airport,31284,Winter,Summer,11.2,13,87.41,91.65,17.75,31.38,252,2,Difficult,false,true,false,71,8446,52,false,3,34.9,2036.7,5,10,6,Pongal,Chole Bhature,62,false,9,39780612,true,3,5,true,34,2,true,true,December
DST2529,Place_1529,Kerala,North,Heritage,Food,Delhi,Malayalam,737677,Cochin International Airport,23428,Winter,Winter,5.6,13,66.93,60.71,27.49,17.08,164,5,Easy,false,false,false,81,9768,189,true,2,37.4,2866.3,6,1,3,Diwali,Chole Bhature,83,false,8,43079412,true,4,3,false,43,5,false,true,January
DST2530,Place_1530,Tamil Nadu,Northeast,Hill Station,Temples,Mumbai,Tamil,547651,Sardar Vallabhbhai Patel International Airport,1711,Summer,Winter,10.77,13,71.93,61.04,33.36,36.51,291,5,Easy,false,false,false,55,7487,83,false,3,14.6,1393.5,9,3,8,Holi,Vada Pav,15,true,5,5430629,true,1,2,true,45,5,false,false,January
DST2531,Place_1531,Himachal Pradesh,West,Beach,Temples,Chennai,Tamil,383076,Rajiv Gandhi International Airport,14706,Monsoon,Monsoon,12.45,13,71.46,65.79,14.62,50.05,211,4,Easy,false,true,true,23,9979,10,false,4,14.4,2704.8,6,3,3,Durga Puja,Biryani,54,false,3,1663608,true,5,4,false,90,5,true,false,May
DST2532,Place_1532,Kerala,East,Heritage,Culture,Indore,Marathi,366336,Chhatrapati Shivaji Maharaj International Airport,29078,Winter,Summer,4.44,11,75.41,81.95,29.69,58.74,143,2,Easy,false,true,true,47,8646,47,false,4,37.8,1602.7,1,2,2,Durga Puja,Idli,72,true,9,33811272,false,2,2,false,61,2,false,true,May
DST2533,Place_1533,Rajasthan,Central,Wildlife,Temples,Kolkata,Marathi,902560,Netaji Subhas Chandra Bose International Airport,11924,Winter,Monsoon,11.79,4,72.01,78.95,27.26,36.37,455,1,Difficult,false,true,true,39,2888,16,false,4,19,2924.4,1,1,9,Lohri,Biryani,10,true,4,12410264,false,3,4,false,28,2,false,false,March
DST2534,Place_1534,Maharashtra,West,Wildlife,Temples,Jaipur,Malayalam,122836,Goa International Airport,46841,Winter,Monsoon,12.26,14,73.54,83.08,23.11,16.48,235,2,Easy,true,false,true,19,9355,90,false,2,24.2,2396.9,2,1,6,Holi,Sarson da Saag,18,true,6,12535898,false,1,5,false,71,2,true,false,December
DST2535,Place_1535,Assam,Central,Urban,Culture,Chennai,Marathi,386981,Netaji Subhas Chandra Bose International Airport,16921,Summer,Monsoon,4.49,14,76.29,91.27,26.08,50.54,21,5,Easy,true,true,false,20,9593,193,true,2,19.1,2592.7,2,1,7,Durga Puja,Chole Bhature,59,false,6,16664300,true,2,4,true,61,1,false,false,March
DST2536,Place_1536,Assam,West,Wildlife,Wildlife,Guwahati,Malayalam,741316,Netaji Subhas Chandra Bose International Airport,26432,Winter,Summer,1.59,6,80.45,75.92,5.63,44.79,68,3,Moderate,true,true,true,73,3532,183,true,1,32.5,2070.9,6,8,1,Diwali,Vada Pav,61,true,5,4352564,true,3,4,false,92,5,false,false,August
DST2537,Place_1537,Rajasthan,East,Urban,Scenery,Kolkata,Hindi,225172,Indira Gandhi International Airport,18813,Monsoon,Monsoon,3.86,14,60.15,61.54,5.14,57.7,68,4,Difficult,true,true,false,75,9544,33,false,1,16.3,2618.6,10,6,3,Diwali,Sarson da Saag,64,true,7,3222095,true,1,2,true,39,1,true,true,March
DST2538,Place_1538,Kerala,North,Hill Station,Scenery,Kolkata,Malayalam,384922,Chhatrapati Shivaji Maharaj International Airport,40212,Winter,Summer,3.81,3,77.29,86.72,24.27,36.76,245,1,Easy,false,false,true,89,1672,44,true,3,24.8,1819.1,10,9,7,Diwali,Rogan Josh,25,false,8,25965887,true,3,5,true,20,5,true,true,December
DST2539,Place_1539,Assam,East,Hill Station,Food,Bengaluru,Malayalam,143130,Kempegowda International Airport,44452,Winter,Monsoon,1.91,12,45.01,88.42,23.34,27.86,62,1,Easy,false,true,false,45,4153,51,true,2,35.5,1745.3,5,3,8,Diwali,Rogan Josh,12,true,5,7101810,true,1,2,true,18,4,false,false,March
DST2540,Place_1540,Goa,North,Hill Station,Wildlife,Cochin,Marathi,378852,Cochin International Airport,4420,Summer,Monsoon,11.16,11,83.81,61.75,7.5,58.14,236,5,Difficult,false,true,true,58,1264,53,false,3,38.3,2633.8,7,7,2,Onam,Sarson da Saag,51,false,6,19362140,false,3,1,true,29,1,true,false,December
DST2541,Place_1541,Maharashtra,North,Beach,Food,Hyderabad,Hindi,469625,Raja Bhoj Airport,3068,Monsoon,Summer,6.32,4,54.5,68.5,22.22,36.92,330,1,Difficult,true,false,false,69,2065,13,false,5,20.6,143.7,8,6,5,Diwali,Vada Pav,11,true,5,38587168,true,3,4,false,13,5,true,true,May
DST2542,Place_1542,Maharashtra,Central,Beach,Scenery,Mumbai,Bengali,255304,Indira Gandhi International Airport,40927,Winter,Winter,13.38,11,60.17,86.97,31.51,10.8,362,5,Moderate,true,true,false,93,8134,117,false,2,13.4,1488.5,10,9,5,Onam,Pav Bhaji,69,false,2,10830376,false,5,2,true,78,3,true,true,October
DST2543,Place_1543,Assam,Northeast,Urban,Culture,Hyderabad,Bengali,288338,Netaji Subhas Chandra Bose International Airport,5806,Monsoon,Monsoon,4.53,8,80.18,73.17,23.94,33.68,18,1,Difficult,true,true,false,34,1206,128,false,5,34.3,2623.2,10,9,9,Bihu,Pav Bhaji,81,false,9,36770624,true,1,5,false,62,4,false,false,May
DST2544,Place_1544,Tamil Nadu,East,Wildlife,Temples,Mumbai,Bengali,629070,Lokpriya Gopinath Bordoloi International Airport,40612,Monsoon,Winter,7.35,2,71.85,76.54,23.12,10.12,230,1,Easy,true,false,true,23,6763,86,false,2,13.3,668.8,10,9,3,Durga Puja,Vada Pav,27,false,7,8662693,true,4,2,true,86,1,false,true,March
DST2545,Place_1545,Assam,West,Wildlife,Scenery,Indore,Hindi,554412,Cochin International Airport,31539,Winter,Monsoon,9.95,4,55.43,88.81,30.13,46.89,464,5,Moderate,true,true,true,92,4501,33,false,4,33.4,2878.2,10,7,5,Durga Puja,Pav Bhaji,70,false,7,11050401,true,2,1,false,77,1,true,false,December
DST2546,Place_1546,Tamil Nadu,East,Hill Station,Wildlife,Chennai,Tamil,781675,Netaji Subhas Chandra Bose International Airport,12683,Summer,Winter,13.28,6,51.27,63.31,11.01,38.3,228,4,Easy,false,true,true,50,6862,80,false,3,30.7,2247.7,3,9,8,Pongal,Vada Pav,68,true,2,16284305,true,3,4,true,19,3,true,true,August
DST2547,Place_1547,Assam,Central,Heritage,Scenery,Goa,Hindi,372196,Lokpriya Gopinath Bordoloi International Airport,20615,Monsoon,Winter,8.34,12,87.89,83.7,21.01,15.49,357,1,Difficult,false,true,false,64,7215,156,true,1,27.3,2311,9,7,3,Eid,Dosa,12,true,7,27239613,false,5,1,false,75,2,true,false,August
DST2548,Place_1548,Goa,North,Beach,Wildlife,Goa,Marathi,905953,Chennai International Airport,36674,Winter,Winter,6.23,5,44.39,67.52,10.18,50.65,381,2,Difficult,false,false,false,83,9599,132,true,4,38.2,2029.9,1,9,6,Holi,Idli,15,true,9,41152006,false,4,1,false,64,3,true,false,August
DST2549,Place_1549,Himachal Pradesh,Central,Beach,Wildlife,Pune,Malayalam,824794,Chaudhary Charan Singh International Airport,21575,Monsoon,Winter,13.14,4,40.22,62.19,23.33,36.82,126,3,Difficult,true,false,false,28,3756,100,true,1,19.7,1397.7,3,2,9,Onam,Momos,22,true,2,20200501,true,3,4,true,19,2,false,true,May
DST2550,Place_1550,Maharashtra,South,Hill Station,Wildlife,Pune,Malayalam,313827,Chaudhary Charan Singh International Airport,20807,Monsoon,Winter,5.34,7,73.65,83.19,25.72,15.7,145,5,Moderate,false,false,false,40,9470,187,true,2,12.8,1436.8,2,2,10,Diwali,Sarson da Saag,24,true,6,16991245,false,1,1,true,56,1,false,false,August
DST2551,Place_1551,Assam,South,Beach,Food,Chennai,Marathi,431834,Chennai International Airport,21441,Monsoon,Summer,2.11,13,70.72,64.25,9.26,18,369,1,Easy,true,false,true,53,8274,155,true,5,39.4,2533.4,6,7,4,Eid,Dosa,95,false,6,26154947,false,2,4,true,75,2,false,true,March
DST2552,Place_1552,Goa,West,Hill Station,Culture,Bhopal,Marathi,659834,Jaipur International Airport,22578,Winter,Winter,7.23,7,76.88,86.15,7.64,51.11,328,4,Easy,false,true,false,63,2889,103,true,5,23.2,503.5,1,10,7,Ganesh Chaturthi,Momos,92,true,7,23780557,false,4,4,false,89,3,true,true,May
DST2553,Place_1553,Tamil Nadu,Central,Urban,Scenery,Lucknow,Malayalam,834705,Raja Bhoj Airport,12117,Monsoon,Summer,11.99,5,76.58,67.09,10.84,27.77,113,2,Moderate,true,false,true,18,8822,165,true,4,23,1614,8,6,8,Durga Puja,Rogan Josh,53,false,3,38132352,true,2,3,true,80,5,true,true,December
DST2554,Place_1554,Tamil Nadu,West,Wildlife,Culture,Delhi,Tamil,257044,Chennai International Airport,4665,Monsoon,Monsoon,1.43,10,83.16,61.7,25.52,51.05,242,5,Difficult,false,true,false,90,9242,166,true,1,12.7,998.8,10,6,6,Navratri,Chole Bhature,17,false,4,11786103,true,3,5,false,82,4,false,false,March
DST2555,Place_1555,Maharashtra,West,Heritage,Temples,Cochin,Tamil,729001,Lokpriya Gopinath Bordoloi International Airport,45390,Summer,Summer,9.2,12,86.11,63.48,11.64,13.48,144,2,Easy,true,true,true,43,6242,82,false,3,32.3,2954.5,10,5,1,Onam,Vada Pav,87,true,5,7049696,false,5,2,false,33,1,false,true,October
DST2556,Place_1556,Rajasthan,South,Wildlife,Scenery,Kolkata,Tamil,355628,Chaudhary Charan Singh International Airport,10348,Winter,Winter,9.32,7,78.75,89.44,14.63,22.19,40,3,Difficult,false,true,false,12,5526,112,false,3,31.6,110.7,3,1,6,Bihu,Sarson da Saag,96,true,8,2658055,false,4,2,false,82,4,false,false,March
DST2557,Place_1557,Assam,West,Wildlife,Culture,Mumbai,Marathi,726905,Netaji Subhas Chandra Bose International Airport,49266,Winter,Summer,14,10,51.61,72.98,29.59,48.23,160,4,Difficult,true,true,false,52,9515,112,true,3,14.4,284.7,6,7,4,Eid,Chole Bhature,34,true,6,3147674,false,3,5,false,55,3,true,false,October
DST2558,Place_1558,Kerala,South,Urban,Culture,Ahmedabad,Malayalam,122030,Goa International Airport,29783,Monsoon,Winter,5.01,14,63.17,70.58,13.69,42.09,467,5,Easy,false,false,true,84,5013,94,true,1,17,2905.4,2,2,3,Onam,Kebabs,42,true,9,6278073,true,3,1,false,17,4,false,false,October
DST2559,Place_1559,Tamil Nadu,North,Beach,Temples,Goa,Malayalam,617933,Rajiv Gandhi International Airport,8882,Summer,Summer,4.9,12,72.09,77.19,18.91,25.34,438,5,Difficult,false,true,true,85,6959,182,false,5,10.5,1677,5,8,3,Onam,Dosa,74,true,3,6881181,true,2,5,false,21,5,false,false,January
DST2560,Place_1560,Himachal Pradesh,Central,Heritage,Wildlife,Hyderabad,Malayalam,841001,Chaudhary Charan Singh International Airport,6289,Monsoon,Monsoon,7.17,11,66.97,82.15,37.51,56.8,337,1,Easy,false,false,false,73,2804,111,true,5,36.7,501.8,2,10,3,Bihu,Chole Bhature,74,true,8,30329797,false,5,4,false,11,5,false,true,January
DST2561,Place_1561,Himachal Pradesh,West,Beach,Scenery,Chennai,Hindi,189831,Raja Bhoj Airport,14910,Monsoon,Winter,6,11,47.94,61.3,33.87,20.55,407,2,Easy,true,false,false,45,8845,144,true,4,17.3,1401.1,7,7,1,Navratri,Biryani,26,true,4,5697984,false,4,4,false,18,5,false,true,March
DST2562,Place_1562,Tamil Nadu,South,Wildlife,Scenery,Kolkata,Hindi,177400,Raja Bhoj Airport,41566,Winter,Winter,11.31,3,69.46,91.44,13.94,52.49,76,5,Moderate,true,false,false,39,2444,54,true,1,37.8,1035.7,5,2,10,Ganesh Chaturthi,Idli,91,false,2,40707144,false,2,2,true,80,3,true,false,October
DST2563,Place_1563,Rajasthan,East,Hill Station,Temples,Goa,Bengali,380199,Devi Ahilya Bai Holkar Airport,32983,Summer,Summer,9.98,7,84.33,93.55,25.92,44.79,167,2,Easy,false,true,true,68,2778,98,true,2,27.1,2742.5,8,2,10,Holi,Chole Bhature,61,true,5,9605750,false,2,3,true,38,5,true,false,May
DST2564,Place_1564,Rajasthan,West,Wildlife,Wildlife,Mumbai,Hindi,592436,Chhatrapati Shivaji Maharaj International Airport,37176,Monsoon,Summer,11.62,5,60.93,74.61,28.3,16.06,283,3,Moderate,false,false,true,57,3538,163,false,2,22.8,2094,6,10,1,Bihu,Dosa,98,false,9,46576223,true,3,1,false,93,1,true,false,May
DST2565,Place_1565,Goa,Northeast,Beach,Scenery,Jaipur,Tamil,842868,Rajiv Gandhi International Airport,18545,Winter,Summer,12.48,3,73.45,74.44,36.51,37.76,109,1,Difficult,false,true,true,58,8803,79,true,3,10.2,478.5,8,8,2,Diwali,Rogan Josh,24,true,6,4066720,false,3,5,false,32,5,false,true,August
DST2566,Place_1566,Himachal Pradesh,North,Wildlife,Scenery,Lucknow,Tamil,699149,Indira Gandhi International Airport,31289,Monsoon,Summer,13.92,6,70.8,90.75,24.16,56.5,194,3,Moderate,true,true,true,41,6336,58,true,5,12.8,1655.7,9,5,5,Lohri,Biryani,60,false,3,25968953,true,3,4,false,98,3,false,true,August
DST2567,Place_1567,Goa,North,Hill Station,Scenery,Hyderabad,Tamil,478668,Chaudhary Charan Singh International Airport,47727,Monsoon,Summer,7.03,4,58.85,75.03,24.65,40.94,227,1,Difficult,true,false,true,56,7120,128,false,5,14.8,489.9,7,8,7,Eid,Dosa,71,false,9,19893329,false,1,4,false,88,5,true,true,May
DST2568,Place_1568,Himachal Pradesh,East,Urban,Wildlife,Pune,Tamil,478970,Kempegowda International Airport,5090,Summer,Winter,14.79,7,68.26,89.97,36.1,36.44,458,1,Moderate,false,true,false,22,6529,93,false,1,13.2,2029.2,1,1,5,Durga Puja,Idli,69,false,8,26914148,true,4,3,false,42,4,false,false,January
DST2569,Place_1569,Assam,South,Beach,Temples,Chennai,Bengali,923207,Sardar Vallabhbhai Patel International Airport,44801,Summer,Monsoon,4.02,12,50.51,60.99,6.9,28.32,166,2,Difficult,false,false,false,25,6631,155,true,1,17.7,2209,9,9,3,Ganesh Chaturthi,Chole Bhature,65,true,2,12955390,true,4,4,true,25,5,true,false,October
DST2570,Place_1570,Assam,West,Wildlife,Scenery,Goa,Tamil,448053,Sardar Vallabhbhai Patel International Airport,16362,Summer,Summer,11,9,67.31,77.14,26.98,49.44,20,1,Easy,true,true,true,46,8357,49,false,4,14.6,1730.3,9,8,5,Bihu,Momos,39,false,4,13474500,false,5,5,true,18,3,false,true,March
DST2571,Place_1571,Kerala,South,Beach,Culture,Pune,Marathi,922685,Chhatrapati Shivaji Maharaj International Airport,23074,Monsoon,Winter,8.48,5,79.94,93.34,19.58,55.65,164,3,Moderate,true,true,false,69,6940,27,false,1,29.9,2901.3,10,6,6,Ganesh Chaturthi,Kebabs,82,false,7,7978871,true,1,2,true,83,4,true,false,May
DST2572,Place_1572,Assam,North,Urban,Wildlife,Indore,Marathi,317789,Pune Airport,31835,Summer,Monsoon,12.44,13,77.95,68.85,36.84,47.67,129,3,Easy,true,true,true,85,2329,56,true,4,18.9,2838.6,2,8,4,Bihu,Chole Bhature,98,true,3,30768128,false,5,2,false,45,2,true,true,May
DST2573,Place_1573,Kerala,South,Wildlife,Food,Mumbai,Marathi,356072,Sardar Vallabhbhai Patel International Airport,14783,Winter,Monsoon,7.67,5,57.9,69.32,38.62,46.26,261,3,Easy,false,true,true,12,5202,10,false,3,31.5,697.2,2,1,4,Onam,Dosa,43,false,9,47237893,true,5,1,true,64,1,false,true,January
DST2574,Place_1574,Assam,North,Wildlife,Temples,Pune,Hindi,676172,Chhatrapati Shivaji Maharaj International Airport,45162,Monsoon,Summer,11.98,6,45.6,82.05,10.96,19.62,51,2,Difficult,true,false,true,97,6788,170,false,3,14.1,101,7,8,1,Bihu,Idli,49,false,4,9135047,true,1,5,true,41,5,true,false,August
DST2575,Place_1575,Maharashtra,South,Beach,Culture,Goa,Malayalam,176497,Pune Airport,36749,Summer,Winter,14.02,7,80,92.42,14.85,51.7,260,2,Difficult,true,false,true,88,2248,48,true,5,16.3,2022,5,1,7,Diwali,Kebabs,20,true,7,36060356,true,1,4,true,56,3,true,true,October
DST2576,Place_1576,Assam,East,Beach,Scenery,Guwahati,Bengali,904137,Raja Bhoj Airport,41833,Monsoon,Winter,11.25,12,53.25,66.96,14.57,12.03,174,4,Difficult,false,false,true,43,1059,121,false,5,33.6,1479.4,5,4,8,Eid,Chole Bhature,88,true,6,9972059,false,1,4,true,23,1,false,false,March
DST2577,Place_1577,Goa,Central,Hill Station,Food,Goa,Marathi,275748,Raja Bhoj Airport,4554,Monsoon,Winter,11.87,8,42.65,92.26,8.52,47.87,298,5,Difficult,true,true,false,65,7515,32,true,5,29,1070.5,1,10,4,Navratri,Idli,38,true,7,14817294,true,5,5,false,44,4,false,false,January
DST2578,Place_1578,Tamil Nadu,East,Urban,Temples,Hyderabad,Marathi,332730,Indira Gandhi International Airport,46347,Winter,Winter,1.94,7,62.26,83.21,21.9,20.54,95,4,Moderate,true,true,false,64,4213,23,true,2,12.9,2759,6,3,6,Eid,Dosa,20,true,3,27974011,false,4,2,true,23,3,true,true,December
DST2579,Place_1579,Goa,East,Hill Station,Wildlife,Delhi,Tamil,453784,Pune Airport,19773,Winter,Winter,3.87,8,76.97,94.76,22.96,34.36,356,4,Easy,false,true,false,73,1117,181,true,4,38.8,2937.7,8,3,6,Navratri,Chole Bhature,10,true,5,14288539,false,5,4,false,10,5,false,false,August
DST2580,Place_1580,Tamil Nadu,Central,Wildlife,Food,Goa,Marathi,310117,Kempegowda International Airport,9158,Winter,Monsoon,14.64,10,80.42,85.78,25.05,44.76,369,1,Difficult,true,false,false,63,7823,46,true,3,32.9,2798.7,4,10,1,Durga Puja,Biryani,90,true,2,41223063,true,2,4,true,60,5,true,false,March
DST2581,Place_1581,Rajasthan,Central,Beach,Food,Kolkata,Tamil,107101,Chaudhary Charan Singh International Airport,2014,Monsoon,Monsoon,10.7,5,89.11,83.37,28.2,47.95,39,1,Easy,false,false,true,14,8359,80,false,4,26.6,1550.6,3,9,10,Pongal,Idli,84,false,3,29104793,true,3,5,true,97,2,false,false,March
DST2582,Place_1582,Goa,West,Wildlife,Culture,Delhi,Tamil,424639,Sardar Vallabhbhai Patel International Airport,47295,Monsoon,Monsoon,8.86,11,49.47,88.52,7.2,54.4,394,4,Moderate,false,false,false,67,1285,85,false,2,20.3,2139.7,10,8,4,Pongal,Sarson da Saag,38,false,8,16579718,true,4,1,false,85,1,true,true,January
DST2583,Place_1583,Rajasthan,West,Wildlife,Temples,Chennai,Malayalam,497959,Lokpriya Gopinath Bordoloi International Airport,31331,Winter,Winter,6.14,2,54.69,66.13,26.79,24.13,208,5,Difficult,false,false,false,74,9210,174,false,2,12.8,597.6,10,10,6,Durga Puja,Dosa,72,true,6,2878578,false,2,5,false,57,5,true,false,March
DST2584,Place_1584,Kerala,East,Heritage,Culture,Delhi,Hindi,633239,Netaji Subhas Chandra Bose International Airport,46640,Monsoon,Monsoon,1.62,10,70.47,93.11,36.98,21.22,141,4,Moderate,false,false,true,11,2005,165,false,3,20.7,2857.5,1,8,9,Bihu,Pav Bhaji,85,true,6,24072182,false,4,4,true,67,4,false,true,August
DST2585,Place_1585,Kerala,East,Heritage,Culture,Bengaluru,Tamil,762374,Chennai International Airport,47969,Winter,Monsoon,6.17,8,80.57,65.8,20.92,59.81,257,2,Moderate,true,true,false,39,7745,132,true,3,19.7,922.7,4,7,4,Ganesh Chaturthi,Sarson da Saag,68,false,4,27465599,true,2,5,false,50,4,false,false,May
DST2586,Place_1586,Maharashtra,North,Wildlife,Scenery,Goa,Tamil,660468,Devi Ahilya Bai Holkar Airport,43986,Winter,Summer,7.98,5,51.7,60.9,8.73,20.38,166,3,Easy,false,false,false,95,4693,16,false,5,12.4,658.9,2,8,9,Durga Puja,Kebabs,45,false,4,16777694,true,3,5,true,82,4,false,false,August
DST2587,Place_1587,Assam,North,Beach,Wildlife,Kolkata,Malayalam,943409,Goa International Airport,37481,Summer,Monsoon,3.96,11,60.5,84.42,8.01,43.27,190,4,Easy,true,true,false,46,6689,118,true,2,33.5,274.5,5,8,4,Ganesh Chaturthi,Momos,24,false,5,24710278,false,3,1,true,22,4,false,false,January
DST2588,Place_1588,Goa,West,Wildlife,Food,Mumbai,Tamil,347117,Chaudhary Charan Singh International Airport,8585,Winter,Summer,3.42,9,60.42,66.46,14.86,57.64,318,1,Moderate,true,false,false,89,6109,130,true,5,22.5,1696.1,10,10,7,Navratri,Kebabs,82,false,6,10120306,true,4,2,true,66,1,false,false,March
DST2589,Place_1589,Rajasthan,Northeast,Heritage,Temples,Kolkata,Bengali,290606,Raja Bhoj Airport,5122,Summer,Winter,8.12,13,78.65,86.56,31.34,54.83,118,5,Moderate,true,true,true,92,5211,189,true,3,36.7,2850.5,1,6,7,Pongal,Vada Pav,98,true,8,44139906,false,5,5,false,35,2,true,false,May
DST2590,Place_1590,Tamil Nadu,Northeast,Beach,Wildlife,Bengaluru,Hindi,687497,Goa International Airport,43660,Winter,Winter,9.2,8,52.05,87.83,14.13,32.16,145,1,Difficult,true,true,true,33,8207,154,false,2,14.7,493.2,9,8,8,Ganesh Chaturthi,Momos,69,false,6,30278225,true,2,5,true,24,2,false,false,October
DST2591,Place_1591,Kerala,West,Wildlife,Wildlife,Ahmedabad,Bengali,873529,Indira Gandhi International Airport,17838,Monsoon,Winter,4.36,13,88.44,68.28,33.5,41.88,480,2,Easy,false,false,false,31,9312,199,false,2,19.5,450.4,9,2,7,Lohri,Kebabs,24,true,6,25795764,false,3,1,false,89,3,false,false,August
DST2592,Place_1592,Assam,North,Urban,Temples,Delhi,Marathi,797268,Indira Gandhi International Airport,18301,Summer,Winter,9.22,3,65.52,63.04,33.69,36.45,349,1,Moderate,true,true,true,42,7507,174,true,1,18.4,890.5,5,7,6,Durga Puja,Chole Bhature,43,true,2,30873818,true,2,4,true,19,1,true,false,December
DST2593,Place_1593,Kerala,North,Urban,Wildlife,Bhopal,Hindi,622283,Lokpriya Gopinath Bordoloi International Airport,24107,Monsoon,Monsoon,13.6,2,54.1,77.53,21,27.33,334,1,Moderate,true,true,false,6,5766,23,false,2,36,2029.6,1,3,3,Eid,Idli,71,true,2,8900368,false,1,3,true,26,3,false,true,October
DST2594,Place_1594,Tamil Nadu,Northeast,Wildlife,Scenery,Kolkata,Marathi,470719,Cochin International Airport,23625,Monsoon,Summer,7.62,10,54.21,91.16,15.53,17.22,476,5,Easy,true,true,false,29,4470,188,false,5,25.2,1688.7,3,8,10,Holi,Dosa,25,false,6,23081227,true,5,3,true,19,5,true,true,December
DST2595,Place_1595,Assam,South,Beach,Wildlife,Pune,Tamil,937350,Devi Ahilya Bai Holkar Airport,38142,Winter,Winter,13,8,40.91,89.66,25.92,50.17,473,5,Moderate,false,true,false,70,3593,64,true,1,14.3,379,7,5,7,Pongal,Dosa,32,false,9,46524653,true,5,4,true,56,3,true,false,January
DST2596,Place_1596,Assam,South,Wildlife,Scenery,Indore,Malayalam,238235,Chhatrapati Shivaji Maharaj International Airport,1489,Winter,Winter,13.98,11,74.62,64.1,33.37,14.52,128,1,Difficult,true,true,true,42,6949,66,false,2,20.7,1382.7,5,5,6,Durga Puja,Chole Bhature,42,true,2,17678987,false,4,4,false,19,4,false,false,January
DST2597,Place_1597,Rajasthan,North,Wildlife,Food,Indore,Bengali,233542,Raja Bhoj Airport,1984,Monsoon,Summer,2.29,2,78.8,93.77,7.26,40.48,144,1,Moderate,true,true,true,63,7473,13,true,1,38.3,294.1,9,3,10,Eid,Pav Bhaji,41,false,6,42344651,true,2,4,false,70,2,false,false,October
DST2598,Place_1598,Rajasthan,South,Heritage,Food,Indore,Marathi,509759,Jaipur International Airport,18344,Winter,Summer,2.34,14,41.62,69.24,38.37,39.72,53,4,Moderate,true,true,false,86,6336,58,false,2,26.5,2570.5,4,1,8,Ganesh Chaturthi,Idli,25,true,9,20828026,false,2,2,false,44,2,true,false,December
DST2599,Place_1599,Goa,Central,Urban,Culture,Mumbai,Tamil,250348,Goa International Airport,35550,Winter,Summer,7.66,5,69.3,72.23,27.61,26.74,121,2,Easy,true,true,true,11,5263,90,false,4,11.1,410.6,5,2,4,Eid,Dosa,88,true,4,2779923,false,3,2,true,17,2,false,true,May
DST2600,Place_1600,Goa,West,Heritage,Scenery,Goa,Bengali,220014,Pune Airport,15959,Winter,Summer,9.23,6,79.08,65.22,18.94,16.77,123,4,Easy,false,true,true,53,3579,44,false,5,11.7,1466.8,3,2,7,Lohri,Chole Bhature,94,false,4,47263977,true,1,1,true,19,1,false,true,March
DST2601,Place_1601,Himachal Pradesh,West,Heritage,Food,Goa,Bengali,792241,Pune Airport,48310,Monsoon,Summer,6.96,6,58.81,73.22,22.71,49.98,166,5,Difficult,false,false,true,72,1198,119,true,5,17.1,1580.3,8,7,7,Eid,Momos,37,true,9,15467394,true,1,4,true,80,4,true,true,December
DST2602,Place_1602,Himachal Pradesh,North,Wildlife,Wildlife,Guwahati,Marathi,441094,Chhatrapati Shivaji Maharaj International Airport,39751,Summer,Monsoon,5.57,6,61.64,82.25,18.5,33.1,431,4,Moderate,false,false,true,45,9184,190,true,1,28.6,1637.4,3,2,3,Eid,Momos,23,false,8,13032286,true,2,5,false,74,3,false,false,October
DST2603,Place_1603,Maharashtra,East,Heritage,Temples,Jaipur,Tamil,107749,Chennai International Airport,2869,Summer,Summer,9.97,12,58.08,77.71,19.44,46.26,321,4,Difficult,false,true,false,78,1401,169,false,4,17.4,1866.5,6,7,8,Navratri,Chole Bhature,30,false,2,36110148,true,3,4,true,78,5,false,true,December
DST2604,Place_1604,Kerala,Northeast,Urban,Temples,Chennai,Malayalam,910614,Cochin International Airport,45264,Monsoon,Monsoon,1.03,4,55.78,88.96,25.85,10.82,142,1,Moderate,false,false,false,55,4801,111,false,1,35.5,2134.6,7,1,10,Bihu,Pav Bhaji,97,false,4,11328659,true,5,4,true,90,1,true,false,May
DST2605,Place_1605,Goa,North,Heritage,Scenery,Chennai,Marathi,439594,Netaji Subhas Chandra Bose International Airport,31268,Winter,Summer,14.55,6,64.56,82.45,7.11,13.73,21,1,Moderate,true,true,false,96,1016,130,true,1,28.9,112.6,2,2,2,Ganesh Chaturthi,Biryani,80,false,7,34829607,true,4,5,true,57,5,true,true,March
DST2606,Place_1606,Rajasthan,South,Urban,Culture,Guwahati,Bengali,704831,Devi Ahilya Bai Holkar Airport,20028,Winter,Summer,4.25,5,48.31,69.22,11.14,18.79,275,2,Easy,false,false,false,98,5649,19,true,3,19,189.7,7,7,3,Bihu,Biryani,40,false,4,4693230,true,5,1,true,29,1,true,true,October
DST2607,Place_1607,Tamil Nadu,Northeast,Heritage,Wildlife,Cochin,Bengali,720775,Indira Gandhi International Airport,40606,Summer,Winter,13.84,6,62.03,79.51,12.95,15.69,348,3,Difficult,false,false,false,28,4014,122,false,1,21.8,1873.5,3,7,1,Durga Puja,Idli,31,true,9,40792887,true,1,4,false,77,4,true,false,October
DST2608,Place_1608,Rajasthan,East,Urban,Scenery,Chennai,Hindi,472371,Chaudhary Charan Singh International Airport,14550,Monsoon,Winter,2.53,8,87.09,62.25,19.26,19.59,472,3,Moderate,true,false,true,40,2044,199,true,2,21.3,628.2,3,2,2,Holi,Momos,34,true,8,1803497,false,1,5,true,55,1,true,false,January
DST2609,Place_1609,Kerala,South,Heritage,Temples,Kolkata,Tamil,329216,Devi Ahilya Bai Holkar Airport,6702,Monsoon,Winter,4.33,6,41.37,80.33,17.99,44.32,426,4,Moderate,false,false,true,84,6540,11,true,3,19.4,2512.4,5,10,1,Diwali,Momos,55,false,8,42959168,true,2,3,true,45,5,true,false,January
DST2610,Place_1610,Himachal Pradesh,Central,Heritage,Scenery,Delhi,Hindi,618567,Chennai International Airport,14027,Winter,Winter,4.29,9,48.24,73.64,30.28,12.35,439,2,Easy,true,false,false,14,6230,72,false,3,28.9,1919.8,4,7,6,Ganesh Chaturthi,Rogan Josh,51,false,5,2821879,false,1,3,true,10,1,true,false,August
DST2611,Place_1611,Rajasthan,South,Beach,Wildlife,Kolkata,Malayalam,514599,Netaji Subhas Chandra Bose International Airport,45628,Winter,Winter,14.95,9,78.89,63.44,14.07,11.89,407,2,Easy,false,true,false,25,9831,129,true,1,16.1,2943.2,10,9,5,Bihu,Dosa,13,false,5,38576842,false,3,5,false,59,4,true,true,December
DST2612,Place_1612,Maharashtra,Central,Urban,Food,Bhopal,Marathi,965010,Jaipur International Airport,33743,Winter,Winter,1.06,4,46.6,70.76,7,11.58,481,5,Easy,true,true,false,31,9047,153,false,3,18.8,2211.2,7,8,6,Onam,Vada Pav,42,false,6,15431980,false,5,4,false,69,2,false,false,March
DST2613,Place_1613,Kerala,Northeast,Urban,Wildlife,Goa,Bengali,740546,Devi Ahilya Bai Holkar Airport,25459,Monsoon,Summer,9.95,6,53.56,91.43,6.94,44.88,298,1,Difficult,true,true,false,59,9649,25,false,5,12.6,363.1,3,6,3,Pongal,Chole Bhature,99,false,9,35485027,true,2,2,false,38,1,true,true,March
DST2614,Place_1614,Himachal Pradesh,Central,Urban,Food,Hyderabad,Tamil,780772,Chaudhary Charan Singh International Airport,23286,Summer,Summer,13.18,13,62.74,80.51,5.4,36.81,276,5,Difficult,false,true,true,89,8440,140,true,3,21.3,595.8,9,4,7,Navratri,Kebabs,63,false,3,44291258,true,3,2,true,29,5,true,true,March
DST2615,Place_1615,Tamil Nadu,Northeast,Hill Station,Food,Pune,Bengali,113181,Chhatrapati Shivaji Maharaj International Airport,7032,Monsoon,Winter,10.41,5,87.16,91.61,6.33,28.51,303,3,Moderate,true,true,true,95,1805,27,true,3,11.9,235,1,3,4,Diwali,Chole Bhature,38,true,3,39823230,false,3,4,false,38,5,false,false,December
DST2616,Place_1616,Himachal Pradesh,Northeast,Heritage,Food,Guwahati,Hindi,144898,Lokpriya Gopinath Bordoloi International Airport,2825,Monsoon,Winter,6.08,6,49.18,74.38,35.05,43.78,321,2,Difficult,false,true,false,9,4883,51,true,2,10.5,2249.4,2,8,1,Navratri,Chole Bhature,56,false,5,27922071,true,4,5,true,25,1,true,true,May
DST2617,Place_1617,Assam,Northeast,Urban,Scenery,Goa,Hindi,889837,Chaudhary Charan Singh International Airport,12554,Monsoon,Winter,14.42,9,86.15,94.26,29.4,37.68,114,3,Easy,false,false,false,90,8187,169,false,5,29.4,467.8,9,3,3,Lohri,Kebabs,79,false,7,28828158,true,1,1,false,89,4,true,true,October
DST2618,Place_1618,Maharashtra,Northeast,Hill Station,Temples,Jaipur,Marathi,589620,Kempegowda International Airport,49101,Summer,Summer,13.51,5,75.93,72.6,39.86,10.37,271,1,Easy,false,true,true,63,3628,133,false,3,14.9,2024.9,8,5,5,Ganesh Chaturthi,Pav Bhaji,92,true,6,40769486,true,1,2,true,49,3,false,true,August
DST2619,Place_1619,Kerala,Northeast,Beach,Scenery,Jaipur,Tamil,373006,Cochin International Airport,13470,Winter,Winter,7.08,6,73.56,86.49,5.71,51.93,167,1,Difficult,false,true,false,40,9518,59,true,2,11.1,1710.7,7,3,7,Onam,Chole Bhature,65,false,5,26611064,true,3,3,true,97,2,false,false,March
DST2620,Place_1620,Tamil Nadu,South,Urban,Temples,Pune,Tamil,285751,Jaipur International Airport,4770,Winter,Winter,9.03,8,76.18,70.69,34.72,27.51,276,1,Moderate,true,false,false,78,8386,186,false,5,12,1936.6,9,9,9,Pongal,Dosa,34,false,4,36709313,false,2,1,true,26,4,true,true,December
DST2621,Place_1621,Maharashtra,Northeast,Urban,Wildlife,Bengaluru,Marathi,390832,Devi Ahilya Bai Holkar Airport,28268,Monsoon,Summer,14.55,4,41.56,63.71,29.36,29.98,435,3,Moderate,true,false,false,38,7929,12,false,3,16,1575.1,5,7,5,Navratri,Momos,67,false,6,11125596,false,3,3,true,82,3,false,false,August
DST2622,Place_1622,Himachal Pradesh,South,Hill Station,Culture,Lucknow,Hindi,672305,Raja Bhoj Airport,1029,Monsoon,Summer,14.76,14,44.95,89.16,27.41,49.11,356,2,Moderate,true,false,false,56,2893,81,false,1,31.6,137.8,3,3,1,Durga Puja,Vada Pav,83,true,7,23014778,true,3,4,true,29,5,true,true,May
DST2623,Place_1623,Maharashtra,Northeast,Heritage,Wildlife,Goa,Hindi,589697,Chhatrapati Shivaji Maharaj International Airport,31083,Summer,Monsoon,7.3,7,56.74,86.69,17.48,19.35,263,5,Moderate,true,false,true,10,5360,125,false,3,10.4,834.3,2,10,5,Eid,Biryani,57,false,6,45409128,true,1,1,true,55,1,false,true,January
DST2624,Place_1624,Kerala,Central,Beach,Scenery,Goa,Hindi,375083,Chhatrapati Shivaji Maharaj International Airport,9958,Summer,Winter,12.86,10,43.7,88.72,18.19,10.5,249,2,Easy,true,true,false,18,1321,134,false,5,31.8,2666.4,6,7,1,Diwali,Rogan Josh,60,false,3,22065768,true,5,4,false,33,5,false,false,August
DST2625,Place_1625,Goa,Northeast,Urban,Scenery,Hyderabad,Bengali,867631,Chhatrapati Shivaji Maharaj International Airport,49270,Winter,Summer,5.23,12,89.38,70.49,34.59,55.44,461,2,Difficult,false,true,true,63,3363,136,false,3,27.9,2794.9,2,4,7,Diwali,Dosa,83,true,3,35603146,false,1,2,false,51,1,true,false,October
DST2626,Place_1626,Maharashtra,East,Heritage,Temples,Mumbai,Malayalam,466296,Sardar Vallabhbhai Patel International Airport,9806,Monsoon,Monsoon,6.21,5,69.02,84.63,29.97,35.27,365,4,Easy,true,false,true,61,5203,14,true,5,25.4,381.9,8,1,9,Eid,Pav Bhaji,89,false,3,9906999,false,4,4,false,94,2,true,true,May
DST2627,Place_1627,Assam,Northeast,Beach,Scenery,Jaipur,Hindi,401729,Lokpriya Gopinath Bordoloi International Airport,33162,Summer,Summer,3.31,5,64.37,67.7,28.46,27.48,438,2,Moderate,true,true,false,41,2828,194,false,1,37.3,2862.6,5,4,6,Bihu,Pav Bhaji,24,true,2,23568542,false,4,2,false,90,1,true,true,May
DST2628,Place_1628,Maharashtra,Northeast,Wildlife,Food,Chennai,Malayalam,478459,Chennai International Airport,10196,Summer,Monsoon,3.93,7,79.28,60.4,6.07,50.95,254,5,Moderate,true,true,false,62,6868,93,false,3,34.9,2044.5,2,10,4,Holi,Vada Pav,55,true,4,12740541,true,2,2,false,59,5,false,true,August
DST2629,Place_1629,Himachal Pradesh,Central,Wildlife,Scenery,Kolkata,Malayalam,204447,Netaji Subhas Chandra Bose International Airport,35889,Monsoon,Monsoon,10.2,7,88.85,90.33,11.45,11.31,341,4,Easy,true,true,false,87,4580,181,false,5,22.6,2775.4,6,8,6,Ganesh Chaturthi,Pav Bhaji,63,false,8,23622058,true,5,5,true,40,3,true,false,March
DST2630,Place_1630,Himachal Pradesh,West,Beach,Temples,Bengaluru,Tamil,868173,Lokpriya Gopinath Bordoloi International Airport,28702,Monsoon,Winter,8.15,4,87.76,78.32,38.69,20.11,465,2,Moderate,true,false,false,36,3588,162,true,2,10.2,1263.4,6,6,1,Pongal,Vada Pav,63,false,4,17234406,true,3,4,true,23,3,true,true,May
DST2631,Place_1631,Tamil Nadu,Central,Hill Station,Temples,Goa,Marathi,339434,Devi Ahilya Bai Holkar Airport,36777,Monsoon,Winter,4.24,2,79.65,94.43,20.9,17.76,57,4,Easy,false,false,true,24,7718,32,false,3,31.3,395.1,8,1,4,Ganesh Chaturthi,Idli,88,false,4,15698190,true,5,1,false,46,3,false,true,December
DST2632,Place_1632,Himachal Pradesh,East,Beach,Food,Lucknow,Bengali,778302,Raja Bhoj Airport,8739,Monsoon,Monsoon,6.64,4,58.86,73.48,32.35,46.89,4,2,Easy,true,false,false,89,2550,147,false,1,11.4,977.1,6,1,6,Navratri,Dosa,74,true,4,19578896,false,1,1,false,22,1,true,false,January
DST2633,Place_1633,Rajasthan,West,Beach,Temples,Pune,Malayalam,341147,Pune Airport,25599,Monsoon,Winter,6.22,9,43.3,93.49,18.63,25.6,425,1,Easy,false,true,false,83,1237,147,true,2,18.3,2100.1,3,4,2,Navratri,Biryani,71,true,7,11341507,false,1,5,true,94,4,false,false,May
DST2634,Place_1634,Kerala,North,Hill Station,Culture,Indore,Bengali,498488,Raja Bhoj Airport,37827,Monsoon,Summer,14.82,9,44.92,81.53,31.75,48.65,110,1,Easy,false,false,true,85,1120,170,false,3,24.8,2406.1,8,6,3,Pongal,Sarson da Saag,79,true,4,22668595,false,3,4,false,52,5,true,false,December
DST2635,Place_1635,Kerala,North,Hill Station,Wildlife,Ahmedabad,Tamil,537350,Lokpriya Gopinath Bordoloi International Airport,12285,Summer,Summer,12.95,7,40.06,77.93,9.17,12.07,364,2,Moderate,true,false,false,65,5408,82,true,5,13,245.4,2,4,4,Holi,Momos,61,false,9,24499484,true,3,5,true,15,5,true,true,October
DST2636,Place_1636,Goa,East,Heritage,Scenery,Mumbai,Hindi,255337,Indira Gandhi International Airport,32147,Monsoon,Monsoon,6.43,8,40.1,70.6,6.47,40.41,285,4,Moderate,false,false,false,61,1183,155,true,4,30.4,1512.2,9,9,6,Bihu,Sarson da Saag,28,true,7,20883805,true,4,2,false,88,4,true,false,January
DST2637,Place_1637,Goa,Central,Heritage,Culture,Lucknow,Malayalam,354743,Lokpriya Gopinath Bordoloi International Airport,30727,Winter,Monsoon,13.79,3,86.82,88.88,21.32,25.91,350,5,Moderate,true,true,true,56,6357,106,false,2,19.6,286.7,6,2,3,Pongal,Idli,52,true,4,9747452,true,1,4,false,23,3,false,false,August
DST2638,Place_1638,Kerala,South,Hill Station,Scenery,Cochin,Marathi,803552,Indira Gandhi International Airport,3910,Monsoon,Summer,5.8,10,86.35,89.01,25.71,19.35,264,1,Difficult,true,false,false,92,2793,83,true,5,20.8,2604.5,1,6,1,Durga Puja,Rogan Josh,15,false,2,46185476,true,1,1,true,41,3,true,true,March
DST2639,Place_1639,Assam,East,Wildlife,Culture,Chennai,Tamil,784028,Kempegowda International Airport,15674,Winter,Summer,10.35,4,73.38,74.59,16.33,50.84,248,4,Easy,true,false,true,89,1329,36,true,2,29.4,1481.4,4,7,6,Eid,Idli,77,true,6,30388380,true,4,2,true,72,5,false,true,January
DST2640,Place_1640,Goa,West,Wildlife,Scenery,Lucknow,Bengali,604948,Lokpriya Gopinath Bordoloi International Airport,19354,Winter,Monsoon,14.53,3,76.33,85.46,30.06,30.61,94,5,Difficult,true,true,false,52,5917,172,true,3,21.9,2753,1,4,8,Ganesh Chaturthi,Chole Bhature,19,false,9,31699027,false,2,5,true,18,1,true,false,December
DST2641,Place_1641,Tamil Nadu,West,Beach,Food,Jaipur,Hindi,705848,Kempegowda International Airport,31676,Winter,Summer,6.46,6,65.66,75.65,22.35,38.58,350,4,Easy,true,true,true,83,2303,71,false,1,16.7,327.9,3,5,8,Lohri,Sarson da Saag,52,false,3,1476616,true,2,5,false,55,1,true,true,August
DST2642,Place_1642,Himachal Pradesh,Northeast,Urban,Temples,Cochin,Bengali,459579,Lokpriya Gopinath Bordoloi International Airport,27114,Monsoon,Summer,10.52,2,51.89,85.89,37.49,11.65,296,2,Easy,true,true,true,15,8475,155,false,1,15.3,1058.4,10,5,4,Ganesh Chaturthi,Idli,64,false,3,11009444,false,4,5,true,83,2,true,true,January
DST2643,Place_1643,Kerala,North,Beach,Temples,Goa,Marathi,693571,Kempegowda International Airport,24039,Monsoon,Monsoon,5.14,6,85.72,94.8,7.97,49.58,306,1,Moderate,false,true,false,34,8381,16,false,2,31.7,2062,6,2,6,Eid,Biryani,18,true,3,30617421,false,1,4,false,92,3,false,false,March
DST2644,Place_1644,Goa,West,Beach,Food,Cochin,Malayalam,109297,Rajiv Gandhi International Airport,45929,Winter,Winter,4.73,11,53.88,69.19,7.33,24.34,184,1,Easy,true,true,true,64,6838,19,true,4,32.5,951.4,3,5,1,Onam,Sarson da Saag,74,true,7,14627895,false,1,5,true,76,5,true,true,December
DST2645,Place_1645,Kerala,East,Urban,Culture,Kolkata,Marathi,164005,Kempegowda International Airport,32831,Monsoon,Summer,9.04,5,76.98,82.19,36.68,44.67,456,1,Difficult,false,false,false,22,3747,36,false,3,15.9,2540.5,5,10,6,Durga Puja,Idli,60,false,4,38278763,true,2,2,false,41,1,true,true,October
DST2646,Place_1646,Rajasthan,West,Hill Station,Wildlife,Pune,Bengali,289506,Indira Gandhi International Airport,44884,Summer,Winter,14.71,13,52.27,73.3,28.42,48.02,228,2,Moderate,false,false,false,96,5111,77,false,5,19.6,2961.8,8,5,1,Holi,Rogan Josh,72,false,3,11910225,false,3,4,false,10,2,false,true,December
DST2647,Place_1647,Maharashtra,East,Wildlife,Culture,Lucknow,Bengali,494823,Jaipur International Airport,26146,Summer,Winter,7.34,7,83.51,79.19,28.49,15.86,316,5,Moderate,true,false,false,81,7580,192,true,3,38.7,915.5,8,5,4,Pongal,Pav Bhaji,65,true,7,28903920,false,3,4,false,25,4,true,true,May
DST2648,Place_1648,Himachal Pradesh,South,Beach,Temples,Mumbai,Marathi,754942,Netaji Subhas Chandra Bose International Airport,46819,Summer,Summer,14.13,13,72.56,90.6,5.96,24.8,261,5,Easy,false,true,false,78,1005,57,true,4,39.5,1147.1,9,4,9,Diwali,Rogan Josh,90,true,2,4419344,false,4,2,true,41,1,false,false,May
DST2649,Place_1649,Kerala,Northeast,Urban,Wildlife,Lucknow,Marathi,290255,Kempegowda International Airport,18626,Summer,Winter,13.8,6,72.13,72.17,37.82,46.17,118,1,Moderate,false,true,false,51,7424,116,false,5,27.6,2905.3,4,10,6,Bihu,Pav Bhaji,21,true,8,38498448,false,3,1,true,75,1,true,true,March
DST2650,Place_1650,Maharashtra,North,Heritage,Scenery,Goa,Marathi,711282,Jaipur International Airport,18096,Monsoon,Monsoon,4.55,10,44.87,62.53,32.01,21.61,233,5,Difficult,false,true,false,16,4758,76,false,4,32.7,1138.4,5,4,4,Holi,Sarson da Saag,55,false,4,20358137,false,2,4,false,92,5,false,true,March
DST2651,Place_1651,Goa,West,Beach,Wildlife,Ahmedabad,Hindi,156305,Devi Ahilya Bai Holkar Airport,32308,Winter,Summer,6.63,6,60.97,87.96,31.75,52.41,281,1,Easy,false,true,false,54,6546,98,false,3,32.4,1712.4,4,7,10,Ganesh Chaturthi,Sarson da Saag,25,false,8,26556244,true,5,2,false,56,3,false,true,January
DST2652,Place_1652,Maharashtra,East,Wildlife,Culture,Bengaluru,Bengali,783333,Rajiv Gandhi International Airport,14054,Monsoon,Summer,10.01,14,66.25,79.43,36.92,25.6,201,5,Difficult,true,true,false,44,8648,163,false,3,21.9,2330.8,7,6,4,Pongal,Rogan Josh,87,true,9,36501816,false,4,4,true,88,5,false,false,May
DST2653,Place_1653,Himachal Pradesh,Central,Hill Station,Food,Jaipur,Tamil,313058,Rajiv Gandhi International Airport,15070,Summer,Winter,8.25,9,54.7,75.73,25.24,30.12,261,1,Moderate,true,false,true,94,2663,177,false,2,11.5,1371.2,9,8,4,Holi,Vada Pav,79,false,4,4423213,false,1,1,true,14,4,true,true,May
DST2654,Place_1654,Kerala,North,Beach,Scenery,Kolkata,Hindi,836431,Pune Airport,43253,Monsoon,Summer,2.34,13,84.05,66.42,18.81,14.99,52,5,Difficult,false,false,false,68,6880,80,false,4,32.2,1180.6,6,1,10,Onam,Vada Pav,56,false,2,11746219,false,5,1,false,23,3,false,true,December
DST2655,Place_1655,Rajasthan,South,Beach,Culture,Chennai,Hindi,325963,Sardar Vallabhbhai Patel International Airport,27250,Monsoon,Summer,14.91,14,81.88,63.25,21.82,17.38,316,4,Difficult,true,false,true,23,1385,55,true,1,14.1,1537.2,2,10,7,Bihu,Sarson da Saag,69,false,6,36326564,false,2,3,false,78,5,true,true,March
DST2656,Place_1656,Assam,East,Urban,Scenery,Pune,Hindi,894077,Devi Ahilya Bai Holkar Airport,15413,Summer,Winter,11.54,3,64.68,69.76,32.2,23.77,160,1,Moderate,true,true,true,91,6651,107,false,4,18.7,2360.6,7,2,9,Onam,Sarson da Saag,66,false,9,25093204,true,1,4,false,20,1,true,false,December
DST2657,Place_1657,Goa,Northeast,Heritage,Wildlife,Pune,Tamil,928670,Sardar Vallabhbhai Patel International Airport,12855,Winter,Winter,7.13,4,57,85.16,31.91,12.45,243,1,Easy,false,false,true,31,5857,101,true,4,19.5,1005.3,3,2,6,Pongal,Chole Bhature,72,false,2,40237928,false,3,4,true,36,5,true,true,December
DST2658,Place_1658,Kerala,Northeast,Heritage,Temples,Cochin,Marathi,693982,Chaudhary Charan Singh International Airport,39921,Monsoon,Summer,9.65,4,80.08,74.41,26.34,19.65,428,3,Easy,false,true,true,56,8439,20,true,5,20.5,1117.3,8,2,7,Onam,Chole Bhature,39,false,2,30435459,true,4,2,true,48,3,false,false,August
DST2659,Place_1659,Himachal Pradesh,South,Hill Station,Culture,Cochin,Bengali,797133,Sardar Vallabhbhai Patel International Airport,6587,Monsoon,Summer,2.23,4,49.84,79.96,12.63,30.45,93,1,Moderate,true,true,false,84,3973,188,true,5,24,648.5,3,3,4,Onam,Pav Bhaji,99,true,8,38703396,false,3,2,false,16,2,true,true,August
DST2660,Place_1660,Goa,South,Wildlife,Food,Bengaluru,Malayalam,378930,Chaudhary Charan Singh International Airport,9827,Summer,Monsoon,7.93,7,43.58,62.87,33.66,29,39,5,Easy,true,false,false,11,7614,41,false,2,25,2134.7,9,6,5,Durga Puja,Kebabs,93,true,8,25640236,false,4,3,true,11,2,true,false,October
DST2661,Place_1661,Tamil Nadu,Northeast,Hill Station,Wildlife,Delhi,Malayalam,140693,Goa International Airport,26785,Winter,Monsoon,14.03,8,42.29,64.31,27.65,19.93,279,4,Difficult,false,true,true,67,8160,81,false,1,24.5,2708.4,1,3,9,Ganesh Chaturthi,Vada Pav,14,true,2,37464563,false,2,2,false,58,4,true,true,March
DST2662,Place_1662,Maharashtra,West,Beach,Culture,Indore,Bengali,982879,Chennai International Airport,32864,Summer,Summer,13.55,8,41.93,60.4,12.74,14.02,91,4,Moderate,true,false,true,81,1214,157,false,3,14.9,638.6,6,7,8,Durga Puja,Pav Bhaji,24,false,8,14179928,true,2,1,true,51,5,true,true,December
DST2663,Place_1663,Assam,West,Beach,Food,Delhi,Tamil,519794,Devi Ahilya Bai Holkar Airport,32311,Summer,Summer,5.72,13,64.44,83.56,21.82,25.91,300,5,Moderate,false,true,true,59,4826,142,true,1,29.5,200.3,10,3,10,Onam,Momos,40,true,6,46403200,true,1,5,false,32,1,true,true,December
DST2664,Place_1664,Himachal Pradesh,East,Heritage,Culture,Bhopal,Malayalam,693990,Sardar Vallabhbhai Patel International Airport,7861,Monsoon,Monsoon,8.44,8,52.77,69.26,39.9,47.27,37,2,Easy,true,true,false,80,7220,135,true,1,33.7,1205.7,7,6,2,Navratri,Momos,27,true,7,41561379,true,4,4,true,30,4,false,false,December
DST2665,Place_1665,Tamil Nadu,Central,Wildlife,Wildlife,Chennai,Hindi,446989,Rajiv Gandhi International Airport,11804,Winter,Winter,10.76,13,74.52,93.84,16.49,35.5,412,1,Easy,false,false,false,95,9336,178,false,1,23.9,1289.4,3,2,8,Pongal,Sarson da Saag,86,true,3,22315837,true,5,3,true,96,4,true,false,October
DST2666,Place_1666,Kerala,East,Urban,Culture,Lucknow,Malayalam,901508,Pune Airport,14979,Summer,Summer,5.76,4,72.69,70.8,9.08,57.34,242,4,Moderate,false,true,false,35,1836,22,false,2,35.1,1973,6,2,3,Lohri,Vada Pav,52,false,2,45528873,true,3,4,false,10,4,false,true,December
DST2667,Place_1667,Rajasthan,Central,Wildlife,Scenery,Cochin,Bengali,905809,Jaipur International Airport,2297,Monsoon,Monsoon,1.91,2,67.1,72.73,5.76,16.99,363,5,Moderate,false,false,false,15,5600,131,true,2,23.3,348.2,10,3,2,Bihu,Pav Bhaji,20,true,4,29027810,true,4,3,false,38,3,false,false,March
DST2668,Place_1668,Goa,South,Beach,Wildlife,Ahmedabad,Hindi,764638,Lokpriya Gopinath Bordoloi International Airport,48513,Summer,Monsoon,8.08,7,57.64,76.43,11.46,20.37,462,4,Moderate,true,false,false,21,2781,107,true,1,27,2482.3,3,8,2,Diwali,Pav Bhaji,60,false,3,1195842,true,5,5,false,60,2,true,true,March
DST2669,Place_1669,Maharashtra,North,Urban,Culture,Pune,Malayalam,558024,Cochin International Airport,1357,Monsoon,Summer,9.42,4,82.52,71.17,11.54,24.01,135,4,Moderate,true,false,true,70,5558,140,true,3,12.1,1764.6,9,9,4,Holi,Biryani,21,false,3,5232999,true,3,3,true,44,3,true,true,March
DST2670,Place_1670,Goa,East,Wildlife,Temples,Lucknow,Bengali,620436,Kempegowda International Airport,48201,Winter,Summer,1.08,14,75.49,88.61,35.03,10.65,63,5,Difficult,false,false,false,71,3198,152,true,3,14.4,1683.3,6,2,1,Eid,Sarson da Saag,65,true,7,6513279,true,2,3,false,44,2,true,false,May
DST2671,Place_1671,Assam,East,Wildlife,Culture,Indore,Tamil,489512,Sardar Vallabhbhai Patel International Airport,17624,Summer,Monsoon,2.34,4,53.58,90.67,10.47,57.17,342,3,Difficult,false,false,true,36,3986,106,true,3,33,1017.5,8,7,5,Pongal,Pav Bhaji,92,true,5,46347031,false,2,5,false,46,5,false,true,December
DST2672,Place_1672,Kerala,Central,Urban,Scenery,Pune,Bengali,657827,Cochin International Airport,11796,Winter,Summer,3.9,4,65.08,60.39,35.19,32.27,362,4,Moderate,true,false,true,28,2213,65,true,2,17.5,1159.3,4,1,7,Eid,Biryani,28,false,2,26004630,false,1,2,true,56,3,true,true,December
DST2673,Place_1673,Goa,South,Beach,Food,Guwahati,Tamil,750840,Chaudhary Charan Singh International Airport,24238,Winter,Winter,5.87,10,47.81,82.91,8.04,34.08,200,4,Moderate,true,false,true,92,4429,133,false,5,12.8,260.7,8,4,2,Durga Puja,Idli,10,true,3,33792665,true,2,1,false,27,1,false,true,December
DST2674,Place_1674,Maharashtra,South,Wildlife,Food,Cochin,Hindi,242512,Jaipur International Airport,29640,Monsoon,Summer,8.57,13,56.44,84.01,36.73,17.89,306,2,Moderate,false,false,true,17,8272,180,false,3,27,2285.9,5,6,5,Navratri,Idli,23,false,4,12231227,true,2,3,true,15,5,true,true,May
DST2675,Place_1675,Kerala,Central,Urban,Food,Pune,Bengali,388389,Chhatrapati Shivaji Maharaj International Airport,41883,Summer,Monsoon,5.11,5,89.86,93.65,13.97,53.63,458,3,Difficult,true,false,false,26,1368,55,true,5,12.8,1853.7,8,7,4,Navratri,Idli,90,true,6,36914273,false,2,1,false,83,3,true,false,October
DST2676,Place_1676,Goa,South,Beach,Temples,Indore,Marathi,829063,Indira Gandhi International Airport,32857,Summer,Monsoon,4.87,6,51.19,72.96,26.4,44.63,261,2,Easy,false,true,false,23,9363,126,false,1,30.5,2931.6,2,3,6,Holi,Idli,75,false,6,48315379,false,4,3,false,37,1,true,true,January
DST2677,Place_1677,Rajasthan,Northeast,Urban,Scenery,Lucknow,Marathi,953524,Sardar Vallabhbhai Patel International Airport,20942,Monsoon,Summer,13.17,4,74.92,66.83,10.59,31.57,174,5,Difficult,false,true,false,57,9911,185,true,3,30.7,1125.3,3,3,1,Bihu,Rogan Josh,47,true,7,28809559,false,1,5,false,67,5,false,true,December
DST2678,Place_1678,Himachal Pradesh,West,Urban,Wildlife,Cochin,Marathi,471598,Devi Ahilya Bai Holkar Airport,4860,Monsoon,Monsoon,3.03,11,51.92,78.22,18.65,53.9,176,1,Moderate,false,true,false,98,8489,114,true,1,23.6,2032.1,10,5,1,Lohri,Vada Pav,94,true,3,11893821,true,4,1,false,85,5,false,true,December
DST2679,Place_1679,Kerala,Northeast,Wildlife,Food,Goa,Marathi,777058,Lokpriya Gopinath Bordoloi International Airport,46211,Winter,Winter,7.94,14,86.91,75.66,8,55.27,459,5,Moderate,true,false,false,43,8775,106,true,1,30.6,2766.7,4,3,2,Lohri,Pav Bhaji,29,true,6,21290429,false,5,4,true,77,1,false,true,January
DST2680,Place_1680,Himachal Pradesh,North,Beach,Scenery,Bengaluru,Marathi,772961,Indira Gandhi International Airport,5447,Summer,Summer,14.34,13,55.51,87.71,25.28,12.47,481,3,Moderate,true,true,true,25,7713,173,true,4,34,2163.9,1,9,4,Durga Puja,Kebabs,61,false,8,9505184,true,2,1,false,34,1,true,true,January
DST2681,Place_1681,Kerala,East,Wildlife,Culture,Bhopal,Tamil,257879,Sardar Vallabhbhai Patel International Airport,21523,Summer,Summer,9.75,2,57.33,91.64,17.11,15.97,84,5,Moderate,false,true,false,91,6239,160,false,1,15.9,216.9,5,2,1,Ganesh Chaturthi,Dosa,32,false,5,48502516,false,5,5,true,80,4,false,false,October
DST2682,Place_1682,Rajasthan,North,Hill Station,Temples,Goa,Bengali,800662,Chhatrapati Shivaji Maharaj International Airport,35735,Monsoon,Monsoon,11.04,13,69.69,63.03,34.83,11.38,159,3,Difficult,true,true,false,20,4327,192,true,1,29.5,1933.5,3,10,5,Lohri,Sarson da Saag,74,false,6,31085559,false,5,2,false,47,3,false,false,October
DST2683,Place_1683,Himachal Pradesh,East,Hill Station,Scenery,Delhi,Hindi,316936,Devi Ahilya Bai Holkar Airport,40347,Monsoon,Winter,7.04,5,69.41,89.63,11.36,39.09,181,2,Easy,true,false,false,11,2445,64,true,2,30.8,1681.6,7,7,6,Diwali,Biryani,15,true,6,44314192,true,4,2,false,93,2,false,false,March
DST2684,Place_1684,Tamil Nadu,West,Beach,Scenery,Guwahati,Marathi,763399,Kempegowda International Airport,5849,Monsoon,Summer,1.28,2,68.95,91.81,14.8,20.9,35,4,Moderate,false,true,true,88,9347,63,true,1,15.8,1548,2,7,10,Ganesh Chaturthi,Dosa,88,true,6,12039200,true,2,1,true,64,1,true,true,October
DST2685,Place_1685,Maharashtra,South,Urban,Wildlife,Hyderabad,Marathi,609946,Devi Ahilya Bai Holkar Airport,25718,Summer,Monsoon,10.05,12,68.66,92.34,11.2,52.25,344,5,Moderate,true,false,true,82,5808,134,false,3,31.8,1703.8,1,3,4,Bihu,Vada Pav,26,false,4,25287467,false,4,5,false,53,2,true,true,May
DST2686,Place_1686,Tamil Nadu,Northeast,Wildlife,Scenery,Indore,Hindi,409571,Chennai International Airport,40935,Summer,Summer,9.85,12,55.61,86.75,24.73,33.3,98,5,Moderate,false,true,false,30,4673,74,false,2,31.6,1435.6,2,8,7,Bihu,Momos,45,false,5,26574635,false,3,2,true,32,4,false,false,October
DST2687,Place_1687,Goa,Central,Wildlife,Wildlife,Mumbai,Hindi,958271,Raja Bhoj Airport,23326,Winter,Winter,2.55,8,61.72,85.97,8.91,51.89,225,4,Easy,false,false,true,90,2881,60,false,4,14.7,2106.3,3,3,5,Lohri,Vada Pav,99,false,5,21592994,false,3,2,true,68,2,false,true,August
DST2688,Place_1688,Rajasthan,Northeast,Beach,Temples,Bengaluru,Marathi,813409,Cochin International Airport,8466,Monsoon,Monsoon,7.47,8,69.67,60.52,11.63,37.78,402,5,Difficult,false,false,true,94,8612,169,false,4,19.5,143.2,10,5,9,Holi,Kebabs,71,false,6,23617101,true,2,2,true,81,1,false,true,December
DST2689,Place_1689,Tamil Nadu,West,Beach,Temples,Goa,Tamil,512269,Raja Bhoj Airport,23789,Winter,Summer,13.81,5,73.56,92.21,28.75,49.81,36,5,Easy,false,true,true,80,2526,137,true,1,38.2,646.8,5,1,9,Holi,Idli,68,true,3,28578304,false,5,1,true,90,3,true,true,March
DST2690,Place_1690,Kerala,North,Hill Station,Culture,Jaipur,Hindi,328252,Goa International Airport,28135,Summer,Monsoon,3.87,6,52.66,72.3,7.6,28.59,272,1,Difficult,true,false,true,35,4396,157,false,5,12.1,1159.6,6,10,4,Onam,Idli,75,false,7,13705293,false,4,2,true,38,2,false,true,May
DST2691,Place_1691,Goa,Central,Heritage,Wildlife,Ahmedabad,Bengali,478945,Netaji Subhas Chandra Bose International Airport,46117,Winter,Monsoon,7.46,11,75.07,61.44,31.01,57.27,463,1,Moderate,true,false,false,72,5030,100,true,4,16.9,1412.7,8,4,10,Holi,Kebabs,62,true,8,40662949,true,5,5,true,57,5,false,true,January
DST2692,Place_1692,Goa,South,Beach,Wildlife,Ahmedabad,Bengali,997277,Devi Ahilya Bai Holkar Airport,31262,Winter,Winter,7.46,8,86.16,74.45,8.65,43.36,271,4,Easy,false,true,false,44,7992,173,true,4,27.4,478.4,4,2,6,Lohri,Pav Bhaji,20,false,7,21353772,true,3,5,false,63,2,true,false,August
DST2693,Place_1693,Tamil Nadu,West,Heritage,Food,Mumbai,Tamil,972730,Lokpriya Gopinath Bordoloi International Airport,25435,Winter,Winter,12.35,14,77.9,85.65,25.49,39.77,185,2,Easy,true,true,true,31,2817,41,true,4,39.1,2478.4,4,5,2,Eid,Sarson da Saag,19,false,4,22123748,false,4,4,false,35,4,false,true,October
DST2694,Place_1694,Tamil Nadu,Central,Beach,Food,Ahmedabad,Malayalam,189147,Jaipur International Airport,35787,Monsoon,Summer,12.54,7,44.21,75.47,39.92,27.62,427,5,Moderate,true,false,true,13,9694,112,true,3,17.7,2795.2,2,4,2,Ganesh Chaturthi,Dosa,13,true,3,3653771,true,4,2,true,19,4,false,false,August
DST2695,Place_1695,Rajasthan,West,Urban,Culture,Lucknow,Tamil,679701,Jaipur International Airport,39942,Summer,Monsoon,11.63,14,63.46,86.53,11.09,56.86,451,5,Easy,false,false,true,80,6785,66,true,5,34.5,2278.5,3,4,3,Holi,Momos,28,false,2,2107170,false,4,4,false,84,1,true,true,January
DST2696,Place_1696,Maharashtra,West,Urban,Temples,Ahmedabad,Marathi,690246,Kempegowda International Airport,16689,Monsoon,Monsoon,6.12,5,61.76,77.83,14.14,26.89,48,2,Moderate,false,true,true,97,9180,38,false,1,21,2793.6,3,4,10,Diwali,Vada Pav,99,false,4,4055105,true,2,4,false,88,3,true,true,March
DST2697,Place_1697,Tamil Nadu,South,Hill Station,Food,Hyderabad,Malayalam,655563,Raja Bhoj Airport,40860,Winter,Monsoon,2.01,5,56.83,70.48,36.44,51.79,93,5,Moderate,true,false,true,96,1456,183,false,1,20.6,2255.3,2,5,2,Diwali,Pav Bhaji,63,true,7,46833056,true,2,2,false,91,2,false,true,March
DST2698,Place_1698,Assam,East,Hill Station,Scenery,Ahmedabad,Marathi,126597,Pune Airport,44273,Monsoon,Summer,5.89,3,64.57,67.1,26.92,30.22,306,2,Difficult,true,true,true,20,5787,96,false,2,39.9,1379.1,1,9,9,Holi,Sarson da Saag,48,true,6,43374254,true,2,4,true,77,1,false,false,March
DST2699,Place_1699,Tamil Nadu,Central,Heritage,Temples,Pune,Bengali,439665,Lokpriya Gopinath Bordoloi International Airport,3355,Summer,Winter,10.52,11,61.98,74.74,22.24,48.36,225,4,Difficult,false,false,false,76,6114,131,false,3,34.5,1240.1,2,9,4,Durga Puja,Kebabs,91,false,4,3303225,false,4,2,false,78,3,true,false,August
DST2700,Place_1700,Himachal Pradesh,South,Beach,Scenery,Bengaluru,Hindi,718531,Rajiv Gandhi International Airport,32928,Summer,Winter,10.84,3,40.31,61.25,24.69,55.59,4,4,Moderate,false,false,true,17,6224,172,true,5,17.5,582.6,5,4,5,Diwali,Biryani,95,false,4,23176911,false,5,3,false,79,4,false,false,May
DST2701,Place_1701,Kerala,West,Wildlife,Wildlife,Guwahati,Marathi,878770,Sardar Vallabhbhai Patel International Airport,1333,Winter,Monsoon,14.51,13,51.83,74.79,15.34,33.28,352,2,Moderate,false,true,false,82,8027,88,false,2,15.6,350.7,8,9,2,Navratri,Vada Pav,71,false,3,45805976,false,1,5,false,19,2,false,false,October
DST2702,Place_1702,Assam,South,Hill Station,Temples,Lucknow,Bengali,168908,Netaji Subhas Chandra Bose International Airport,36330,Winter,Summer,7.35,5,50.69,62.4,34.94,36.31,441,2,Easy,true,true,false,64,9448,116,false,5,12.5,736.9,5,8,8,Bihu,Momos,51,false,7,28095385,false,5,3,true,28,1,false,false,January
DST2703,Place_1703,Assam,East,Wildlife,Culture,Delhi,Tamil,417332,Pune Airport,15776,Monsoon,Monsoon,9.85,6,57.46,90.7,31.08,26.52,173,3,Moderate,true,false,false,83,2157,61,true,4,24.5,1643.2,3,5,8,Durga Puja,Rogan Josh,38,true,2,39729988,false,3,1,true,85,2,true,false,December
DST2704,Place_1704,Himachal Pradesh,Northeast,Wildlife,Wildlife,Ahmedabad,Marathi,396854,Netaji Subhas Chandra Bose International Airport,28014,Summer,Winter,8.55,5,48.72,80.14,27.49,12.73,182,1,Moderate,false,false,true,64,1951,152,false,5,20,491.3,7,8,7,Ganesh Chaturthi,Momos,88,true,9,6401743,true,3,1,false,68,2,false,true,August
DST2705,Place_1705,Himachal Pradesh,Central,Beach,Wildlife,Chennai,Bengali,322424,Rajiv Gandhi International Airport,35563,Summer,Monsoon,3.11,4,43.39,82.61,37.61,42.62,72,1,Easy,true,true,true,13,8452,98,false,2,21.4,2858.4,4,7,7,Onam,Idli,53,false,4,26043051,true,2,4,false,33,5,true,true,January
DST2706,Place_1706,Goa,East,Heritage,Scenery,Chennai,Hindi,568702,Indira Gandhi International Airport,16270,Monsoon,Monsoon,7.46,12,49.83,70.11,25.23,15.98,144,5,Moderate,true,false,false,57,9812,188,false,3,22.9,733.7,7,2,7,Ganesh Chaturthi,Idli,42,true,2,44685199,true,1,3,false,89,4,false,false,August
DST2707,Place_1707,Maharashtra,North,Beach,Wildlife,Bhopal,Marathi,804410,Sardar Vallabhbhai Patel International Airport,32279,Summer,Monsoon,8.63,3,82.71,67.9,22.92,27.7,395,5,Moderate,true,true,false,36,5521,40,true,3,39.7,2517.5,8,10,8,Pongal,Sarson da Saag,51,true,2,12117066,true,2,3,true,82,3,false,true,October
DST2708,Place_1708,Kerala,Central,Hill Station,Food,Chennai,Bengali,935681,Goa International Airport,34021,Winter,Winter,14.31,5,79.85,84.78,39.15,27.47,151,2,Difficult,true,true,true,90,1848,93,false,4,10.1,2474.6,3,8,4,Ganesh Chaturthi,Pav Bhaji,20,false,3,34930759,true,5,2,true,86,4,false,false,August
DST2709,Place_1709,Rajasthan,East,Wildlife,Temples,Indore,Marathi,658535,Devi Ahilya Bai Holkar Airport,4657,Winter,Summer,6.13,12,62.1,83.5,12.21,17.55,55,2,Moderate,false,true,true,59,7890,153,true,1,22.8,509.5,10,9,6,Navratri,Chole Bhature,68,false,7,45273090,false,2,4,true,27,1,true,false,March
DST2710,Place_1710,Assam,West,Beach,Food,Ahmedabad,Hindi,563378,Lokpriya Gopinath Bordoloi International Airport,24886,Monsoon,Monsoon,14.72,6,83.89,64.29,9.97,43.34,182,1,Moderate,true,true,true,29,4113,173,false,2,11.9,2161.2,1,2,8,Holi,Biryani,93,true,9,45379956,true,3,5,false,41,4,true,true,August
DST2711,Place_1711,Rajasthan,Central,Beach,Scenery,Jaipur,Marathi,912840,Goa International Airport,43383,Monsoon,Winter,8.59,2,51.63,68.35,10.68,18.73,121,5,Easy,true,true,true,45,2783,48,true,1,30.2,2489.9,8,2,8,Pongal,Sarson da Saag,24,false,7,9738107,false,3,3,false,28,1,true,false,August
DST2712,Place_1712,Tamil Nadu,Central,Beach,Scenery,Goa,Marathi,176313,Rajiv Gandhi International Airport,4237,Monsoon,Monsoon,4.39,14,69.21,93.13,39.63,48.92,243,1,Difficult,false,true,true,30,9973,148,true,4,11.5,2664.4,6,10,4,Diwali,Vada Pav,12,false,3,29182735,false,2,3,false,47,4,false,true,October
DST2713,Place_1713,Tamil Nadu,South,Hill Station,Temples,Pune,Bengali,826043,Lokpriya Gopinath Bordoloi International Airport,37099,Winter,Summer,3.68,2,47.15,70.65,27.83,22.46,381,4,Difficult,false,false,false,33,4965,157,false,5,33,2866.5,3,9,1,Diwali,Kebabs,89,true,8,47457350,false,5,2,false,30,1,true,true,March
DST2714,Place_1714,Rajasthan,West,Heritage,Wildlife,Kolkata,Malayalam,349407,Jaipur International Airport,2027,Monsoon,Monsoon,2.98,7,81.67,60.9,15.71,24.36,203,1,Moderate,false,true,true,86,6987,65,true,5,36,2797.3,9,1,2,Durga Puja,Momos,37,false,6,49153307,true,4,2,false,65,1,false,true,October
DST2715,Place_1715,Tamil Nadu,North,Beach,Culture,Ahmedabad,Marathi,367587,Jaipur International Airport,15199,Summer,Summer,7.34,6,46.53,62.23,13.71,27.19,78,1,Difficult,false,false,false,40,6292,179,true,4,39.1,1002.3,1,3,4,Diwali,Rogan Josh,62,true,8,14119346,false,5,5,false,94,2,false,true,January
DST2716,Place_1716,Maharashtra,Northeast,Hill Station,Scenery,Jaipur,Malayalam,755439,Sardar Vallabhbhai Patel International Airport,47051,Monsoon,Winter,1.31,12,41.59,87.14,6.98,17.64,15,2,Difficult,false,false,false,88,1288,56,true,3,13.6,876.2,8,3,9,Bihu,Dosa,51,true,6,13495818,false,2,4,true,66,5,false,false,August
DST2717,Place_1717,Himachal Pradesh,East,Wildlife,Temples,Bhopal,Tamil,983250,Chennai International Airport,45954,Summer,Summer,7.23,5,53.67,86.5,9.62,31.71,125,5,Difficult,true,true,false,88,2939,15,false,2,39.4,1252.8,9,6,3,Bihu,Vada Pav,24,true,4,42410624,true,5,2,false,58,5,false,true,October
DST2718,Place_1718,Tamil Nadu,South,Urban,Culture,Goa,Marathi,531561,Kempegowda International Airport,14781,Winter,Summer,14.84,2,85.05,73.36,36.79,14.02,86,4,Easy,true,true,false,7,4411,118,true,4,22.4,1448.5,10,7,5,Pongal,Vada Pav,49,false,6,45228701,false,3,1,false,15,2,true,true,May
DST2719,Place_1719,Goa,East,Hill Station,Wildlife,Kolkata,Malayalam,243973,Kempegowda International Airport,16120,Summer,Winter,10.38,13,46.47,65.36,31.16,31.36,465,1,Easy,true,false,true,63,1322,44,false,4,29,778.3,1,3,1,Ganesh Chaturthi,Rogan Josh,99,true,8,41824413,true,1,3,true,64,5,true,false,May
DST2720,Place_1720,Tamil Nadu,North,Urban,Scenery,Mumbai,Tamil,298831,Jaipur International Airport,25289,Summer,Summer,11.64,8,56.53,77.43,37.95,27,277,1,Difficult,false,false,false,38,8850,145,true,2,10,349.6,9,8,5,Onam,Dosa,43,true,7,12011872,false,3,1,true,11,3,true,true,December
DST2721,Place_1721,Kerala,North,Beach,Temples,Hyderabad,Bengali,273804,Jaipur International Airport,6983,Summer,Summer,2.67,5,55.82,71.62,19.83,26.91,365,2,Difficult,false,true,false,10,3782,80,false,3,21.1,2004.1,5,2,1,Durga Puja,Vada Pav,45,true,3,31443659,false,3,1,false,15,2,true,false,December
DST2722,Place_1722,Maharashtra,Central,Beach,Temples,Pune,Marathi,834664,Cochin International Airport,2093,Winter,Winter,7.62,4,80.08,73.09,26.04,43.03,427,3,Moderate,true,false,true,35,1864,46,true,3,20.6,605.3,5,3,6,Durga Puja,Biryani,36,false,6,43912201,false,4,3,true,90,5,false,false,December
DST2723,Place_1723,Kerala,North,Hill Station,Temples,Ahmedabad,Bengali,350278,Lokpriya Gopinath Bordoloi International Airport,5789,Summer,Summer,5.01,8,61.08,69.13,21.93,48.45,350,5,Difficult,false,false,true,36,5553,187,true,2,25.1,2753.2,5,10,1,Diwali,Sarson da Saag,23,false,6,26240758,false,2,3,false,39,2,true,true,May
DST2724,Place_1724,Kerala,East,Urban,Scenery,Bengaluru,Tamil,248579,Goa International Airport,3912,Summer,Summer,13.52,3,70.58,62.2,35.85,27.8,42,5,Easy,false,true,false,46,9055,132,false,1,14,934.3,1,2,2,Onam,Sarson da Saag,12,false,6,45472045,true,4,2,false,64,2,false,false,October
DST2725,Place_1725,Goa,West,Beach,Culture,Lucknow,Bengali,884370,Rajiv Gandhi International Airport,48879,Monsoon,Monsoon,3.54,11,60.22,87.69,39.7,23.1,78,5,Moderate,true,true,true,61,1371,153,false,5,30.7,673.3,5,2,9,Lohri,Sarson da Saag,12,true,7,2098026,false,4,4,true,20,2,true,false,August
DST2726,Place_1726,Maharashtra,West,Wildlife,Temples,Bengaluru,Bengali,443929,Goa International Airport,22873,Monsoon,Summer,7.42,2,67.57,81.64,37.65,34.72,276,1,Easy,true,false,true,77,6337,18,true,2,27.9,663.1,10,6,3,Navratri,Pav Bhaji,96,true,9,17179817,true,2,3,true,34,5,true,true,May
DST2727,Place_1727,Maharashtra,Central,Heritage,Wildlife,Goa,Hindi,226691,Chhatrapati Shivaji Maharaj International Airport,15332,Monsoon,Summer,9.23,12,43.12,89.21,25.93,49.39,378,1,Easy,true,false,true,50,2997,84,false,3,16.4,939.5,10,3,9,Bihu,Pav Bhaji,78,true,2,20003511,false,5,4,false,44,5,false,true,March
DST2728,Place_1728,Maharashtra,Northeast,Heritage,Temples,Bengaluru,Tamil,357426,Lokpriya Gopinath Bordoloi International Airport,17564,Summer,Summer,8.2,5,58.7,77.61,7.16,42.23,263,1,Easy,false,true,true,95,8815,69,true,1,39.5,1875.3,6,3,4,Lohri,Biryani,75,false,6,1819696,false,1,3,true,82,3,true,true,May
DST2729,Place_1729,Maharashtra,East,Beach,Culture,Cochin,Bengali,397535,Chaudhary Charan Singh International Airport,13259,Summer,Winter,12.62,14,82.76,94.47,26.61,11.9,304,3,Easy,true,true,true,92,3863,60,false,4,10.2,2937.1,5,9,5,Pongal,Chole Bhature,69,true,3,3027109,true,4,1,false,98,2,true,false,May
DST2730,Place_1730,Maharashtra,East,Urban,Scenery,Indore,Malayalam,658459,Chennai International Airport,43180,Winter,Summer,4.24,9,74.55,93.69,8.4,34,487,1,Easy,false,true,false,60,8537,55,false,4,20.1,1510.2,6,1,7,Navratri,Vada Pav,47,true,8,47243166,true,4,1,true,17,5,false,false,August
DST2731,Place_1731,Goa,North,Beach,Temples,Mumbai,Tamil,544946,Raja Bhoj Airport,21526,Summer,Winter,6.28,14,89.09,69.51,9.86,59.55,227,5,Moderate,true,false,true,54,6594,80,false,4,17.9,1839.1,9,9,4,Eid,Biryani,11,false,2,20988702,true,5,5,true,76,3,false,false,May
DST2732,Place_1732,Tamil Nadu,East,Urban,Temples,Indore,Hindi,893917,Pune Airport,22113,Summer,Winter,12.09,7,79.4,73.54,11.7,27.66,124,5,Easy,true,false,true,90,5320,149,true,5,26.8,2543.5,7,2,10,Durga Puja,Kebabs,88,true,6,8484676,false,2,2,false,99,4,false,false,May
DST2733,Place_1733,Kerala,South,Wildlife,Wildlife,Lucknow,Marathi,996536,Chaudhary Charan Singh International Airport,17006,Winter,Summer,8.39,10,62.58,86.34,17.72,32.04,105,2,Difficult,true,true,true,34,6460,73,false,3,36.7,1068.7,5,2,10,Navratri,Kebabs,75,true,6,14887806,false,3,2,true,95,3,true,false,August
DST2734,Place_1734,Maharashtra,Northeast,Urban,Wildlife,Mumbai,Bengali,326392,Devi Ahilya Bai Holkar Airport,22643,Summer,Summer,6.63,2,73.81,87.18,25.71,24.37,229,3,Moderate,true,false,true,40,9054,124,false,1,29.7,621.6,10,5,6,Eid,Dosa,87,true,3,18922577,false,5,3,false,33,5,true,false,May
DST2735,Place_1735,Assam,North,Beach,Temples,Kolkata,Malayalam,621819,Devi Ahilya Bai Holkar Airport,25413,Winter,Summer,1.41,2,78.8,91.87,16.67,34.88,133,4,Difficult,true,false,false,30,3531,30,true,3,11.4,1357.5,9,6,9,Lohri,Kebabs,21,true,4,27973009,false,3,3,true,30,4,false,true,October
DST2736,Place_1736,Tamil Nadu,South,Wildlife,Temples,Bhopal,Hindi,342174,Rajiv Gandhi International Airport,43523,Winter,Summer,11.55,12,53.48,82.84,20.83,18.05,80,1,Moderate,true,false,true,54,5443,14,false,5,35.9,1024.2,5,8,8,Ganesh Chaturthi,Dosa,39,false,3,40666819,false,1,2,true,25,1,false,false,March
DST2737,Place_1737,Tamil Nadu,Central,Hill Station,Wildlife,Bhopal,Tamil,190153,Chaudhary Charan Singh International Airport,31122,Monsoon,Summer,14.61,6,43,76.63,6.66,22.35,359,4,Difficult,false,true,false,6,5794,15,false,5,18,2611.8,5,1,1,Bihu,Rogan Josh,17,true,5,27856369,false,4,5,true,55,5,false,true,October
DST2738,Place_1738,Kerala,West,Heritage,Culture,Mumbai,Bengali,137748,Chaudhary Charan Singh International Airport,5684,Summer,Summer,9.68,7,60.29,73.22,26.69,45.59,108,1,Easy,false,false,true,11,2397,52,true,2,13.3,2936,6,5,6,Eid,Idli,29,false,9,3587700,true,1,3,true,45,3,true,true,May
DST2739,Place_1739,Goa,Central,Beach,Food,Chennai,Hindi,233021,Rajiv Gandhi International Airport,8854,Monsoon,Summer,12.99,9,47.23,74.67,28,16.91,174,3,Difficult,false,true,false,31,9604,35,false,3,23,2096.1,8,10,9,Eid,Rogan Josh,88,false,3,16394451,true,3,4,false,19,4,true,false,March
DST2740,Place_1740,Rajasthan,West,Beach,Food,Hyderabad,Hindi,316452,Lokpriya Gopinath Bordoloi International Airport,23357,Summer,Winter,8.24,4,53.86,89.76,8.48,56.31,163,3,Easy,false,false,true,84,2441,102,false,4,37,1995.9,1,8,3,Holi,Biryani,72,true,4,18104111,true,3,3,false,75,2,true,false,December
DST2741,Place_1741,Rajasthan,Central,Beach,Temples,Chennai,Malayalam,347888,Cochin International Airport,40185,Monsoon,Monsoon,4.24,7,87.34,94.3,32.48,25.4,124,5,Moderate,false,true,true,53,3880,63,true,2,11,2171.2,9,2,3,Pongal,Biryani,87,true,3,5093493,true,3,4,false,26,3,false,true,January
DST2742,Place_1742,Tamil Nadu,East,Wildlife,Wildlife,Ahmedabad,Marathi,514097,Raja Bhoj Airport,18946,Winter,Winter,1.2,4,82.35,61.82,27.66,38.75,347,3,Easy,false,true,false,50,8059,137,false,3,28.8,1456.2,8,10,10,Ganesh Chaturthi,Rogan Josh,35,true,2,19710555,true,4,4,false,84,5,false,false,March
DST2743,Place_1743,Himachal Pradesh,South,Hill Station,Scenery,Kolkata,Marathi,282378,Jaipur International Airport,14127,Winter,Summer,10.15,9,69.62,80.31,22.14,26.09,376,4,Difficult,false,true,true,97,5377,140,true,2,20,1923.5,7,9,5,Lohri,Dosa,34,true,2,18053934,true,2,1,true,82,3,false,false,August
DST2744,Place_1744,Himachal Pradesh,West,Urban,Scenery,Cochin,Marathi,711438,Devi Ahilya Bai Holkar Airport,44466,Winter,Monsoon,7.9,13,60.06,78.2,24.35,33.9,366,4,Easy,true,false,false,89,2266,148,false,2,28.7,306.7,5,10,9,Durga Puja,Pav Bhaji,66,false,3,14181841,false,2,1,false,66,2,true,false,March
DST2745,Place_1745,Kerala,North,Hill Station,Food,Jaipur,Tamil,189364,Jaipur International Airport,30404,Winter,Monsoon,11.95,12,53.22,73.16,22.61,55.19,22,3,Easy,true,true,true,30,5294,34,true,1,18,1531,1,4,3,Holi,Dosa,92,false,8,5751776,false,4,5,false,19,1,true,false,October
DST2746,Place_1746,Rajasthan,South,Wildlife,Culture,Kolkata,Hindi,215925,Sardar Vallabhbhai Patel International Airport,23888,Summer,Summer,10.73,12,68.57,89.81,6.88,13.43,414,4,Moderate,false,false,false,86,3837,149,true,2,39,1063.9,7,7,5,Navratri,Momos,69,true,2,35806564,false,2,1,false,84,3,false,false,August
DST2747,Place_1747,Tamil Nadu,North,Beach,Food,Jaipur,Tamil,109958,Chaudhary Charan Singh International Airport,18401,Summer,Summer,14.83,5,66.66,80.15,30.73,52.82,365,1,Easy,false,false,false,69,5322,74,true,5,13.4,254.2,9,1,5,Navratri,Rogan Josh,29,false,4,35384099,true,2,4,true,88,5,true,true,October
DST2748,Place_1748,Goa,South,Heritage,Temples,Hyderabad,Hindi,239769,Pune Airport,16428,Monsoon,Winter,8.14,3,79.04,70.96,22.91,37.88,330,2,Moderate,true,false,true,6,5828,13,false,4,14.7,1679.9,3,2,8,Diwali,Biryani,35,false,5,5927624,false,4,5,false,75,4,true,true,October
DST2749,Place_1749,Rajasthan,South,Beach,Culture,Mumbai,Malayalam,187160,Cochin International Airport,37422,Summer,Monsoon,6.98,13,86.4,75.54,11.05,43.25,61,5,Difficult,false,false,false,82,3916,189,false,1,11.4,1144.7,8,1,2,Holi,Pav Bhaji,32,false,5,23954521,false,2,1,false,26,1,true,false,January
DST2750,Place_1750,Tamil Nadu,Central,Urban,Scenery,Mumbai,Malayalam,901925,Cochin International Airport,48765,Summer,Monsoon,5.01,10,56.45,72.49,28.83,12.79,211,2,Moderate,false,false,true,83,1227,136,true,2,33.8,1812.8,3,8,8,Pongal,Idli,73,true,4,32927296,false,2,1,false,84,1,false,false,May
DST2751,Place_1751,Tamil Nadu,West,Heritage,Wildlife,Lucknow,Tamil,273873,Rajiv Gandhi International Airport,47510,Monsoon,Summer,7.68,11,50.31,75.05,29.33,48.07,251,4,Difficult,true,true,false,68,3385,171,false,1,12.8,1588.2,3,1,1,Pongal,Chole Bhature,23,false,9,33176280,false,5,4,true,41,2,false,false,January
DST2752,Place_1752,Maharashtra,West,Beach,Wildlife,Ahmedabad,Tamil,383343,Pune Airport,42717,Winter,Summer,13.22,14,60.14,62.49,12.47,16.39,95,5,Difficult,true,true,true,68,5705,118,false,4,18.3,901,7,9,5,Lohri,Idli,95,true,6,35945111,true,1,3,false,78,1,true,true,May
DST2753,Place_1753,Goa,South,Heritage,Temples,Guwahati,Malayalam,886369,Raja Bhoj Airport,12971,Monsoon,Monsoon,1.59,9,61.88,63.92,32.88,58.24,208,2,Easy,false,false,false,92,2917,25,false,4,16.2,1666,6,7,3,Pongal,Biryani,47,true,6,17535197,true,1,5,false,27,1,false,false,December
DST2754,Place_1754,Maharashtra,East,Hill Station,Food,Guwahati,Bengali,338962,Netaji Subhas Chandra Bose International Airport,49159,Monsoon,Monsoon,14.69,7,41.99,81.83,20.98,49.96,56,2,Moderate,false,true,false,64,1113,151,false,1,20.6,1198.4,5,5,5,Ganesh Chaturthi,Idli,49,false,5,27016297,true,1,1,false,55,1,false,false,October
DST2755,Place_1755,Kerala,East,Wildlife,Temples,Guwahati,Marathi,527704,Lokpriya Gopinath Bordoloi International Airport,23482,Winter,Summer,14.91,4,83.08,83.94,11.32,34.64,233,4,Difficult,true,false,true,93,3151,111,false,3,33,2771.2,7,1,9,Diwali,Kebabs,66,true,2,2436747,true,5,4,true,55,5,true,false,March
DST2756,Place_1756,Maharashtra,North,Beach,Wildlife,Bengaluru,Marathi,916925,Kempegowda International Airport,20968,Monsoon,Summer,9.37,3,89.78,82.28,28.02,56.21,357,5,Easy,true,true,false,13,1427,122,false,4,38.5,1189.3,9,4,1,Pongal,Momos,39,false,2,2456363,false,1,1,false,11,1,true,true,May
DST2757,Place_1757,Assam,North,Urban,Scenery,Delhi,Malayalam,735833,Sardar Vallabhbhai Patel International Airport,17565,Monsoon,Summer,5.64,14,86.16,86.71,25.89,18.45,325,5,Easy,false,false,true,19,5598,83,false,5,36.4,216.4,1,3,6,Durga Puja,Vada Pav,12,false,6,29847502,false,3,3,false,36,3,false,false,January
DST2758,Place_1758,Maharashtra,Central,Hill Station,Wildlife,Bhopal,Marathi,411146,Kempegowda International Airport,7829,Monsoon,Winter,4.12,5,83.03,93.02,10.96,59.58,64,2,Difficult,true,true,true,41,7120,198,false,5,35.2,2314.4,10,7,10,Eid,Pav Bhaji,77,true,5,48176403,true,1,2,false,17,1,true,false,August
DST2759,Place_1759,Assam,South,Beach,Culture,Kolkata,Bengali,123731,Goa International Airport,11487,Summer,Winter,4.87,5,89.63,90.12,35.53,45.84,292,5,Easy,false,false,true,10,4378,62,true,2,22.5,2894.7,1,1,6,Bihu,Dosa,64,false,9,17674522,false,4,5,false,37,2,true,true,January
DST2760,Place_1760,Rajasthan,North,Hill Station,Wildlife,Kolkata,Bengali,238148,Sardar Vallabhbhai Patel International Airport,36435,Winter,Summer,1.7,2,85.39,74.65,34.91,14.92,323,5,Moderate,false,false,true,47,2944,127,false,3,34.1,591.2,5,10,7,Diwali,Biryani,84,true,3,25951105,true,1,5,false,65,1,false,true,October
DST2761,Place_1761,Himachal Pradesh,North,Urban,Wildlife,Guwahati,Hindi,887503,Chennai International Airport,33625,Winter,Winter,7.65,10,74.42,67.61,34.27,36.83,478,1,Difficult,true,true,true,49,1956,195,true,3,33.3,2921.1,8,4,10,Holi,Kebabs,86,false,9,29941838,false,3,4,true,58,3,true,false,October
DST2762,Place_1762,Tamil Nadu,Northeast,Beach,Culture,Ahmedabad,Tamil,986358,Rajiv Gandhi International Airport,43759,Monsoon,Monsoon,1.8,11,48.34,70.91,18.97,45.54,330,4,Difficult,true,false,true,80,9336,72,false,2,17.4,1889.9,7,5,10,Ganesh Chaturthi,Kebabs,75,true,9,1239202,false,1,4,true,78,2,false,true,January
DST2763,Place_1763,Assam,South,Urban,Food,Chennai,Marathi,752160,Kempegowda International Airport,17287,Summer,Monsoon,11.06,9,47.82,80.57,33.86,40.65,16,4,Easy,false,true,true,95,9800,150,true,4,17.9,2557.4,7,3,5,Ganesh Chaturthi,Vada Pav,45,false,7,2004297,true,2,1,false,36,5,false,true,January
DST2764,Place_1764,Goa,Central,Heritage,Wildlife,Pune,Bengali,141410,Pune Airport,39941,Winter,Summer,6.21,8,42.44,89.97,34.57,31.2,134,1,Difficult,true,true,true,75,6683,54,true,1,25,1471.4,3,5,7,Holi,Biryani,62,true,3,42017016,false,3,5,true,98,2,false,false,August
DST2765,Place_1765,Maharashtra,North,Urban,Temples,Ahmedabad,Tamil,854561,Rajiv Gandhi International Airport,43459,Winter,Monsoon,3.79,7,60.59,84.56,39.88,22.41,307,2,Difficult,false,true,true,32,8888,192,true,3,38.9,1905.3,9,4,2,Onam,Sarson da Saag,39,true,2,40802009,true,4,1,true,36,3,false,false,December
DST2766,Place_1766,Assam,Central,Heritage,Wildlife,Delhi,Tamil,547543,Pune Airport,48976,Monsoon,Monsoon,8.63,4,80.44,79.01,38.52,21.91,418,3,Difficult,true,true,true,56,7692,170,true,3,13.2,2539.1,5,5,2,Eid,Biryani,89,true,4,44102625,true,2,2,true,21,2,true,true,May
DST2767,Place_1767,Goa,West,Beach,Temples,Indore,Hindi,981380,Chaudhary Charan Singh International Airport,47003,Monsoon,Monsoon,14.63,5,64.51,81.07,18.4,56.35,129,2,Moderate,true,false,true,80,3282,71,false,4,39.7,2950.1,10,9,10,Durga Puja,Kebabs,63,true,7,1946431,false,2,5,true,13,4,false,true,October
DST2768,Place_1768,Himachal Pradesh,Central,Heritage,Culture,Mumbai,Tamil,816432,Kempegowda International Airport,14663,Monsoon,Monsoon,10.73,3,58.32,78.49,11.94,21.74,423,1,Moderate,false,false,false,39,7091,176,false,1,14.8,635.9,3,8,8,Navratri,Chole Bhature,41,false,8,42840782,true,5,2,true,61,3,false,true,May
DST2769,Place_1769,Himachal Pradesh,East,Beach,Wildlife,Guwahati,Tamil,328443,Chaudhary Charan Singh International Airport,10176,Winter,Monsoon,7.88,8,45.46,94.01,15.24,58.12,36,5,Moderate,false,false,true,70,6739,150,false,5,24.6,2706.4,6,8,6,Diwali,Rogan Josh,88,true,9,43561731,true,2,1,true,66,2,true,true,October
DST2770,Place_1770,Maharashtra,East,Beach,Culture,Bhopal,Malayalam,141041,Lokpriya Gopinath Bordoloi International Airport,16072,Monsoon,Winter,11.88,3,42.59,88.56,22.32,20.51,249,1,Moderate,false,false,true,30,3342,90,true,3,19.1,2035.1,8,2,5,Ganesh Chaturthi,Biryani,96,false,6,4750892,false,1,3,true,43,1,false,true,October
DST2771,Place_1771,Kerala,Central,Wildlife,Culture,Jaipur,Hindi,485760,Jaipur International Airport,6516,Monsoon,Winter,11.32,11,59.96,87.34,33.19,29.21,56,4,Easy,false,false,true,24,9691,82,true,4,22.6,2845.9,8,3,3,Onam,Idli,56,true,2,1015913,true,2,2,false,59,2,true,true,January
DST2772,Place_1772,Maharashtra,East,Beach,Food,Chennai,Hindi,677614,Netaji Subhas Chandra Bose International Airport,32832,Monsoon,Summer,13.48,2,45,78.11,30.3,10.62,356,5,Difficult,true,true,false,93,3733,150,false,3,38.7,1022.5,4,4,4,Navratri,Vada Pav,90,false,7,39722962,false,2,3,true,33,1,true,false,December
DST2773,Place_1773,Rajasthan,West,Heritage,Wildlife,Cochin,Marathi,531765,Devi Ahilya Bai Holkar Airport,20689,Summer,Monsoon,3.87,7,45.18,71.61,32.57,55.16,9,2,Moderate,false,true,true,66,6237,25,true,5,29,803.5,4,10,8,Navratri,Biryani,91,true,4,23783277,true,5,5,true,45,4,false,true,January
DST2774,Place_1774,Assam,South,Wildlife,Temples,Goa,Tamil,939528,Chennai International Airport,19599,Monsoon,Winter,13.02,5,59.77,60.68,18.3,15.22,459,5,Easy,true,false,true,89,5439,191,false,2,18.9,1160,9,1,10,Bihu,Rogan Josh,41,true,4,4762864,true,1,3,true,62,5,false,true,December
DST2775,Place_1775,Tamil Nadu,East,Wildlife,Temples,Chennai,Marathi,810938,Chennai International Airport,17509,Winter,Winter,5.21,9,65.14,61.52,13.64,27.87,80,4,Moderate,false,false,true,5,6872,167,true,4,28.9,2665,10,9,7,Eid,Chole Bhature,25,false,8,48502521,true,1,3,false,26,3,false,false,March
DST2776,Place_1776,Kerala,East,Beach,Wildlife,Cochin,Bengali,539268,Lokpriya Gopinath Bordoloi International Airport,36388,Monsoon,Winter,14.17,2,49.33,61.06,5.84,52.13,429,1,Easy,true,true,false,96,1046,176,true,1,23.6,1432.9,2,2,9,Ganesh Chaturthi,Biryani,74,true,8,1875940,false,2,1,false,41,5,false,false,January
DST2777,Place_1777,Maharashtra,Central,Urban,Food,Lucknow,Tamil,929599,Kempegowda International Airport,10200,Winter,Monsoon,4.93,10,74.23,94.32,26.92,49.59,89,2,Moderate,true,false,true,57,7047,106,true,2,38.3,2859.3,9,2,3,Navratri,Chole Bhature,23,true,8,26112385,true,4,1,true,63,2,true,true,March
DST2778,Place_1778,Goa,West,Urban,Food,Hyderabad,Bengali,547803,Indira Gandhi International Airport,26789,Summer,Winter,13.98,7,60.93,64.01,32.83,52.08,388,3,Moderate,true,false,false,81,7506,113,true,1,20.6,802.8,8,8,6,Durga Puja,Chole Bhature,75,true,6,30529958,false,4,1,true,69,4,true,false,December
DST2779,Place_1779,Kerala,South,Wildlife,Food,Delhi,Malayalam,947724,Netaji Subhas Chandra Bose International Airport,12896,Summer,Summer,14.49,3,44.6,64.97,36.12,55.71,388,3,Difficult,false,true,true,34,8500,73,true,5,27.5,739.6,3,10,7,Bihu,Sarson da Saag,79,true,4,44383713,true,1,1,true,64,2,true,false,October
DST2780,Place_1780,Assam,Central,Beach,Temples,Chennai,Tamil,437563,Goa International Airport,22931,Monsoon,Summer,3.04,9,71.85,76.95,21.67,55.55,119,1,Moderate,true,false,true,64,5709,79,false,1,35.5,2067.4,2,9,2,Holi,Chole Bhature,99,false,8,27392405,true,4,5,true,71,4,true,true,August
DST2781,Place_1781,Kerala,Central,Urban,Culture,Delhi,Marathi,797499,Chhatrapati Shivaji Maharaj International Airport,24087,Winter,Monsoon,14.64,6,57.85,76.85,37.47,48.52,101,2,Moderate,false,true,false,14,8147,149,true,3,38.8,945.8,2,1,4,Diwali,Rogan Josh,64,false,4,45972235,false,1,1,false,68,5,false,true,December
DST2782,Place_1782,Assam,Northeast,Beach,Food,Cochin,Marathi,610839,Devi Ahilya Bai Holkar Airport,24753,Monsoon,Summer,2.2,6,42.62,92.2,12.08,39.12,494,2,Easy,false,true,false,26,8863,139,true,5,34,474.5,1,2,1,Pongal,Kebabs,53,false,7,2183469,false,1,5,false,85,4,true,true,May
DST2783,Place_1783,Maharashtra,West,Beach,Temples,Ahmedabad,Tamil,974185,Devi Ahilya Bai Holkar Airport,34464,Monsoon,Winter,4.06,6,87.4,62.57,23,38.08,26,5,Difficult,true,true,false,33,2187,170,true,2,38.1,1190.2,10,10,4,Lohri,Pav Bhaji,17,false,9,14860774,false,3,5,true,15,2,false,false,May
DST2784,Place_1784,Assam,South,Wildlife,Temples,Goa,Marathi,766067,Raja Bhoj Airport,3270,Winter,Monsoon,7.22,8,68.56,93.5,12.48,10.65,260,1,Difficult,false,false,true,73,8028,152,false,3,23.9,871.9,9,5,2,Bihu,Vada Pav,97,true,6,30513709,true,1,3,false,41,4,true,false,August
DST2785,Place_1785,Kerala,West,Wildlife,Culture,Jaipur,Tamil,861752,Sardar Vallabhbhai Patel International Airport,27091,Winter,Summer,14.91,8,63.89,67.57,11.58,46.13,60,5,Easy,true,false,false,12,5265,90,false,3,32.9,1297.6,1,9,7,Onam,Pav Bhaji,67,false,9,31803083,false,3,5,true,11,1,true,false,August
DST2786,Place_1786,Goa,South,Hill Station,Wildlife,Jaipur,Hindi,608365,Devi Ahilya Bai Holkar Airport,42994,Winter,Monsoon,7.84,11,82.96,93.96,38.37,21.33,135,1,Moderate,true,false,false,57,1593,189,false,5,12.8,640.9,2,10,1,Onam,Rogan Josh,48,true,7,10667454,true,2,1,true,25,1,true,true,December
DST2787,Place_1787,Himachal Pradesh,West,Urban,Wildlife,Goa,Marathi,111093,Chennai International Airport,17060,Winter,Winter,8.71,12,86.84,78.95,33.62,51.43,414,4,Easy,false,false,true,15,3870,172,true,1,27.8,2875.3,7,5,6,Ganesh Chaturthi,Dosa,59,true,5,1300020,false,5,4,false,64,4,true,false,January
DST2788,Place_1788,Kerala,Central,Urban,Food,Kolkata,Tamil,990521,Rajiv Gandhi International Airport,43495,Winter,Summer,10.72,8,51.02,82.82,5.41,37.69,96,1,Moderate,false,true,true,30,1511,104,false,1,10.4,2424.8,5,7,3,Durga Puja,Kebabs,52,true,7,31663796,true,1,3,true,77,4,true,true,October
DST2789,Place_1789,Assam,Central,Urban,Food,Mumbai,Tamil,172043,Jaipur International Airport,42773,Summer,Winter,14.56,13,80.51,71.05,14.4,59.36,148,5,Moderate,false,false,true,23,6451,132,true,2,17.8,2538.6,1,6,8,Holi,Kebabs,40,true,3,41020323,true,2,5,true,37,4,false,true,December
DST2790,Place_1790,Himachal Pradesh,North,Heritage,Culture,Guwahati,Marathi,591338,Chaudhary Charan Singh International Airport,26587,Summer,Summer,11.97,11,81.55,81.41,12.18,20.51,226,2,Difficult,true,false,false,23,6322,47,true,5,30,963.6,4,6,8,Bihu,Idli,73,true,5,46969561,true,1,3,false,89,4,true,true,December
DST2791,Place_1791,Assam,East,Beach,Food,Kolkata,Hindi,486678,Chhatrapati Shivaji Maharaj International Airport,48852,Summer,Monsoon,4.14,3,42.72,84.88,10.15,46.17,276,1,Moderate,true,false,true,34,3076,51,true,2,15.1,2584.6,6,2,7,Diwali,Chole Bhature,94,true,3,49173275,false,1,5,true,32,4,false,false,May
DST2792,Place_1792,Goa,Northeast,Wildlife,Culture,Chennai,Marathi,499046,Goa International Airport,30729,Winter,Summer,5.24,9,75.6,60.36,29.41,37.38,306,2,Difficult,false,true,true,40,4010,118,true,4,16,1813.3,8,10,7,Holi,Biryani,29,false,3,32830016,false,5,5,true,56,1,true,false,August
DST2793,Place_1793,Assam,West,Urban,Temples,Hyderabad,Tamil,261680,Devi Ahilya Bai Holkar Airport,26594,Winter,Summer,2.37,2,43.15,61.2,24.84,56.59,334,4,Difficult,false,true,false,46,4745,90,false,5,11.9,264.5,2,8,1,Onam,Dosa,11,false,6,38115017,false,3,3,false,19,3,false,true,October
DST2794,Place_1794,Maharashtra,Northeast,Hill Station,Food,Cochin,Hindi,989297,Rajiv Gandhi International Airport,15816,Winter,Summer,10.02,14,69.73,94.53,20.89,23.3,227,3,Easy,true,true,true,60,9021,16,true,4,32.4,544.5,10,6,9,Ganesh Chaturthi,Vada Pav,52,true,5,7005974,false,1,3,true,70,5,false,true,December
DST2795,Place_1795,Tamil Nadu,North,Urban,Temples,Kolkata,Bengali,486822,Kempegowda International Airport,40485,Monsoon,Monsoon,3.53,3,73.46,76.01,11.63,12.97,314,3,Moderate,false,true,true,13,1558,65,true,2,23.4,1393.3,3,4,3,Onam,Vada Pav,49,false,8,8923106,true,1,2,false,91,1,true,true,May
DST2796,Place_1796,Kerala,East,Beach,Scenery,Kolkata,Malayalam,409431,Netaji Subhas Chandra Bose International Airport,22304,Summer,Summer,4.6,12,58.35,92.75,14.72,37.19,248,5,Easy,false,false,false,11,7243,142,false,4,36.6,1242,7,7,8,Eid,Dosa,67,false,7,10940942,false,3,2,true,62,4,false,false,October
DST2797,Place_1797,Tamil Nadu,West,Beach,Culture,Bhopal,Marathi,583263,Chennai International Airport,29386,Summer,Winter,13.43,8,84.04,85.55,17.46,36.08,257,1,Easy,true,true,false,22,2759,177,true,4,20.9,2406.3,1,9,2,Durga Puja,Idli,93,false,6,21424060,true,4,1,true,77,3,true,true,March
DST2798,Place_1798,Assam,South,Wildlife,Scenery,Kolkata,Tamil,657715,Sardar Vallabhbhai Patel International Airport,2116,Monsoon,Monsoon,5.57,5,80.03,73.05,32.49,25.59,413,4,Easy,false,true,false,13,7200,70,true,3,23.1,2633.6,7,7,1,Diwali,Biryani,95,false,7,7218668,false,5,5,false,94,3,true,false,May
DST2799,Place_1799,Goa,East,Heritage,Food,Delhi,Hindi,619333,Lokpriya Gopinath Bordoloi International Airport,30299,Monsoon,Monsoon,8.93,12,86.3,65.28,39.62,59.33,313,4,Easy,true,false,false,10,4705,74,true,3,24.8,2608.3,1,6,1,Navratri,Chole Bhature,22,true,5,35731521,false,5,3,true,68,5,true,true,March
DST2800,Place_1800,Kerala,Central,Wildlife,Temples,Indore,Hindi,577258,Chhatrapati Shivaji Maharaj International Airport,33587,Summer,Winter,6.57,11,55.74,94.24,11.44,13.49,219,2,Difficult,true,true,false,74,7626,102,true,2,35.8,1188.3,8,2,8,Onam,Idli,93,false,4,47531987,false,1,4,true,99,2,true,false,December
DST2801,Place_1801,Assam,North,Urban,Food,Bhopal,Bengali,783755,Lokpriya Gopinath Bordoloi International Airport,18540,Winter,Monsoon,2.04,11,41.08,80.46,16.95,38.48,464,5,Difficult,false,true,true,49,6264,94,false,2,18.8,1943.7,6,3,9,Holi,Rogan Josh,32,true,7,46967528,false,5,3,true,25,2,false,true,October
DST2802,Place_1802,Himachal Pradesh,East,Hill Station,Scenery,Ahmedabad,Marathi,471983,Chennai International Airport,48947,Summer,Summer,6.08,10,80.57,66.73,14.81,23.01,235,4,Difficult,true,false,false,26,8009,179,true,1,11.5,1541.6,10,7,3,Lohri,Idli,35,true,2,43087274,false,4,2,false,45,2,false,true,January
DST2803,Place_1803,Rajasthan,East,Wildlife,Food,Bhopal,Hindi,979094,Raja Bhoj Airport,34756,Winter,Monsoon,6.71,12,51.15,83.86,6.54,10.1,19,1,Difficult,false,true,false,85,4225,172,true,4,28.8,2677.9,7,1,7,Diwali,Idli,82,true,5,45256295,true,1,3,false,28,2,true,false,August
DST2804,Place_1804,Assam,Central,Heritage,Wildlife,Hyderabad,Bengali,850362,Indira Gandhi International Airport,44426,Summer,Winter,13.54,10,63.36,63.22,12.67,59.39,423,4,Moderate,true,false,true,83,2404,34,false,1,34.8,2678,2,1,2,Durga Puja,Momos,48,false,5,14224872,false,3,4,true,30,1,true,true,March
DST2805,Place_1805,Tamil Nadu,West,Wildlife,Scenery,Guwahati,Tamil,904402,Indira Gandhi International Airport,6587,Summer,Monsoon,5.54,4,80.87,90.38,36.56,34.08,412,3,Difficult,true,true,false,77,3697,15,true,1,26.7,256.2,6,3,8,Eid,Biryani,51,false,8,37073387,false,3,3,true,48,1,false,false,January
DST2806,Place_1806,Kerala,South,Beach,Food,Indore,Bengali,694506,Goa International Airport,19212,Monsoon,Winter,6.31,14,50.81,63.15,34.5,52.86,388,5,Moderate,false,false,false,74,7182,17,false,5,19.6,1759.2,5,5,3,Pongal,Biryani,41,false,4,40024767,false,1,3,false,46,4,true,true,May
DST2807,Place_1807,Tamil Nadu,Central,Urban,Temples,Cochin,Marathi,307547,Devi Ahilya Bai Holkar Airport,16803,Monsoon,Monsoon,11.96,14,55.6,68.27,10.87,52,344,2,Easy,true,false,true,91,8944,172,true,1,28.9,1560.1,3,3,10,Lohri,Momos,53,false,8,46273038,false,3,4,false,66,3,true,true,August
DST2808,Place_1808,Kerala,South,Urban,Food,Jaipur,Bengali,960794,Goa International Airport,25256,Winter,Winter,11.63,4,61.95,63.2,17.82,50.61,137,1,Moderate,false,false,true,85,6646,62,true,1,39.7,2334.1,9,9,10,Durga Puja,Vada Pav,49,true,9,18047092,false,3,2,false,30,1,true,false,October
DST2809,Place_1809,Assam,West,Urban,Temples,Lucknow,Hindi,778731,Indira Gandhi International Airport,11269,Winter,Monsoon,12.18,10,53.59,63.63,15.88,32.95,466,3,Difficult,true,true,true,36,3160,28,false,4,27.2,667.8,5,7,5,Onam,Momos,85,true,4,16589625,true,1,3,false,94,1,true,false,December
DST2810,Place_1810,Maharashtra,East,Urban,Wildlife,Delhi,Hindi,320967,Jaipur International Airport,7088,Summer,Summer,14.35,14,63.07,78.33,10.17,54.8,188,4,Difficult,false,false,true,71,1650,18,false,1,19.5,2115.5,8,2,7,Pongal,Dosa,85,true,8,25002203,true,2,2,true,22,5,true,true,August
DST2811,Place_1811,Himachal Pradesh,South,Urban,Food,Chennai,Malayalam,334625,Chaudhary Charan Singh International Airport,36113,Monsoon,Winter,12.14,11,40.48,84.04,26.78,28.36,104,5,Difficult,false,false,true,20,6597,170,false,4,17.3,2242,4,10,9,Eid,Idli,55,true,9,7682218,true,5,4,true,10,1,true,false,January
DST2812,Place_1812,Assam,North,Urban,Wildlife,Bhopal,Bengali,774555,Kempegowda International Airport,43044,Winter,Winter,6.71,13,50.61,87.6,24.51,30.42,367,5,Easy,true,true,true,6,6525,17,false,4,39.9,177.6,6,10,1,Holi,Biryani,35,false,3,43169572,false,5,3,false,44,2,false,false,January
DST2813,Place_1813,Tamil Nadu,North,Hill Station,Scenery,Hyderabad,Tamil,210949,Rajiv Gandhi International Airport,28081,Winter,Monsoon,12.5,9,81.63,84.33,19.94,22.79,384,1,Easy,true,false,false,71,9125,47,false,1,35.5,1350.7,4,3,5,Ganesh Chaturthi,Chole Bhature,23,true,2,30091988,false,2,3,true,59,1,true,true,May
DST2814,Place_1814,Rajasthan,Central,Heritage,Temples,Jaipur,Marathi,226895,Devi Ahilya Bai Holkar Airport,11543,Winter,Monsoon,8.12,2,60.67,72.72,34.94,32.4,430,2,Difficult,false,false,true,45,8319,169,true,4,18.4,2938.9,4,3,1,Lohri,Idli,87,true,2,1002510,false,3,5,false,62,2,true,true,October
DST2815,Place_1815,Rajasthan,West,Urban,Scenery,Hyderabad,Malayalam,389459,Chennai International Airport,4005,Summer,Monsoon,4.89,7,71.82,79.51,26.69,59.33,97,3,Easy,true,false,true,55,7051,32,true,2,17.9,971.8,9,9,2,Holi,Chole Bhature,20,false,2,13989245,true,5,1,true,18,1,false,true,May
DST2816,Place_1816,Goa,Central,Heritage,Temples,Pune,Bengali,875575,Raja Bhoj Airport,38203,Winter,Summer,5.24,8,51.61,92.47,14.07,38.66,440,2,Moderate,false,false,true,18,5497,171,true,2,34.1,2665.1,5,7,10,Bihu,Pav Bhaji,63,true,7,30294880,true,4,4,true,95,4,false,true,December
DST2817,Place_1817,Kerala,Central,Urban,Wildlife,Pune,Tamil,183804,Rajiv Gandhi International Airport,17220,Winter,Monsoon,4.13,12,72.49,73.57,18.08,51.55,269,1,Moderate,false,true,true,82,4335,96,false,4,39.8,1802,1,3,4,Lohri,Vada Pav,17,false,5,25739508,false,2,2,false,66,4,true,false,October
DST2818,Place_1818,Tamil Nadu,Northeast,Wildlife,Culture,Kolkata,Malayalam,830606,Rajiv Gandhi International Airport,44455,Monsoon,Winter,3.03,9,90,68.83,10.26,23.17,152,1,Moderate,true,false,false,98,4854,183,true,2,24,960,7,1,10,Eid,Rogan Josh,48,true,5,12942128,true,3,4,false,15,5,false,false,December
DST2819,Place_1819,Goa,Central,Urban,Food,Kolkata,Hindi,928013,Chennai International Airport,33696,Monsoon,Monsoon,3.58,13,69.76,78.18,25.7,57.8,217,3,Moderate,false,false,true,53,2612,169,true,5,16.8,2524.4,3,4,3,Onam,Biryani,24,true,6,30501643,false,4,5,true,57,3,false,false,December
DST2820,Place_1820,Tamil Nadu,Northeast,Beach,Wildlife,Goa,Marathi,800897,Chaudhary Charan Singh International Airport,15147,Monsoon,Summer,1.88,13,71.42,70.41,25.53,10.66,20,5,Difficult,false,false,false,53,5067,138,false,3,16.9,2972.9,3,5,10,Onam,Chole Bhature,13,true,3,8451421,true,2,4,true,68,5,false,true,May
DST2821,Place_1821,Kerala,North,Hill Station,Temples,Pune,Bengali,572913,Devi Ahilya Bai Holkar Airport,47381,Summer,Monsoon,13.44,3,45.58,69.16,35.46,56.51,271,5,Difficult,true,true,false,31,5476,16,true,2,33.9,2251.8,6,9,5,Navratri,Chole Bhature,74,true,4,29295363,false,3,1,false,96,1,true,true,August
DST2822,Place_1822,Assam,North,Wildlife,Temples,Cochin,Tamil,721645,Jaipur International Airport,48984,Monsoon,Monsoon,14.03,2,60.17,87.26,34.95,54.9,201,3,Moderate,false,true,true,85,5726,116,true,1,28.2,277.8,3,4,6,Holi,Biryani,44,true,4,41420902,false,1,4,false,76,1,true,false,October
DST2823,Place_1823,Assam,Central,Wildlife,Temples,Guwahati,Hindi,306337,Cochin International Airport,40396,Monsoon,Winter,9.21,5,83.04,91.18,34.29,13.37,159,2,Moderate,false,false,false,43,3276,121,true,2,29,252,1,10,1,Holi,Kebabs,15,false,4,38204587,false,3,2,true,93,1,true,false,October
DST2824,Place_1824,Rajasthan,North,Beach,Temples,Cochin,Malayalam,738272,Jaipur International Airport,1076,Monsoon,Monsoon,12.77,2,81.71,77.58,24.21,40.24,491,3,Difficult,false,false,true,77,4886,33,false,5,15.8,1525.5,6,2,9,Holi,Rogan Josh,75,true,6,6728218,true,4,2,false,31,1,true,false,October
DST2825,Place_1825,Assam,West,Urban,Food,Lucknow,Marathi,454593,Raja Bhoj Airport,39520,Monsoon,Summer,3.57,3,66.12,87.29,27.82,49.26,428,5,Easy,true,true,false,40,6649,139,false,5,13.9,117.6,7,1,10,Holi,Dosa,92,false,6,47769617,false,5,1,true,30,2,false,false,May
DST2826,Place_1826,Assam,Northeast,Hill Station,Scenery,Jaipur,Malayalam,351176,Raja Bhoj Airport,19946,Winter,Monsoon,13.62,4,85.17,66.55,32.14,30.19,63,2,Moderate,true,false,false,14,8650,155,true,5,10.3,2060.3,5,5,2,Lohri,Idli,62,true,5,43613390,false,2,5,true,24,3,true,true,December
DST2827,Place_1827,Maharashtra,Northeast,Wildlife,Culture,Indore,Malayalam,253256,Netaji Subhas Chandra Bose International Airport,18956,Summer,Monsoon,8.09,5,47.15,79.17,8.21,14.59,83,4,Easy,true,true,false,97,6587,92,false,2,37.5,147.3,1,3,8,Onam,Momos,92,true,6,28959856,false,1,3,false,58,4,false,false,May
DST2828,Place_1828,Rajasthan,Central,Hill Station,Food,Chennai,Tamil,257642,Goa International Airport,24471,Winter,Winter,1.94,13,72.91,82.27,15.52,51.47,72,2,Difficult,true,false,false,8,4753,115,true,3,20.6,2921.9,2,9,9,Pongal,Dosa,32,true,6,17699809,false,2,3,true,88,3,false,false,December
DST2829,Place_1829,Goa,North,Wildlife,Temples,Goa,Hindi,230522,Cochin International Airport,48762,Winter,Monsoon,2.98,13,52.44,77.17,10.92,33.32,59,5,Moderate,false,true,true,89,1676,109,false,1,32.7,2653.8,2,3,1,Navratri,Kebabs,82,false,4,30335748,true,3,1,false,59,2,false,false,May
DST2830,Place_1830,Himachal Pradesh,South,Urban,Food,Mumbai,Bengali,405174,Raja Bhoj Airport,39738,Summer,Winter,5.33,7,72.28,64.09,22.9,23.16,353,1,Moderate,false,false,false,6,4054,65,false,3,36.5,2464.6,10,3,2,Lohri,Kebabs,28,true,7,31287808,false,1,1,true,56,1,false,true,January
DST2831,Place_1831,Maharashtra,Northeast,Wildlife,Wildlife,Mumbai,Tamil,948677,Kempegowda International Airport,41720,Winter,Winter,1.61,9,44.37,85.69,34.32,13.54,478,2,Easy,false,false,true,83,2263,101,true,2,28,2456,8,2,3,Navratri,Chole Bhature,22,true,9,25670425,true,5,2,false,88,2,false,true,August
DST2832,Place_1832,Goa,Central,Wildlife,Temples,Indore,Marathi,810827,Netaji Subhas Chandra Bose International Airport,30137,Monsoon,Monsoon,5.33,10,87.18,89.37,13.07,42.01,146,2,Easy,false,true,false,32,8003,41,true,3,22.7,2519.7,8,3,9,Pongal,Dosa,71,true,7,49842889,false,2,1,true,78,4,false,true,May
DST2833,Place_1833,Kerala,Central,Heritage,Culture,Delhi,Malayalam,350690,Chaudhary Charan Singh International Airport,25440,Summer,Winter,1.84,5,79.32,82.23,30.58,12.12,46,1,Easy,true,false,true,93,4344,86,false,4,11.2,1359.3,8,9,3,Navratri,Rogan Josh,17,true,6,9343007,true,2,2,true,50,3,true,true,August
DST2834,Place_1834,Maharashtra,West,Urban,Temples,Lucknow,Marathi,659421,Rajiv Gandhi International Airport,12862,Winter,Winter,4.3,2,50.05,65.92,19.2,49.55,222,5,Easy,false,true,false,30,3638,79,false,1,20.1,2396.4,2,7,6,Diwali,Vada Pav,71,false,8,7127959,true,4,4,true,93,1,false,false,March
DST2835,Place_1835,Goa,East,Beach,Culture,Lucknow,Tamil,834091,Kempegowda International Airport,36879,Winter,Monsoon,4.72,6,71.86,62.61,36.61,48.54,447,4,Moderate,false,false,true,77,6947,102,true,4,19.6,1164.7,5,2,9,Pongal,Rogan Josh,65,false,9,5807971,false,3,2,false,31,5,true,true,May
DST2836,Place_1836,Kerala,East,Beach,Culture,Chennai,Tamil,668286,Netaji Subhas Chandra Bose International Airport,3737,Monsoon,Monsoon,14.92,6,77.96,70.56,26.94,26.15,157,4,Difficult,true,false,false,34,2081,19,true,4,27,2560.3,5,3,7,Eid,Rogan Josh,47,true,8,30808172,false,4,2,true,86,4,false,true,October
DST2837,Place_1837,Rajasthan,Northeast,Urban,Scenery,Hyderabad,Bengali,248310,Devi Ahilya Bai Holkar Airport,43312,Winter,Summer,4.3,10,50.47,61.29,39.18,33.61,46,3,Easy,true,true,true,13,8614,132,true,3,32.9,1892.1,4,8,10,Holi,Dosa,82,false,3,44436553,false,1,4,true,71,1,true,false,October
DST2838,Place_1838,Himachal Pradesh,West,Beach,Scenery,Mumbai,Malayalam,836448,Goa International Airport,22788,Winter,Summer,4.35,7,44.67,89.37,13.6,43.46,471,4,Easy,false,true,true,5,7407,177,false,4,31.3,1139.2,8,10,6,Pongal,Pav Bhaji,24,true,8,7180193,false,2,2,true,87,5,true,false,March
DST2839,Place_1839,Kerala,West,Urban,Food,Hyderabad,Tamil,561480,Netaji Subhas Chandra Bose International Airport,26522,Winter,Winter,10.62,6,57.59,84.61,37.34,57.96,288,4,Difficult,false,true,false,60,2480,83,true,1,36.1,2261.9,8,8,2,Holi,Sarson da Saag,71,false,6,49926567,true,1,3,false,19,4,true,true,December
DST2840,Place_1840,Assam,West,Beach,Food,Hyderabad,Marathi,477747,Indira Gandhi International Airport,5649,Summer,Winter,13.03,11,46.79,79.73,17.5,36.01,209,2,Moderate,false,false,false,60,7681,43,false,4,11.4,804.2,9,10,6,Bihu,Sarson da Saag,70,true,8,17390521,true,5,2,false,83,1,false,false,May
DST2841,Place_1841,Tamil Nadu,Northeast,Heritage,Culture,Lucknow,Bengali,148245,Jaipur International Airport,4868,Summer,Monsoon,6.42,11,68.29,91.14,26.77,59.83,20,3,Difficult,false,false,false,80,2901,93,false,2,28.2,2897.5,4,1,10,Ganesh Chaturthi,Biryani,55,false,7,13679565,true,5,1,false,28,5,true,false,October
DST2842,Place_1842,Kerala,East,Beach,Temples,Hyderabad,Marathi,385701,Pune Airport,8824,Winter,Summer,13.26,6,61.21,63.85,11.11,26.26,350,4,Difficult,true,false,false,65,1421,120,true,1,15.7,2027.8,1,1,1,Holi,Biryani,43,false,7,23338756,false,4,2,true,97,1,false,false,October
DST2843,Place_1843,Kerala,West,Wildlife,Wildlife,Mumbai,Malayalam,432618,Netaji Subhas Chandra Bose International Airport,8799,Winter,Summer,5.76,9,63.12,85.01,31.59,36.32,318,2,Easy,true,false,false,49,4120,42,false,2,39.2,1263.5,9,8,7,Eid,Kebabs,34,false,2,5829713,false,4,4,true,52,3,true,false,December
DST2844,Place_1844,Himachal Pradesh,North,Urban,Wildlife,Jaipur,Bengali,327810,Chhatrapati Shivaji Maharaj International Airport,20870,Monsoon,Monsoon,3.76,12,67.14,65.13,39.24,15.78,230,3,Difficult,false,false,true,17,3490,97,false,2,22.3,1697.1,1,8,6,Holi,Momos,10,false,6,29195704,true,4,1,true,74,3,true,true,March
DST2845,Place_1845,Tamil Nadu,Central,Hill Station,Temples,Bhopal,Bengali,296739,Cochin International Airport,46147,Summer,Monsoon,5.61,2,89.1,62.13,32.56,37.82,297,2,Difficult,true,false,true,18,5116,106,false,5,28.7,2238.9,4,2,8,Eid,Dosa,84,false,5,16714741,true,2,4,false,36,5,true,true,October
DST2846,Place_1846,Assam,Central,Hill Station,Temples,Bengaluru,Bengali,977660,Indira Gandhi International Airport,18386,Summer,Monsoon,9.53,6,79.63,64.65,26.55,36.82,444,1,Moderate,false,true,false,14,1396,66,true,5,20.5,2412.2,10,8,2,Durga Puja,Dosa,24,true,3,6504263,false,5,4,false,17,3,false,false,December
DST2847,Place_1847,Goa,South,Urban,Scenery,Guwahati,Hindi,886170,Devi Ahilya Bai Holkar Airport,9614,Summer,Monsoon,6.14,2,71.47,93.28,20.69,52.44,104,5,Easy,false,false,false,21,7498,159,false,2,16.6,2927.4,1,1,1,Eid,Momos,99,false,6,16462750,true,5,3,true,63,3,false,true,August
DST2848,Place_1848,Goa,South,Heritage,Wildlife,Hyderabad,Bengali,316585,Rajiv Gandhi International Airport,26147,Winter,Summer,10.42,8,58.19,75.42,17.08,59.83,125,5,Easy,false,true,false,21,3975,185,true,4,30.6,706,3,5,9,Pongal,Rogan Josh,56,false,9,11762859,true,4,5,true,90,4,false,false,December
DST2849,Place_1849,Kerala,Northeast,Beach,Culture,Chennai,Marathi,165074,Sardar Vallabhbhai Patel International Airport,12101,Monsoon,Monsoon,4.32,8,41.35,61.71,19.67,59.31,370,5,Easy,false,false,false,35,2812,41,false,2,38.2,1562.9,3,10,9,Eid,Sarson da Saag,47,false,5,17017979,true,5,3,true,37,2,false,false,August
DST2850,Place_1850,Tamil Nadu,Northeast,Heritage,Food,Guwahati,Marathi,158204,Jaipur International Airport,41674,Monsoon,Monsoon,10.81,14,45.83,80.43,16.49,21.82,298,4,Moderate,true,true,false,50,8693,134,false,2,11.8,365.2,7,5,10,Ganesh Chaturthi,Pav Bhaji,42,false,9,40659857,false,2,4,false,53,3,false,true,January
DST2851,Place_1851,Tamil Nadu,Central,Hill Station,Scenery,Guwahati,Malayalam,853957,Chaudhary Charan Singh International Airport,39127,Winter,Summer,5.86,11,76.54,66.99,34.14,26.92,67,5,Moderate,false,true,true,53,3526,117,false,5,34.8,338.6,3,8,7,Durga Puja,Vada Pav,58,true,9,11227852,true,3,4,false,33,5,true,false,January
DST2852,Place_1852,Assam,North,Urban,Wildlife,Ahmedabad,Tamil,323872,Chennai International Airport,21914,Winter,Monsoon,7.38,9,58.46,60.24,36.26,23.73,25,5,Moderate,true,false,true,94,1006,182,true,3,20.2,402.6,6,8,1,Ganesh Chaturthi,Dosa,36,false,7,35614500,true,2,4,false,74,4,true,true,December
DST2853,Place_1853,Himachal Pradesh,East,Urban,Temples,Kolkata,Tamil,780935,Chaudhary Charan Singh International Airport,10615,Monsoon,Summer,8.81,8,56.72,86.54,38.24,19.98,160,3,Moderate,false,true,true,79,5835,11,true,3,13.6,852.6,10,10,2,Ganesh Chaturthi,Rogan Josh,61,false,3,28837578,false,1,4,true,17,5,true,true,May
DST2854,Place_1854,Rajasthan,East,Heritage,Wildlife,Chennai,Hindi,573479,Indira Gandhi International Airport,24053,Monsoon,Summer,10.61,12,84.45,65.42,19.64,17.51,107,3,Easy,true,false,false,84,9290,192,false,3,31.4,2119.4,4,4,9,Ganesh Chaturthi,Chole Bhature,85,true,6,35410754,true,1,4,true,11,3,true,false,January
DST2855,Place_1855,Goa,Northeast,Heritage,Culture,Pune,Bengali,307096,Devi Ahilya Bai Holkar Airport,35521,Summer,Monsoon,4.34,10,64.23,92.99,24.12,35.59,288,3,Easy,false,true,false,97,2490,68,false,2,12.5,2597.3,6,2,5,Onam,Idli,93,false,8,27379151,false,4,3,true,27,1,false,false,October
DST2856,Place_1856,Himachal Pradesh,North,Beach,Scenery,Bhopal,Hindi,779760,Lokpriya Gopinath Bordoloi International Airport,14481,Winter,Monsoon,12.7,9,84.98,80.75,25.19,53.62,304,4,Difficult,true,true,false,22,5225,42,false,2,31.8,1364.4,9,6,2,Eid,Dosa,21,true,3,26550407,true,1,5,false,88,1,false,false,December
DST2857,Place_1857,Maharashtra,Northeast,Wildlife,Temples,Mumbai,Malayalam,631134,Goa International Airport,47898,Summer,Winter,11.11,9,84.33,63.04,27.79,39.49,83,5,Moderate,false,true,true,79,6185,105,false,4,23.1,1710.1,7,4,5,Bihu,Biryani,70,false,7,8388880,true,4,4,false,70,3,false,false,October
DST2858,Place_1858,Goa,East,Wildlife,Culture,Ahmedabad,Malayalam,533568,Goa International Airport,44882,Monsoon,Winter,4.28,4,44.01,67.62,5.09,53.63,40,4,Difficult,false,true,false,15,5814,114,true,5,14.9,698.5,1,2,1,Holi,Dosa,46,true,9,7326072,true,3,5,false,51,1,true,true,May
DST2859,Place_1859,Himachal Pradesh,Northeast,Beach,Food,Cochin,Tamil,123694,Goa International Airport,11495,Summer,Summer,14.65,11,87.27,81.38,34.49,57.97,199,4,Moderate,false,true,false,77,4215,23,false,2,14.7,2394.1,8,9,10,Diwali,Dosa,15,true,7,30110501,false,2,1,true,49,2,true,true,January
DST2860,Place_1860,Goa,West,Wildlife,Scenery,Kolkata,Malayalam,383884,Chhatrapati Shivaji Maharaj International Airport,27282,Monsoon,Summer,10.31,5,43.85,71.83,14.38,29.16,35,4,Difficult,true,true,false,93,3315,68,false,1,32.4,2676.2,4,9,5,Holi,Idli,93,true,2,14583884,true,5,2,false,13,5,false,true,January
DST2861,Place_1861,Rajasthan,Northeast,Hill Station,Culture,Goa,Bengali,655284,Chaudhary Charan Singh International Airport,1146,Monsoon,Winter,7.33,5,88.18,78.63,21.53,51.78,455,4,Easy,true,true,true,59,7627,24,true,1,34.8,1508.2,8,7,7,Onam,Biryani,96,true,4,27625584,false,1,4,true,73,2,false,true,October
DST2862,Place_1862,Maharashtra,Central,Wildlife,Culture,Chennai,Marathi,688162,Raja Bhoj Airport,41275,Summer,Summer,3.21,2,62.63,87.98,34.45,12.62,350,4,Easy,true,false,true,7,7453,168,false,5,30.6,566.5,3,2,8,Lohri,Biryani,88,false,6,15466860,true,3,4,false,48,4,false,false,August
DST2863,Place_1863,Rajasthan,Northeast,Beach,Temples,Ahmedabad,Malayalam,197661,Lokpriya Gopinath Bordoloi International Airport,16977,Winter,Winter,8.47,7,78.04,87.74,39.89,34.05,374,4,Moderate,false,false,true,82,7826,38,false,1,31.6,114.8,10,3,3,Holi,Kebabs,43,false,3,41831623,false,2,4,false,88,3,false,true,January
DST2864,Place_1864,Assam,Central,Wildlife,Food,Bengaluru,Hindi,731233,Raja Bhoj Airport,42565,Summer,Monsoon,3.31,3,75.31,84.43,32.82,28.41,405,5,Easy,false,false,true,93,5597,121,true,1,35.4,1655.6,5,9,4,Eid,Biryani,17,true,5,26533266,false,3,2,false,99,5,true,true,March
DST2865,Place_1865,Maharashtra,North,Urban,Culture,Mumbai,Bengali,815042,Chhatrapati Shivaji Maharaj International Airport,42534,Summer,Monsoon,7.01,10,65.92,91.01,5.87,20.24,233,3,Moderate,true,false,true,20,3051,118,false,5,22.9,1543.1,3,8,2,Diwali,Pav Bhaji,93,false,2,48841911,true,2,5,true,86,3,false,false,October
DST2866,Place_1866,Kerala,East,Heritage,Scenery,Jaipur,Malayalam,799560,Chennai International Airport,34945,Winter,Monsoon,6.72,2,70.97,66.98,17.91,31.92,241,2,Difficult,false,true,true,13,5555,132,false,2,15,2784.8,3,10,1,Durga Puja,Rogan Josh,15,false,4,13779253,false,1,3,true,19,3,true,true,May
DST2867,Place_1867,Himachal Pradesh,South,Hill Station,Culture,Delhi,Malayalam,122970,Raja Bhoj Airport,45286,Winter,Summer,11.08,2,87.5,66.2,13.65,32.19,430,2,Moderate,false,true,false,72,8956,56,true,2,21.3,205.8,3,2,10,Lohri,Idli,69,true,5,31257470,false,4,4,false,43,2,true,false,January
DST2868,Place_1868,Maharashtra,South,Urban,Wildlife,Guwahati,Bengali,793431,Sardar Vallabhbhai Patel International Airport,37190,Summer,Monsoon,3.69,12,86.37,87.98,38.74,50.43,338,2,Difficult,true,false,false,49,7550,194,false,4,39.4,532,4,5,8,Durga Puja,Idli,35,false,9,16819206,false,2,2,false,36,1,true,true,August
DST2869,Place_1869,Assam,East,Urban,Scenery,Lucknow,Malayalam,807628,Jaipur International Airport,3594,Monsoon,Summer,12.51,14,72.72,71.23,14.25,53.45,19,1,Difficult,true,false,false,6,3217,67,false,2,23.5,673.3,3,2,7,Holi,Kebabs,58,true,2,10936369,false,2,1,true,54,1,true,true,October
DST2870,Place_1870,Assam,South,Beach,Scenery,Indore,Marathi,515474,Jaipur International Airport,12074,Summer,Monsoon,5.57,11,72.89,77.93,38.02,42.85,342,3,Moderate,false,true,true,93,8002,102,true,1,37.7,1686.7,2,1,8,Diwali,Rogan Josh,27,true,6,49364928,false,3,2,false,97,5,true,false,January
DST2871,Place_1871,Rajasthan,Northeast,Heritage,Culture,Bengaluru,Tamil,713178,Pune Airport,28431,Monsoon,Summer,7.22,12,52.35,86.04,37.81,41.67,151,5,Easy,true,false,true,26,9799,94,true,1,31.1,925.7,6,9,5,Durga Puja,Rogan Josh,23,false,5,44989050,true,1,4,true,19,5,false,false,August
DST2872,Place_1872,Goa,North,Heritage,Temples,Pune,Bengali,851537,Chhatrapati Shivaji Maharaj International Airport,18148,Winter,Summer,11.81,7,81.43,73.86,34.38,15.51,381,4,Difficult,false,true,true,73,6753,168,true,4,32.1,696.5,1,7,5,Lohri,Vada Pav,29,true,8,20446860,true,3,5,false,86,5,false,false,December
DST2873,Place_1873,Maharashtra,North,Hill Station,Scenery,Cochin,Hindi,157300,Chennai International Airport,23661,Winter,Winter,9.76,14,71.63,64.56,8.43,38.76,170,2,Easy,false,false,true,53,7325,62,false,5,15.7,1591.8,5,4,1,Durga Puja,Biryani,51,true,3,20083068,false,4,5,true,92,4,false,true,August
DST2874,Place_1874,Himachal Pradesh,East,Beach,Wildlife,Lucknow,Malayalam,361387,Netaji Subhas Chandra Bose International Airport,28571,Monsoon,Winter,5.31,2,81.31,83.78,5.07,23.72,215,3,Difficult,false,true,false,25,3394,95,true,1,21.1,217.9,6,3,9,Pongal,Biryani,74,false,7,28804592,false,5,1,true,46,1,true,false,October
DST2875,Place_1875,Maharashtra,South,Hill Station,Temples,Jaipur,Tamil,161915,Netaji Subhas Chandra Bose International Airport,45160,Summer,Winter,6.41,13,72.89,88.6,32.79,24.74,355,5,Difficult,true,false,false,78,2909,73,false,2,32,2928.2,1,3,3,Bihu,Biryani,96,true,2,14061373,true,3,4,true,12,4,true,true,January
DST2876,Place_1876,Tamil Nadu,Northeast,Wildlife,Temples,Guwahati,Hindi,239516,Rajiv Gandhi International Airport,1435,Winter,Summer,5.28,4,54.97,60.45,34.52,14.74,328,2,Difficult,false,false,true,91,1869,91,false,2,29.7,2597,1,7,1,Pongal,Idli,71,false,2,17302866,true,5,1,true,24,5,false,false,May
DST2877,Place_1877,Goa,North,Urban,Temples,Bengaluru,Hindi,699435,Chhatrapati Shivaji Maharaj International Airport,37119,Monsoon,Winter,9.33,11,49.47,79.69,38.68,41.79,231,3,Difficult,true,false,true,95,3677,11,true,2,35.9,888.7,7,10,4,Diwali,Idli,67,true,6,7823862,false,3,1,false,71,2,false,true,January
DST2878,Place_1878,Himachal Pradesh,North,Hill Station,Scenery,Kolkata,Marathi,700352,Kempegowda International Airport,44937,Monsoon,Winter,5.66,3,43.85,76.43,12.64,39.19,15,5,Moderate,true,true,true,98,7483,69,true,1,16.3,1074.9,6,9,4,Pongal,Chole Bhature,25,false,2,30666360,false,2,4,true,18,5,false,true,December
DST2879,Place_1879,Himachal Pradesh,West,Urban,Temples,Ahmedabad,Tamil,166535,Chaudhary Charan Singh International Airport,17518,Summer,Winter,11.16,14,69.3,69.09,30.66,21.01,282,3,Difficult,true,false,false,59,9443,93,true,3,32.4,813.1,9,7,8,Durga Puja,Rogan Josh,54,true,4,10718846,true,4,5,false,76,2,true,true,March
DST2880,Place_1880,Kerala,West,Beach,Culture,Indore,Bengali,628048,Devi Ahilya Bai Holkar Airport,29490,Monsoon,Summer,9.12,12,54.2,65.64,23.17,23.15,300,4,Easy,false,false,true,8,4896,185,true,1,11.2,2792.4,4,2,10,Navratri,Vada Pav,48,true,3,2958908,false,5,5,true,13,1,false,true,May
DST2881,Place_1881,Rajasthan,North,Wildlife,Temples,Mumbai,Tamil,792244,Devi Ahilya Bai Holkar Airport,22002,Monsoon,Summer,3.04,10,71.53,66.58,16.5,48.65,164,3,Easy,true,true,false,62,1098,57,false,1,19,1994.3,3,6,10,Pongal,Sarson da Saag,28,true,9,49760257,true,5,5,false,38,3,false,true,October
DST2882,Place_1882,Kerala,East,Beach,Wildlife,Bhopal,Tamil,989147,Rajiv Gandhi International Airport,42763,Summer,Winter,5.34,6,42.93,85.37,26.22,49.65,268,3,Moderate,false,true,false,74,2312,127,false,3,28.9,1611.4,6,8,5,Navratri,Dosa,17,true,7,22885333,true,3,5,false,38,3,true,true,March
DST2883,Place_1883,Himachal Pradesh,Central,Wildlife,Food,Ahmedabad,Hindi,580693,Rajiv Gandhi International Airport,3366,Winter,Winter,4.1,7,58.78,78.77,24.19,34.65,178,1,Difficult,false,false,true,63,6657,198,false,3,39.4,1574.9,8,7,10,Ganesh Chaturthi,Vada Pav,33,false,6,47332935,true,4,5,true,40,5,false,false,March
DST2884,Place_1884,Goa,Central,Wildlife,Wildlife,Hyderabad,Marathi,285576,Lokpriya Gopinath Bordoloi International Airport,13367,Winter,Summer,6.46,3,53.03,94.34,15.23,17.45,257,4,Moderate,true,true,true,30,5695,141,true,2,39.7,581.2,5,2,5,Holi,Dosa,25,true,9,2528362,true,3,1,false,69,1,true,false,January
DST2885,Place_1885,Maharashtra,Northeast,Urban,Scenery,Chennai,Marathi,230992,Rajiv Gandhi International Airport,12454,Winter,Summer,8.22,9,58.52,68.51,14.4,12.78,75,3,Easy,true,true,true,78,4863,35,true,2,23.2,2891.7,3,7,1,Onam,Chole Bhature,22,true,8,25042265,false,5,3,true,31,2,false,true,August
DST2886,Place_1886,Maharashtra,North,Beach,Temples,Pune,Tamil,536346,Raja Bhoj Airport,10668,Monsoon,Winter,8.09,7,42.71,93.49,22.03,23.57,104,4,Difficult,true,true,false,73,6168,93,false,2,32.9,2752.3,3,9,4,Eid,Chole Bhature,39,false,4,24230923,false,4,4,true,91,3,true,true,March
DST2887,Place_1887,Goa,North,Beach,Temples,Hyderabad,Tamil,274953,Chennai International Airport,4415,Monsoon,Winter,11.56,12,76.21,78.03,21.59,46.56,352,3,Easy,false,false,false,43,1584,159,true,1,28,2862,1,3,8,Diwali,Rogan Josh,22,true,6,28098882,false,3,3,false,75,3,true,false,December
DST2888,Place_1888,Himachal Pradesh,North,Hill Station,Culture,Indore,Malayalam,686687,Lokpriya Gopinath Bordoloi International Airport,32773,Summer,Winter,3.65,13,45.83,65.11,15.57,40.04,86,4,Moderate,false,true,false,5,7853,180,false,5,31.3,943.7,6,3,8,Eid,Biryani,94,false,6,13185364,false,2,1,true,53,1,false,false,October
DST2889,Place_1889,Assam,East,Beach,Temples,Hyderabad,Hindi,529667,Devi Ahilya Bai Holkar Airport,11232,Monsoon,Summer,14.25,9,40.72,65.19,14.23,45.91,314,5,Moderate,true,false,false,61,7558,29,true,4,32,1482.3,10,5,4,Ganesh Chaturthi,Pav Bhaji,92,true,3,45809867,true,4,4,true,44,2,true,false,October
DST2890,Place_1890,Maharashtra,West,Hill Station,Wildlife,Pune,Bengali,544629,Devi Ahilya Bai Holkar Airport,30039,Monsoon,Winter,5.8,9,87.31,81.3,38.4,33.59,13,2,Easy,false,true,false,52,5204,102,true,5,26.4,1604.9,7,9,3,Eid,Idli,36,true,2,41978458,false,2,1,true,21,3,false,true,December
DST2891,Place_1891,Assam,North,Heritage,Scenery,Indore,Bengali,847417,Goa International Airport,26568,Winter,Summer,5.2,2,49.64,89.1,35.18,47.74,358,1,Difficult,true,false,false,76,5182,57,true,3,34.4,1520.1,9,1,4,Navratri,Sarson da Saag,47,false,6,45691328,false,4,4,false,31,1,true,false,December
DST2892,Place_1892,Maharashtra,North,Heritage,Food,Chennai,Marathi,424422,Jaipur International Airport,38459,Monsoon,Monsoon,10.59,8,81.4,86.17,33.59,34.04,432,2,Difficult,false,true,true,25,6828,130,true,1,27.5,155.6,6,7,6,Holi,Pav Bhaji,47,true,5,28456682,true,5,2,true,99,1,false,true,August
DST2893,Place_1893,Maharashtra,South,Heritage,Temples,Guwahati,Hindi,737574,Rajiv Gandhi International Airport,8669,Monsoon,Winter,12.28,3,88.22,82.95,12.5,14.2,285,3,Easy,false,true,true,35,9848,104,false,1,13,2516.1,8,7,3,Bihu,Dosa,60,false,9,5737986,true,4,1,true,98,4,true,false,March
DST2894,Place_1894,Rajasthan,East,Beach,Food,Kolkata,Marathi,789981,Jaipur International Airport,25213,Monsoon,Monsoon,6.3,12,66.71,66.02,11.63,13.99,246,3,Easy,true,false,true,62,7152,70,true,4,39.7,2265,6,4,3,Pongal,Sarson da Saag,32,true,3,28567285,true,2,1,false,41,1,true,false,August
DST2895,Place_1895,Rajasthan,Northeast,Beach,Temples,Cochin,Bengali,852345,Jaipur International Airport,19280,Summer,Summer,11.46,9,66.31,63.79,33.33,51.58,365,5,Difficult,true,false,false,51,4517,160,false,5,19.1,1476.9,2,6,9,Pongal,Pav Bhaji,25,true,3,28344437,false,3,2,true,18,3,true,true,March
DST2896,Place_1896,Tamil Nadu,North,Hill Station,Scenery,Goa,Tamil,878839,Chhatrapati Shivaji Maharaj International Airport,20449,Monsoon,Monsoon,13.37,13,58.37,60.01,11.46,41.48,240,3,Easy,false,false,true,27,4340,70,true,3,38.9,875.5,3,1,3,Durga Puja,Vada Pav,55,false,8,27466238,false,5,5,false,73,2,true,false,January
DST2897,Place_1897,Kerala,South,Wildlife,Wildlife,Bhopal,Hindi,768439,Chennai International Airport,36516,Summer,Winter,11.74,3,61.28,63.56,22.62,23.96,353,4,Moderate,false,false,true,79,5998,89,true,4,18.8,1941.4,1,10,1,Diwali,Vada Pav,97,false,5,27671433,true,2,2,false,68,1,true,false,October
DST2898,Place_1898,Goa,Central,Hill Station,Scenery,Chennai,Hindi,979947,Jaipur International Airport,24076,Winter,Monsoon,1.48,5,64.1,86.82,12.75,47.86,8,2,Difficult,true,false,true,84,8919,28,false,1,35.6,501,5,4,3,Bihu,Dosa,53,false,9,7719244,true,1,2,true,83,3,true,true,December
DST2899,Place_1899,Goa,Northeast,Heritage,Food,Mumbai,Malayalam,152142,Rajiv Gandhi International Airport,3661,Monsoon,Monsoon,12.58,3,47.6,91.33,18.23,16.79,462,3,Difficult,false,false,false,95,8655,22,true,4,30.7,2992.1,6,3,8,Bihu,Chole Bhature,89,true,3,25979730,false,4,3,false,73,4,false,true,August
DST2900,Place_1900,Goa,North,Hill Station,Temples,Ahmedabad,Tamil,604455,Chennai International Airport,24333,Summer,Monsoon,11.84,14,58.24,68.41,34.87,42.26,23,5,Moderate,true,false,true,11,8268,139,false,2,20.7,463.5,6,5,9,Pongal,Pav Bhaji,58,true,6,48002462,false,1,3,false,57,2,false,false,March
DST2901,Place_1901,Tamil Nadu,North,Wildlife,Food,Kolkata,Tamil,489301,Rajiv Gandhi International Airport,23759,Winter,Summer,10.37,8,80.81,87.82,36.2,59.47,111,1,Easy,true,false,true,53,9599,188,true,5,38.1,269.5,2,8,4,Ganesh Chaturthi,Idli,25,true,4,18368157,true,2,5,false,62,5,true,false,March
DST2902,Place_1902,Rajasthan,South,Beach,Wildlife,Delhi,Marathi,192930,Lokpriya Gopinath Bordoloi International Airport,48941,Monsoon,Winter,11.64,6,49.12,66.96,39.88,17.5,296,2,Difficult,false,true,false,92,2974,84,true,3,27.5,1876,1,5,6,Eid,Idli,20,false,2,8063757,false,1,3,false,41,5,true,false,December
DST2903,Place_1903,Himachal Pradesh,East,Hill Station,Scenery,Goa,Hindi,197812,Indira Gandhi International Airport,45367,Summer,Summer,14.71,14,76.49,68.72,38.04,17.1,443,5,Difficult,true,false,true,35,2311,10,false,2,34.9,1443.9,7,1,10,Ganesh Chaturthi,Chole Bhature,35,false,9,15054457,false,2,5,false,63,1,false,false,May
DST2904,Place_1904,Assam,North,Heritage,Food,Ahmedabad,Marathi,264702,Chaudhary Charan Singh International Airport,39875,Summer,Monsoon,7.04,12,72.58,67.85,28.49,33.39,216,5,Difficult,true,false,true,51,4078,178,true,5,33.9,2185.1,4,2,8,Eid,Chole Bhature,89,false,7,27555423,true,5,2,false,50,5,false,false,May
DST2905,Place_1905,Assam,Central,Heritage,Food,Kolkata,Tamil,694351,Indira Gandhi International Airport,13698,Winter,Monsoon,1.94,14,42.86,61.81,20.11,42.13,227,2,Easy,true,false,false,97,1275,147,false,2,11.4,471.1,9,2,7,Diwali,Sarson da Saag,24,false,8,34127273,false,3,3,false,76,2,false,true,May
DST2906,Place_1906,Himachal Pradesh,North,Beach,Wildlife,Chennai,Malayalam,755278,Indira Gandhi International Airport,31964,Monsoon,Summer,7.45,12,41.12,66.79,7.02,11.33,31,5,Difficult,true,true,true,72,7892,12,true,4,18.1,1154.9,8,9,8,Lohri,Sarson da Saag,67,true,8,45480048,false,3,5,false,64,2,false,false,May
DST2907,Place_1907,Tamil Nadu,Central,Hill Station,Temples,Pune,Hindi,374391,Lokpriya Gopinath Bordoloi International Airport,32408,Monsoon,Summer,1.65,10,57.63,73.07,26.29,34.98,430,1,Easy,true,false,false,39,7546,17,true,3,24.2,1553,6,10,3,Bihu,Sarson da Saag,91,false,9,26306980,true,4,5,false,44,3,true,false,May
DST2908,Place_1908,Himachal Pradesh,Northeast,Wildlife,Food,Chennai,Tamil,379747,Chhatrapati Shivaji Maharaj International Airport,23885,Monsoon,Monsoon,5.12,6,74.61,74.19,12.37,14.16,276,1,Moderate,true,true,false,79,7845,89,false,4,38,1396.3,10,7,4,Durga Puja,Dosa,27,true,4,47315149,false,5,3,true,67,5,true,true,May
DST2909,Place_1909,Goa,Northeast,Beach,Wildlife,Goa,Malayalam,202099,Kempegowda International Airport,14309,Summer,Winter,9.22,12,56.52,70.83,34.75,22.07,169,3,Easy,false,true,true,38,3915,173,false,4,11.9,1790.8,3,4,1,Onam,Idli,78,true,3,6145645,true,1,4,true,78,5,false,false,October
DST2910,Place_1910,Kerala,West,Hill Station,Temples,Delhi,Bengali,800924,Devi Ahilya Bai Holkar Airport,36429,Monsoon,Summer,5.33,9,73.39,78.02,24.21,45.62,230,4,Easy,true,true,false,62,5697,116,true,5,15.6,395.1,8,9,4,Onam,Vada Pav,75,true,5,12742396,false,5,3,false,10,3,false,true,March
DST2911,Place_1911,Maharashtra,West,Urban,Temples,Kolkata,Tamil,604254,Raja Bhoj Airport,16133,Summer,Monsoon,10.6,3,73.27,73.23,30.67,46.94,69,3,Moderate,true,true,true,19,6724,49,false,3,28.7,1560.8,10,9,5,Onam,Dosa,39,true,3,34121811,true,1,5,false,18,5,true,true,October
DST2912,Place_1912,Assam,Central,Heritage,Scenery,Bhopal,Bengali,886959,Goa International Airport,9210,Summer,Monsoon,12.51,4,80.33,93.96,28.57,46.49,110,4,Easy,true,true,true,82,1734,176,true,3,29.6,1708.8,1,7,2,Lohri,Idli,40,true,3,9820376,true,5,4,true,58,5,true,true,March
DST2913,Place_1913,Rajasthan,East,Wildlife,Wildlife,Cochin,Marathi,299530,Chaudhary Charan Singh International Airport,37126,Winter,Winter,6.89,7,44.97,88.26,17.16,13.26,88,2,Moderate,false,true,true,89,8831,184,false,4,14.9,2655,9,9,1,Onam,Biryani,34,true,9,2650122,false,3,3,true,77,2,true,true,May
DST2914,Place_1914,Rajasthan,North,Wildlife,Temples,Mumbai,Bengali,367993,Chhatrapati Shivaji Maharaj International Airport,34043,Summer,Monsoon,13.6,12,68.86,92.58,31.57,49.34,1,5,Difficult,true,true,true,75,9327,128,false,3,38.4,1756.1,10,9,5,Eid,Kebabs,92,false,8,22694140,false,4,2,true,55,5,true,true,December
DST2915,Place_1915,Tamil Nadu,North,Wildlife,Scenery,Chennai,Tamil,324388,Rajiv Gandhi International Airport,5078,Winter,Summer,2.12,8,43.12,79.51,34.52,31.61,414,3,Moderate,false,true,true,85,2753,197,true,1,15.3,1687.2,9,7,8,Bihu,Vada Pav,91,true,9,27904824,true,3,1,false,93,5,true,true,December
DST2916,Place_1916,Rajasthan,West,Heritage,Culture,Bhopal,Bengali,936746,Chhatrapati Shivaji Maharaj International Airport,12137,Winter,Monsoon,12.76,11,48.8,83.74,31.04,33.77,55,5,Moderate,true,false,false,46,2785,17,false,3,15.5,2455,10,5,8,Diwali,Sarson da Saag,73,false,3,18033116,false,3,3,true,97,5,false,false,January
DST2917,Place_1917,Goa,Central,Hill Station,Wildlife,Kolkata,Hindi,276796,Rajiv Gandhi International Airport,30350,Monsoon,Monsoon,12.6,9,56.28,65.83,32.19,30.98,157,3,Difficult,true,true,false,22,3929,83,true,4,29.1,288.5,8,9,9,Navratri,Momos,42,true,7,16097814,true,5,3,true,46,4,true,true,August
DST2918,Place_1918,Assam,North,Beach,Culture,Indore,Tamil,849036,Kempegowda International Airport,5698,Winter,Monsoon,5.51,4,75.37,86.35,17.6,52.85,446,3,Difficult,false,true,true,82,9215,174,false,1,22.6,1979.1,10,3,8,Onam,Pav Bhaji,12,true,2,34765106,false,1,1,false,86,5,false,false,December
DST2919,Place_1919,Himachal Pradesh,North,Hill Station,Temples,Ahmedabad,Malayalam,379374,Jaipur International Airport,34132,Monsoon,Monsoon,5.18,8,88.69,68.26,38.03,44,270,1,Easy,true,false,false,42,2264,36,true,1,10.8,2454.2,4,4,7,Durga Puja,Momos,27,false,3,19982638,false,5,4,false,86,4,true,false,August
DST2920,Place_1920,Goa,East,Beach,Wildlife,Bhopal,Bengali,978661,Chhatrapati Shivaji Maharaj International Airport,11165,Winter,Winter,5.27,9,57.13,65.1,19.86,35,273,4,Easy,true,false,true,68,3560,104,true,5,37.6,374.3,9,6,1,Ganesh Chaturthi,Rogan Josh,61,false,3,40693360,false,1,1,false,28,4,true,true,October
DST2921,Place_1921,Tamil Nadu,South,Wildlife,Scenery,Delhi,Hindi,434639,Raja Bhoj Airport,1794,Summer,Summer,12.36,11,66.06,61.47,36.4,51.71,31,2,Easy,false,false,true,33,6876,140,true,4,12.3,2453.6,9,7,10,Holi,Rogan Josh,99,true,7,1368144,false,2,4,false,90,5,false,true,May
DST2922,Place_1922,Goa,West,Hill Station,Temples,Mumbai,Marathi,463534,Pune Airport,14646,Monsoon,Monsoon,12.64,7,52.95,76.53,35.02,50.27,269,5,Difficult,true,false,true,14,4694,176,false,3,14.7,2382.8,10,10,1,Navratri,Sarson da Saag,41,true,9,30267954,true,4,5,false,29,3,true,false,October
DST2923,Place_1923,Himachal Pradesh,West,Wildlife,Wildlife,Kolkata,Marathi,535946,Goa International Airport,24179,Summer,Summer,5.62,5,73.77,70.04,9.35,10.25,189,3,Difficult,true,false,true,21,4542,15,true,1,36.9,102.7,5,8,8,Bihu,Pav Bhaji,58,false,3,38536949,true,1,4,false,48,5,false,false,August
DST2924,Place_1924,Kerala,South,Urban,Wildlife,Bengaluru,Bengali,716225,Jaipur International Airport,6870,Monsoon,Winter,9.3,14,58.33,94.54,38.82,33.94,209,5,Difficult,true,false,false,36,9649,19,true,4,18.3,813.9,6,4,5,Bihu,Chole Bhature,46,false,5,9672822,false,2,2,true,24,4,true,false,May
DST2925,Place_1925,Tamil Nadu,North,Wildlife,Culture,Chennai,Marathi,365467,Cochin International Airport,34357,Summer,Summer,2.95,7,64.08,68.74,39.87,12.11,482,1,Easy,true,false,true,65,7141,166,true,5,34.5,538.6,7,9,6,Eid,Kebabs,80,false,9,27415840,false,4,1,true,81,5,false,false,August
DST2926,Place_1926,Kerala,East,Wildlife,Temples,Cochin,Malayalam,493661,Sardar Vallabhbhai Patel International Airport,31736,Winter,Winter,7.56,10,68.39,90.33,26.22,25.36,307,2,Difficult,false,false,true,88,7560,38,true,2,15.1,1582.9,9,3,4,Bihu,Sarson da Saag,37,false,6,6812173,true,1,2,true,30,3,false,true,December
DST2927,Place_1927,Maharashtra,East,Beach,Scenery,Indore,Tamil,969377,Chhatrapati Shivaji Maharaj International Airport,38081,Monsoon,Summer,14.98,4,74.31,71.08,32.41,50.19,21,4,Difficult,true,false,true,85,6662,157,true,2,11.4,2750.6,7,3,4,Holi,Rogan Josh,41,false,7,2165737,false,3,2,false,63,3,false,true,March
DST2928,Place_1928,Kerala,West,Urban,Scenery,Goa,Hindi,765323,Rajiv Gandhi International Airport,17211,Monsoon,Summer,3.22,3,43,86.22,37.68,57.2,13,4,Moderate,true,true,true,50,5172,88,true,3,17,1847.8,1,5,10,Lohri,Kebabs,50,true,3,43908423,true,4,1,true,19,1,true,false,August
DST2929,Place_1929,Maharashtra,East,Wildlife,Temples,Guwahati,Bengali,616656,Chaudhary Charan Singh International Airport,22129,Monsoon,Monsoon,14.27,6,67.75,83.09,5.7,22.1,485,3,Moderate,true,false,false,75,7165,75,true,2,32.3,1845.2,9,2,9,Navratri,Idli,45,true,3,32918400,false,4,4,false,58,2,true,true,March
DST2930,Place_1930,Maharashtra,Northeast,Wildlife,Temples,Indore,Marathi,770797,Chhatrapati Shivaji Maharaj International Airport,8377,Winter,Summer,12.54,8,61.56,79.66,37.55,11.07,205,2,Difficult,false,true,true,60,2670,21,false,1,29.9,456.3,6,1,8,Navratri,Vada Pav,95,false,7,35831364,true,5,2,true,10,5,false,false,January
DST2931,Place_1931,Kerala,South,Urban,Food,Delhi,Tamil,181947,Rajiv Gandhi International Airport,9861,Summer,Monsoon,14.61,4,46.69,74.59,26.96,30.12,33,4,Easy,false,false,false,65,9715,22,true,1,19.3,2032.5,2,9,4,Eid,Biryani,18,false,8,43887538,false,4,2,true,41,1,true,false,May
DST2932,Place_1932,Tamil Nadu,North,Urban,Culture,Indore,Malayalam,616655,Devi Ahilya Bai Holkar Airport,18821,Winter,Monsoon,3.51,6,50.4,83.49,34,26.76,341,2,Moderate,true,false,false,48,9103,117,true,4,29,2676.1,10,8,7,Lohri,Sarson da Saag,26,false,3,12244676,false,5,4,false,97,1,true,false,August
DST2933,Place_1933,Himachal Pradesh,Northeast,Hill Station,Temples,Mumbai,Marathi,948329,Kempegowda International Airport,13952,Winter,Summer,3.99,5,84.19,74.25,23.93,43.85,463,5,Difficult,true,true,false,98,4524,176,true,3,29.9,1345.1,9,3,8,Lohri,Rogan Josh,19,false,2,4994657,true,2,2,true,23,1,true,true,August
DST2934,Place_1934,Goa,South,Beach,Temples,Mumbai,Marathi,742924,Indira Gandhi International Airport,10047,Winter,Monsoon,1.24,12,83.59,79.18,23.57,34.75,55,1,Moderate,false,true,false,42,2977,176,false,4,26.9,2077.1,1,5,7,Pongal,Kebabs,26,false,5,22091054,false,4,3,false,37,3,true,false,August
DST2935,Place_1935,Goa,Central,Urban,Food,Guwahati,Hindi,375631,Chhatrapati Shivaji Maharaj International Airport,27953,Summer,Summer,11.15,8,41.67,80.64,36.41,29.94,239,2,Moderate,true,false,true,54,1099,111,true,4,38.1,955.3,5,8,5,Onam,Momos,65,true,4,26572157,false,1,1,false,49,5,true,true,December
DST2936,Place_1936,Himachal Pradesh,West,Urban,Food,Goa,Malayalam,439528,Netaji Subhas Chandra Bose International Airport,37801,Winter,Monsoon,10.02,3,74.47,69.36,22.76,21.48,436,2,Easy,true,true,false,78,4626,182,false,3,33.8,879.8,9,2,10,Onam,Pav Bhaji,20,true,7,29706789,false,4,4,true,61,5,true,false,August
DST2937,Place_1937,Assam,East,Heritage,Wildlife,Hyderabad,Malayalam,555639,Cochin International Airport,19277,Monsoon,Monsoon,3.49,13,67.71,71.89,21.51,51.42,432,4,Difficult,true,true,false,36,7985,178,true,4,34.5,636.8,1,7,1,Holi,Chole Bhature,54,false,6,44619149,false,4,3,true,36,5,true,false,May
DST2938,Place_1938,Assam,Central,Urban,Scenery,Lucknow,Bengali,637443,Sardar Vallabhbhai Patel International Airport,24903,Winter,Winter,12.08,12,86.99,60.63,26.29,22.42,62,3,Difficult,true,true,false,94,5279,100,true,2,22.8,800.4,2,9,6,Onam,Chole Bhature,98,true,3,18847815,true,1,3,false,24,4,false,true,August
DST2939,Place_1939,Maharashtra,East,Beach,Culture,Guwahati,Hindi,373399,Netaji Subhas Chandra Bose International Airport,19226,Summer,Winter,5.19,14,85.4,89.83,23.15,12.74,399,3,Easy,false,false,false,57,8929,180,true,5,30.5,1094,7,4,8,Lohri,Chole Bhature,26,true,4,26939608,true,4,4,false,70,2,false,false,December
DST2940,Place_1940,Maharashtra,Northeast,Wildlife,Wildlife,Delhi,Bengali,745148,Jaipur International Airport,23628,Monsoon,Summer,2.89,8,68.98,86.46,20.62,38.23,79,5,Easy,false,true,false,52,2170,71,true,4,15.5,1743.5,10,2,6,Holi,Momos,73,false,4,22264476,true,5,5,false,98,4,true,false,October
DST2941,Place_1941,Tamil Nadu,North,Wildlife,Temples,Mumbai,Hindi,487740,Cochin International Airport,17710,Summer,Monsoon,6.92,13,46.95,66.42,11.32,25.87,39,4,Easy,false,true,true,85,5374,140,false,1,18.9,2363.9,2,9,8,Lohri,Idli,64,true,2,29570033,true,1,2,true,71,3,false,false,March
DST2942,Place_1942,Rajasthan,North,Wildlife,Food,Kolkata,Malayalam,514521,Jaipur International Airport,28802,Winter,Winter,2.27,3,62.99,72.67,18.91,45.62,293,4,Difficult,false,true,true,5,3346,18,true,1,25.1,939.7,9,10,6,Ganesh Chaturthi,Momos,88,true,9,11176828,false,3,2,true,10,1,true,false,March
DST2943,Place_1943,Kerala,North,Wildlife,Scenery,Bhopal,Hindi,698831,Indira Gandhi International Airport,19784,Summer,Winter,4.69,4,76.26,74.74,14.87,14.04,401,1,Moderate,true,false,false,94,3327,181,false,2,34.5,587.5,9,1,2,Eid,Chole Bhature,14,false,2,43338852,false,4,5,false,13,1,true,true,August
DST2944,Place_1944,Maharashtra,East,Heritage,Wildlife,Hyderabad,Hindi,135094,Devi Ahilya Bai Holkar Airport,5278,Monsoon,Winter,6.2,6,87.59,71.7,19.02,58.32,278,3,Difficult,true,false,false,34,5482,134,false,4,20.1,1404.3,10,6,6,Durga Puja,Pav Bhaji,86,false,8,37754644,true,4,5,true,48,4,false,true,January
DST2945,Place_1945,Goa,Central,Urban,Scenery,Lucknow,Hindi,320638,Devi Ahilya Bai Holkar Airport,29677,Summer,Monsoon,12.93,8,58.19,87.94,25.76,19.34,255,4,Difficult,false,true,true,13,1224,171,false,4,23.2,2389.6,8,8,9,Navratri,Rogan Josh,79,false,7,34856542,false,5,5,true,36,3,true,true,October
DST2946,Place_1946,Tamil Nadu,North,Wildlife,Food,Guwahati,Tamil,526986,Indira Gandhi International Airport,8500,Monsoon,Summer,12.1,14,79.23,85.39,26.31,27.85,109,5,Easy,false,true,false,37,5493,28,false,3,38.7,1229.1,2,2,2,Pongal,Dosa,51,true,4,29143529,true,1,2,false,40,2,true,true,October
DST2947,Place_1947,Kerala,Central,Hill Station,Wildlife,Cochin,Tamil,634022,Jaipur International Airport,5015,Monsoon,Monsoon,7.2,7,74.17,86.85,13.35,34.05,47,1,Easy,true,true,true,30,2440,99,false,4,18.5,2748.5,10,10,3,Eid,Rogan Josh,93,false,3,46415784,false,4,1,true,60,2,true,true,December
DST2948,Place_1948,Tamil Nadu,East,Wildlife,Wildlife,Indore,Malayalam,827344,Chhatrapati Shivaji Maharaj International Airport,22836,Winter,Monsoon,11.14,13,43.91,91.64,7.96,54.51,231,3,Easy,true,false,false,46,5950,96,true,4,28.5,819,3,7,9,Eid,Dosa,76,false,6,40529972,true,5,2,true,93,1,true,true,January
DST2949,Place_1949,Kerala,Northeast,Urban,Scenery,Ahmedabad,Hindi,401749,Chennai International Airport,42010,Winter,Winter,8.96,8,67.9,80.83,31.06,46.13,81,3,Difficult,true,true,false,78,9346,27,false,1,13,2299.1,3,7,7,Eid,Kebabs,12,false,8,41251390,true,3,1,false,51,1,true,true,March
DST2950,Place_1950,Kerala,Central,Wildlife,Food,Goa,Malayalam,177932,Chhatrapati Shivaji Maharaj International Airport,8826,Monsoon,Monsoon,5.77,12,49.18,81.51,23.5,17.24,173,3,Easy,true,true,true,46,5323,183,true,3,22.4,1456.5,8,3,1,Onam,Dosa,75,true,3,19291138,true,3,2,false,72,5,true,false,December
DST2951,Place_1951,Himachal Pradesh,Northeast,Heritage,Temples,Kolkata,Tamil,224109,Sardar Vallabhbhai Patel International Airport,10201,Summer,Monsoon,11.16,7,74.18,85.27,20.47,31.93,112,1,Easy,true,true,false,43,9493,113,false,4,19.9,410.7,8,10,4,Navratri,Vada Pav,69,false,5,2631421,false,5,1,true,97,4,false,false,May
DST2952,Place_1952,Maharashtra,East,Beach,Wildlife,Chennai,Hindi,652169,Jaipur International Airport,30048,Monsoon,Winter,10.57,14,70.5,83.84,9.54,37.15,277,5,Moderate,false,true,false,65,6201,178,false,2,10.4,915.1,6,4,4,Eid,Kebabs,38,true,5,24479346,true,1,1,false,90,1,true,true,December
DST2953,Place_1953,Tamil Nadu,East,Beach,Temples,Lucknow,Bengali,294473,Netaji Subhas Chandra Bose International Airport,20941,Winter,Winter,9.67,13,88.65,90.44,19.51,45.11,380,5,Moderate,true,true,true,51,4215,135,false,4,27.6,2588.8,7,8,10,Diwali,Chole Bhature,87,true,5,4164558,true,4,3,true,39,3,true,true,August
DST2954,Place_1954,Tamil Nadu,West,Urban,Food,Cochin,Tamil,664410,Raja Bhoj Airport,16105,Summer,Monsoon,9.65,2,86.77,86.96,33.64,38.59,309,4,Easy,true,true,false,46,3617,58,false,3,19.9,117.1,1,6,5,Lohri,Sarson da Saag,16,false,7,15546337,true,5,2,false,16,2,true,true,March
DST2955,Place_1955,Himachal Pradesh,East,Beach,Wildlife,Guwahati,Tamil,867915,Indira Gandhi International Airport,1153,Monsoon,Winter,10.56,6,40.47,64.22,25.35,32.87,39,4,Moderate,false,false,true,52,6460,111,true,2,17.6,2293.4,8,2,7,Ganesh Chaturthi,Momos,13,true,8,23994367,true,5,1,false,63,2,false,true,May
DST2956,Place_1956,Goa,East,Beach,Wildlife,Cochin,Tamil,921729,Netaji Subhas Chandra Bose International Airport,42541,Winter,Summer,6.38,13,44,92.49,8.18,48.28,29,3,Difficult,true,false,false,56,9618,189,true,2,36.8,2453.1,7,6,5,Lohri,Kebabs,59,true,8,26858989,true,5,3,false,68,3,false,false,March
DST2957,Place_1957,Goa,South,Hill Station,Temples,Cochin,Hindi,211513,Jaipur International Airport,5886,Monsoon,Summer,13.17,2,78.46,83.91,16.63,28.9,254,2,Moderate,true,false,true,37,5570,83,true,2,16.9,447.5,5,7,10,Ganesh Chaturthi,Pav Bhaji,30,false,7,24759597,false,2,2,false,77,2,false,true,December
DST2958,Place_1958,Assam,North,Urban,Culture,Cochin,Marathi,136680,Kempegowda International Airport,24950,Monsoon,Summer,3.27,8,74.28,64.45,39.29,59.36,239,4,Easy,true,true,false,31,7680,180,true,1,22.2,2890.3,5,8,6,Lohri,Biryani,98,true,3,21851787,false,3,1,true,81,4,false,false,December
DST2959,Place_1959,Maharashtra,West,Urban,Temples,Delhi,Bengali,183452,Jaipur International Airport,3267,Monsoon,Summer,13.37,5,80.05,87.02,24.06,57.39,182,5,Difficult,false,false,true,47,2437,147,false,1,38.5,2629.6,2,8,9,Holi,Pav Bhaji,18,true,2,36987708,true,2,3,true,75,3,true,true,January
DST2960,Place_1960,Maharashtra,West,Beach,Temples,Chennai,Bengali,151044,Pune Airport,21642,Summer,Summer,5.79,6,53.34,72.54,15.02,45.37,183,3,Difficult,true,false,true,33,6201,94,true,2,12.4,617.7,1,8,2,Pongal,Pav Bhaji,69,true,7,29223185,false,5,5,true,38,5,false,false,January
DST2961,Place_1961,Rajasthan,West,Beach,Culture,Jaipur,Malayalam,799444,Devi Ahilya Bai Holkar Airport,1970,Winter,Winter,2.75,2,82.47,88.21,36.97,54.13,41,5,Moderate,true,true,true,23,8233,175,true,1,38.2,800.2,9,8,6,Onam,Pav Bhaji,85,true,4,15652056,false,3,1,true,68,2,true,false,March
DST2962,Place_1962,Himachal Pradesh,South,Beach,Food,Jaipur,Hindi,244582,Lokpriya Gopinath Bordoloi International Airport,42607,Winter,Winter,9.4,9,62.12,93.44,16.76,29.66,425,3,Easy,true,true,false,86,3972,47,true,2,21.7,2473.5,10,6,6,Eid,Chole Bhature,21,true,4,24772069,true,4,3,false,43,4,false,true,March
DST2963,Place_1963,Goa,Northeast,Heritage,Food,Delhi,Tamil,452646,Cochin International Airport,32288,Monsoon,Summer,6.26,5,53.1,68.93,30.55,39.07,445,1,Easy,true,true,false,32,5030,184,false,2,33.7,1684.5,3,1,1,Navratri,Pav Bhaji,65,true,7,31227133,true,4,1,false,62,1,true,true,December
DST2964,Place_1964,Kerala,East,Wildlife,Wildlife,Ahmedabad,Marathi,646440,Sardar Vallabhbhai Patel International Airport,47581,Monsoon,Summer,12.42,4,40.53,90.01,10.15,23.63,465,4,Moderate,false,true,true,14,7696,144,true,5,20.7,2775.4,5,4,6,Eid,Rogan Josh,14,false,3,41075604,true,2,2,true,90,3,true,false,May
DST2965,Place_1965,Tamil Nadu,North,Heritage,Scenery,Lucknow,Hindi,709026,Pune Airport,18329,Monsoon,Summer,7.03,2,83.57,87.07,10.48,54.28,126,1,Moderate,true,false,false,71,4787,21,false,1,22.5,2939.5,8,2,7,Ganesh Chaturthi,Idli,72,true,3,16890336,true,2,3,false,49,1,true,false,August
DST2966,Place_1966,Maharashtra,Central,Urban,Scenery,Bhopal,Hindi,257517,Chaudhary Charan Singh International Airport,15450,Summer,Winter,10.36,5,66.77,83.49,24.65,33.55,436,4,Moderate,true,true,true,97,6468,61,true,5,23.1,1096,7,10,7,Ganesh Chaturthi,Pav Bhaji,36,true,6,49187325,true,3,2,false,67,5,true,false,October
DST2967,Place_1967,Tamil Nadu,Northeast,Hill Station,Wildlife,Hyderabad,Marathi,832048,Netaji Subhas Chandra Bose International Airport,6618,Winter,Winter,5.32,4,88.77,73.47,13.39,36.81,81,5,Easy,true,false,false,20,9929,114,true,2,38.4,381.2,7,7,3,Durga Puja,Kebabs,58,false,8,41522778,true,4,3,true,93,1,false,true,August
DST2968,Place_1968,Tamil Nadu,East,Wildlife,Scenery,Guwahati,Tamil,564369,Kempegowda International Airport,35263,Monsoon,Monsoon,3.93,9,75.73,63.85,6.73,53.23,232,5,Moderate,true,true,true,5,1740,170,true,2,26.5,2140.2,10,1,8,Durga Puja,Sarson da Saag,29,false,8,31689596,true,2,1,true,38,2,true,false,December
DST2969,Place_1969,Rajasthan,South,Hill Station,Temples,Guwahati,Hindi,494411,Sardar Vallabhbhai Patel International Airport,3047,Winter,Monsoon,6.43,10,44.02,76.94,37.43,49.86,308,2,Moderate,false,true,false,86,1944,101,true,5,16.5,2777.1,10,5,7,Pongal,Biryani,38,false,5,43173559,true,5,2,true,79,2,false,true,May
DST2970,Place_1970,Goa,East,Urban,Temples,Bengaluru,Bengali,204533,Rajiv Gandhi International Airport,10364,Monsoon,Monsoon,9.5,13,69.41,63.7,6.96,26.09,191,5,Moderate,false,false,false,8,8558,33,false,3,28.3,578.1,10,10,4,Holi,Chole Bhature,92,true,3,13767388,false,5,4,false,93,2,false,false,May
DST2971,Place_1971,Maharashtra,East,Urban,Culture,Goa,Bengali,815309,Goa International Airport,29794,Winter,Monsoon,10.2,6,40.86,77.51,30.11,14.37,0,3,Easy,true,false,false,73,3629,185,false,2,36.7,2957.6,4,8,4,Onam,Biryani,45,false,6,14752878,true,2,4,true,79,2,false,false,March
DST2972,Place_1972,Tamil Nadu,South,Hill Station,Culture,Mumbai,Marathi,649721,Chaudhary Charan Singh International Airport,14091,Monsoon,Winter,9.09,10,67.89,88.71,16.65,18.1,495,2,Difficult,true,false,false,89,2556,40,false,1,16.4,668,10,4,10,Durga Puja,Dosa,17,false,9,32096101,false,1,4,true,58,3,false,true,January
DST2973,Place_1973,Maharashtra,West,Hill Station,Wildlife,Bengaluru,Tamil,289932,Raja Bhoj Airport,3886,Summer,Winter,14.83,2,57.51,94.92,37.67,26.95,361,3,Easy,false,false,false,8,6947,91,true,4,20.1,350.2,4,7,7,Bihu,Pav Bhaji,39,false,6,34651536,true,2,4,true,15,4,false,false,December
DST2974,Place_1974,Kerala,West,Hill Station,Wildlife,Goa,Marathi,304685,Chennai International Airport,22572,Monsoon,Winter,10.68,8,72.16,66.93,39.51,25.26,206,2,Easy,false,false,false,24,7032,32,true,4,27.1,1537.5,10,5,2,Diwali,Rogan Josh,70,false,7,47366228,false,1,3,true,16,2,true,false,December
DST2975,Place_1975,Rajasthan,North,Urban,Wildlife,Jaipur,Hindi,148648,Pune Airport,16161,Monsoon,Winter,14.04,12,67.08,67.28,16.74,11.92,196,3,Difficult,true,true,false,67,5328,80,false,4,39.6,2436.2,6,1,5,Pongal,Momos,10,true,8,34658646,false,4,2,false,45,5,false,true,October
DST2976,Place_1976,Kerala,North,Beach,Temples,Bhopal,Bengali,294162,Devi Ahilya Bai Holkar Airport,5158,Monsoon,Summer,2.65,8,53.07,88.38,25.69,31.6,282,2,Easy,false,true,false,87,8257,81,true,5,24,1127.7,10,2,6,Onam,Momos,44,true,2,47355769,true,2,3,false,79,5,false,true,August
DST2977,Place_1977,Maharashtra,West,Hill Station,Scenery,Indore,Malayalam,327993,Sardar Vallabhbhai Patel International Airport,28663,Monsoon,Monsoon,1.86,7,48.12,76.42,32.05,15.29,16,4,Difficult,true,false,true,39,5880,127,false,2,27.5,1062.3,4,5,4,Diwali,Pav Bhaji,92,false,7,26742003,true,4,2,false,10,2,true,false,October
DST2978,Place_1978,Assam,Northeast,Wildlife,Wildlife,Jaipur,Marathi,666401,Sardar Vallabhbhai Patel International Airport,20845,Monsoon,Winter,5.35,5,60.24,92.05,9.32,21.04,318,4,Difficult,false,true,true,49,5860,152,true,3,14.1,671.6,7,7,1,Onam,Idli,55,false,5,28315345,false,2,4,false,31,4,false,false,August
DST2979,Place_1979,Maharashtra,Central,Urban,Wildlife,Ahmedabad,Malayalam,346602,Pune Airport,7733,Winter,Winter,2.91,14,89.34,86.91,29.83,49.37,383,2,Difficult,true,true,true,61,1710,47,false,1,32.7,2959.6,2,7,1,Lohri,Dosa,27,false,4,46358151,true,2,5,true,90,5,true,true,December
DST2980,Place_1980,Goa,East,Heritage,Temples,Bengaluru,Malayalam,989936,Chaudhary Charan Singh International Airport,35425,Winter,Monsoon,8.36,12,61.78,85.77,36.72,34.74,168,1,Difficult,false,true,false,28,6793,165,false,4,16.6,1091.4,7,9,3,Durga Puja,Momos,64,true,8,12716787,true,5,1,true,51,3,false,true,August
DST2981,Place_1981,Tamil Nadu,Central,Heritage,Temples,Guwahati,Bengali,754719,Kempegowda International Airport,38811,Summer,Winter,8.27,10,77.44,63.57,11.25,28.65,376,2,Easy,true,true,false,24,2817,100,false,4,19.8,2032.8,3,3,9,Pongal,Chole Bhature,90,false,3,33201047,false,5,4,false,93,4,false,false,January
DST2982,Place_1982,Tamil Nadu,East,Wildlife,Temples,Bengaluru,Marathi,798002,Kempegowda International Airport,33001,Monsoon,Summer,9.05,4,42.85,61.26,34.35,19.27,185,1,Difficult,true,false,true,32,4386,136,true,1,31.3,483.9,8,4,2,Navratri,Dosa,40,true,8,46260296,false,1,4,false,41,4,false,true,December
DST2983,Place_1983,Kerala,West,Beach,Scenery,Hyderabad,Malayalam,395206,Indira Gandhi International Airport,40128,Winter,Winter,11.43,12,58.94,71.09,9.05,53.31,121,3,Moderate,false,true,true,42,7255,30,true,4,31.4,1404.3,5,3,5,Durga Puja,Rogan Josh,73,true,2,43169820,false,4,5,false,41,4,true,true,October
DST2984,Place_1984,Rajasthan,North,Hill Station,Wildlife,Ahmedabad,Hindi,433777,Devi Ahilya Bai Holkar Airport,10329,Winter,Monsoon,14.6,12,69.02,67.61,24.89,55.18,440,2,Difficult,false,false,true,28,3127,36,true,5,19.6,2407.9,9,8,7,Durga Puja,Vada Pav,29,true,8,49342986,false,3,3,false,15,5,false,false,January
DST2985,Place_1985,Assam,Northeast,Urban,Food,Ahmedabad,Tamil,665892,Chhatrapati Shivaji Maharaj International Airport,25812,Monsoon,Summer,13.3,2,77.56,84.93,16.88,35.93,223,1,Difficult,false,false,true,88,3095,184,true,2,35.5,2914,4,9,2,Navratri,Sarson da Saag,38,false,2,1622636,false,1,3,true,15,3,false,true,May
DST2986,Place_1986,Himachal Pradesh,North,Hill Station,Food,Cochin,Tamil,341201,Chaudhary Charan Singh International Airport,28099,Monsoon,Summer,2.66,3,66.42,75.78,21.51,56.06,126,2,Easy,true,false,true,28,1090,65,false,2,33.8,614.3,5,8,1,Durga Puja,Momos,52,true,9,39808483,true,2,2,true,81,2,false,false,March
DST2987,Place_1987,Tamil Nadu,Central,Urban,Wildlife,Cochin,Bengali,762038,Netaji Subhas Chandra Bose International Airport,5043,Summer,Monsoon,5.74,4,65.76,78.31,15.52,33.24,165,4,Moderate,false,false,true,74,5791,134,true,3,28.5,374.5,1,2,7,Holi,Vada Pav,94,false,6,8891783,true,2,1,false,20,5,false,false,March
DST2988,Place_1988,Goa,North,Heritage,Wildlife,Bhopal,Marathi,132121,Netaji Subhas Chandra Bose International Airport,15242,Summer,Monsoon,4.58,3,78.2,88.48,14.12,15.36,473,4,Difficult,false,false,true,29,8908,115,false,5,15.4,2963.8,3,10,5,Holi,Sarson da Saag,64,false,7,27240195,true,5,2,true,38,4,false,true,March
DST2989,Place_1989,Kerala,West,Hill Station,Wildlife,Delhi,Marathi,749303,Lokpriya Gopinath Bordoloi International Airport,34365,Winter,Summer,3.48,7,55.66,76.75,31.01,10.85,121,2,Moderate,true,false,true,85,5005,151,true,3,37.1,1707.1,4,1,7,Navratri,Idli,82,true,7,32912535,true,1,4,false,42,4,false,true,May
DST2990,Place_1990,Kerala,Northeast,Wildlife,Wildlife,Cochin,Tamil,973372,Chaudhary Charan Singh International Airport,27278,Summer,Winter,8.63,14,44.53,79.07,12.81,16.42,321,2,Difficult,true,true,true,85,5049,30,false,4,25.8,1101.7,9,5,1,Bihu,Vada Pav,39,false,4,29288129,false,2,3,true,10,4,true,false,March
DST2991,Place_1991,Himachal Pradesh,Central,Beach,Scenery,Indore,Hindi,564495,Cochin International Airport,28133,Winter,Monsoon,8.75,8,57.36,89.48,19.29,41.13,219,5,Easy,false,true,true,73,4156,23,false,2,21.3,2884.8,8,2,6,Eid,Vada Pav,42,true,2,13548683,false,4,4,true,81,4,true,true,May
DST2992,Place_1992,Goa,Northeast,Wildlife,Food,Chennai,Tamil,902926,Pune Airport,25740,Summer,Summer,4.18,6,47.95,75.1,14.61,26.05,428,4,Moderate,true,false,false,21,9454,116,true,3,37.8,1231.5,2,3,6,Durga Puja,Idli,27,false,5,24682251,false,3,4,false,86,5,true,false,March
DST2993,Place_1993,Rajasthan,East,Beach,Culture,Ahmedabad,Tamil,799545,Raja Bhoj Airport,36092,Monsoon,Monsoon,10.97,6,88.3,62.91,13.35,42.42,278,3,Moderate,false,false,false,62,2257,79,true,3,39.1,772.8,6,9,7,Eid,Sarson da Saag,58,true,2,6361561,false,3,3,true,46,1,false,false,August
DST2994,Place_1994,Goa,North,Hill Station,Food,Ahmedabad,Marathi,502894,Netaji Subhas Chandra Bose International Airport,31976,Summer,Winter,11.26,8,68.88,78.26,26.95,35.4,497,2,Easy,true,false,false,77,8944,37,false,5,31.5,2430.2,4,3,8,Eid,Kebabs,62,true,6,34501010,false,4,4,false,46,1,false,true,December
DST2995,Place_1995,Rajasthan,Northeast,Hill Station,Food,Kolkata,Malayalam,268704,Netaji Subhas Chandra Bose International Airport,41067,Winter,Winter,1.29,7,62.33,80.28,6.59,26.65,147,5,Easy,true,false,true,24,6096,122,false,4,33.7,1010.5,5,1,9,Diwali,Rogan Josh,60,true,2,12958257,false,1,4,false,35,5,true,true,December
DST2996,Place_1996,Goa,South,Beach,Temples,Lucknow,Hindi,146235,Chhatrapati Shivaji Maharaj International Airport,12231,Summer,Summer,6.54,13,85.6,77.91,32.61,20.93,291,2,Easy,false,false,true,6,1215,174,true,1,17.4,1033.7,10,9,10,Bihu,Chole Bhature,19,false,6,13061657,false,1,1,false,50,1,true,true,January
DST2997,Place_1997,Goa,North,Heritage,Wildlife,Lucknow,Marathi,232720,Cochin International Airport,1569,Winter,Winter,13.46,9,85.02,69.03,24.12,14.05,425,4,Easy,false,false,false,87,7090,111,false,5,17.8,1390.5,9,2,5,Ganesh Chaturthi,Idli,74,false,8,15996823,false,3,2,true,99,5,true,true,December
DST2998,Place_1998,Maharashtra,East,Urban,Wildlife,Cochin,Tamil,443357,Sardar Vallabhbhai Patel International Airport,4328,Winter,Winter,8.28,10,60.78,67.83,34,49.12,246,1,Moderate,true,true,false,13,6464,76,false,5,27.1,2109.6,4,10,4,Bihu,Momos,37,true,2,48629246,false,3,1,true,51,5,false,false,May
DST2999,Place_1999,Kerala,Northeast,Wildlife,Wildlife,Pune,Malayalam,607438,Sardar Vallabhbhai Patel International Airport,26261,Summer,Winter,5.87,3,83.74,72.94,12.46,50.95,405,1,Easy,false,true,true,67,7180,133,false,4,39.5,2541.1,5,6,5,Diwali,Momos,27,true,5,1988073,true,4,5,false,69,5,false,false,December
DST3000,Place_2000,Goa,Central,Wildlife,Temples,Bengaluru,Hindi,581517,Chaudhary Charan Singh International Airport,26262,Summer,Monsoon,4.55,13,43.2,65.82,29.83,37.07,187,4,Moderate,false,true,false,87,1902,42,true,1,32.3,755.9,7,7,10,Bihu,Chole Bhature,70,false,3,31139963,true,3,1,true,97,4,false,true,December
DST3001,Place_2001,Himachal Pradesh,East,Wildlife,Scenery,Indore,Bengali,823277,Jaipur International Airport,4280,Winter,Summer,4.41,3,84.29,83.31,19.72,17.85,10,3,Difficult,false,true,false,72,3934,21,true,5,32.4,1151.2,7,9,5,Ganesh Chaturthi,Momos,18,false,3,8727418,false,4,2,false,12,2,false,false,May
DST3002,Place_2002,Goa,South,Hill Station,Scenery,Mumbai,Hindi,640777,Raja Bhoj Airport,20147,Monsoon,Summer,2.4,2,55.53,81.51,7.69,23.18,283,5,Difficult,false,true,false,10,3367,149,true,3,17.7,1538.9,6,8,9,Bihu,Dosa,69,false,2,32726616,false,4,1,true,22,1,false,true,January
DST3003,Place_2003,Tamil Nadu,Northeast,Wildlife,Culture,Bengaluru,Hindi,963713,Devi Ahilya Bai Holkar Airport,32742,Summer,Summer,12.44,8,68.26,82.13,31.34,57.76,44,2,Easy,false,false,false,15,2874,188,false,3,22.6,174.3,3,6,7,Durga Puja,Vada Pav,96,false,4,21088808,true,5,5,false,20,5,true,false,August
DST3004,Place_2004,Kerala,West,Urban,Scenery,Goa,Tamil,470334,Cochin International Airport,4590,Winter,Winter,2.21,12,53.48,67.87,31.68,21.3,123,2,Easy,false,true,false,25,3092,172,false,3,20.3,2121.6,1,4,2,Holi,Chole Bhature,35,false,7,16793551,true,5,4,false,66,3,true,false,January
DST3005,Place_2005,Tamil Nadu,North,Urban,Scenery,Delhi,Tamil,486757,Sardar Vallabhbhai Patel International Airport,23006,Monsoon,Monsoon,5.09,5,89.24,68.63,14.48,12.84,377,2,Moderate,true,false,false,67,4436,112,true,3,19.1,1741.3,9,4,2,Navratri,Chole Bhature,52,false,8,8861696,true,2,4,false,78,4,true,true,May
DST3006,Place_2006,Kerala,Central,Beach,Wildlife,Delhi,Bengali,526365,Pune Airport,14570,Winter,Summer,1.64,10,43.59,87.56,37.06,37.5,246,5,Moderate,false,true,false,93,6228,21,true,1,31.9,487.3,6,4,1,Holi,Idli,42,false,3,46172989,true,4,1,false,74,3,false,true,December
DST3007,Place_2007,Tamil Nadu,West,Hill Station,Food,Bhopal,Bengali,530340,Rajiv Gandhi International Airport,35993,Summer,Monsoon,11.94,7,62.35,84.15,31.74,23.1,405,5,Difficult,false,true,false,34,7998,28,true,4,13,478,3,10,2,Lohri,Pav Bhaji,29,false,2,19028412,true,4,5,true,41,1,true,false,March
DST3008,Place_2008,Goa,Northeast,Urban,Scenery,Bhopal,Bengali,728510,Jaipur International Airport,30593,Winter,Summer,1.55,13,71.05,90.63,15.74,57.87,336,4,Moderate,false,false,false,86,6057,104,false,4,15,2696,1,2,2,Durga Puja,Rogan Josh,25,false,3,12128223,false,2,2,false,22,1,false,false,March
DST3009,Place_2009,Goa,Northeast,Heritage,Scenery,Delhi,Marathi,101316,Devi Ahilya Bai Holkar Airport,48646,Winter,Winter,5.32,8,70.78,74.12,13.37,38.74,446,5,Easy,false,false,true,93,3859,68,true,1,22.4,2081.6,6,7,5,Pongal,Rogan Josh,92,true,9,11308015,true,5,5,false,26,3,true,true,August
DST3010,Place_2010,Maharashtra,East,Hill Station,Temples,Chennai,Marathi,160046,Raja Bhoj Airport,24907,Winter,Summer,9.03,14,76.94,79.16,20.4,58.29,158,2,Difficult,true,true,false,25,8471,126,true,4,19.1,1225.4,3,1,9,Durga Puja,Pav Bhaji,41,false,6,21888316,false,4,1,false,75,5,true,true,May
DST3011,Place_2011,Himachal Pradesh,Northeast,Hill Station,Culture,Guwahati,Tamil,965075,Chhatrapati Shivaji Maharaj International Airport,10533,Summer,Summer,6.73,8,76.22,85.86,15.25,49.28,266,2,Difficult,true,true,true,27,2141,22,false,3,37.1,1080.4,1,5,7,Durga Puja,Chole Bhature,20,false,2,21031288,true,1,3,true,30,3,false,true,May
DST3012,Place_2012,Tamil Nadu,Central,Urban,Temples,Mumbai,Tamil,868475,Pune Airport,43649,Monsoon,Winter,4.95,9,79.66,94.1,12.6,46.15,291,5,Easy,false,false,true,65,2103,28,false,1,16,1018.9,5,4,5,Lohri,Momos,71,true,9,42831655,true,3,3,false,94,5,true,false,December
DST3013,Place_2013,Rajasthan,West,Heritage,Wildlife,Lucknow,Bengali,983936,Kempegowda International Airport,17747,Monsoon,Winter,4.85,5,51.71,94.64,18.97,51.52,77,5,Moderate,false,true,true,34,5652,173,false,3,17.5,1998.5,1,2,10,Lohri,Pav Bhaji,35,true,2,1628401,true,3,5,false,79,4,false,true,August
DST3014,Place_2014,Maharashtra,Central,Beach,Food,Hyderabad,Marathi,215594,Raja Bhoj Airport,14366,Monsoon,Summer,12.17,4,58.53,94.97,5.9,40.24,290,4,Easy,true,false,false,50,9584,141,true,4,15.3,618.4,3,9,4,Lohri,Kebabs,10,false,3,33476115,false,2,1,false,63,5,false,true,October
DST3015,Place_2015,Tamil Nadu,South,Urban,Culture,Bhopal,Malayalam,688330,Chhatrapati Shivaji Maharaj International Airport,49283,Monsoon,Monsoon,14.64,4,59.1,91.17,19.05,10.56,382,1,Moderate,false,true,false,64,2812,22,false,5,35.8,2963.6,3,1,6,Onam,Momos,21,false,5,9564438,true,5,5,true,24,3,false,true,August
DST3016,Place_2016,Tamil Nadu,South,Heritage,Temples,Lucknow,Marathi,608566,Indira Gandhi International Airport,11832,Summer,Winter,5.87,11,87.79,82.39,12.76,29.62,150,5,Difficult,false,false,false,22,9066,93,true,1,16.1,2092.5,6,4,4,Navratri,Kebabs,66,true,8,47658139,true,3,1,true,24,2,false,false,January
DST3017,Place_2017,Maharashtra,North,Hill Station,Scenery,Chennai,Tamil,752583,Devi Ahilya Bai Holkar Airport,29325,Winter,Summer,1.55,9,60.47,60.24,14.25,20.95,284,1,Easy,true,false,false,66,8925,143,false,2,20.6,468.6,4,6,10,Ganesh Chaturthi,Biryani,82,true,9,17272435,false,2,2,true,18,4,true,false,January
DST3018,Place_2018,Goa,North,Heritage,Scenery,Delhi,Marathi,778462,Netaji Subhas Chandra Bose International Airport,35798,Monsoon,Winter,1.51,13,51.09,84.48,7.89,31.72,150,3,Difficult,false,false,false,49,7889,53,false,2,30.1,500.3,8,4,7,Diwali,Rogan Josh,59,true,7,40226740,true,2,3,true,85,4,true,false,October
DST3019,Place_2019,Tamil Nadu,South,Hill Station,Culture,Chennai,Tamil,885025,Chennai International Airport,40453,Monsoon,Monsoon,11.63,14,71.62,68.35,25.61,33.53,491,1,Difficult,false,true,false,65,5728,85,true,3,12.3,1980.1,3,10,3,Lohri,Rogan Josh,81,false,8,48590583,false,5,4,false,80,3,false,true,January
DST3020,Place_2020,Goa,Northeast,Urban,Scenery,Lucknow,Bengali,214430,Raja Bhoj Airport,23849,Summer,Summer,8.73,4,61.36,62,21.52,16.39,123,5,Easy,true,false,false,63,6075,118,true,4,34.5,1211.2,8,10,8,Navratri,Momos,93,true,2,3729468,false,5,3,false,97,2,false,false,August
DST3021,Place_2021,Maharashtra,Central,Urban,Temples,Indore,Bengali,862318,Kempegowda International Airport,7157,Winter,Summer,11.97,9,52.5,84.4,31.27,11.17,227,2,Difficult,false,true,false,39,4783,90,true,3,31.2,2013.9,7,4,8,Holi,Idli,28,false,8,4649837,true,1,4,true,30,2,false,true,January
DST3022,Place_2022,Goa,South,Wildlife,Temples,Hyderabad,Bengali,487926,Jaipur International Airport,47436,Winter,Monsoon,10.76,3,75.76,86.46,39.55,16.91,271,2,Moderate,false,true,false,26,6867,145,false,2,17.8,2195.3,2,2,3,Bihu,Vada Pav,14,false,9,24481382,false,2,1,true,18,1,true,true,August
DST3023,Place_2023,Kerala,North,Wildlife,Scenery,Pune,Malayalam,506088,Pune Airport,31178,Monsoon,Monsoon,13.71,6,49.6,83.08,9.18,52.87,358,5,Easy,true,true,true,28,6667,170,false,1,21.8,1660,8,10,7,Pongal,Biryani,40,true,2,36809830,true,2,4,true,75,2,true,true,January
DST3024,Place_2024,Rajasthan,South,Wildlife,Scenery,Mumbai,Malayalam,674382,Lokpriya Gopinath Bordoloi International Airport,18001,Monsoon,Summer,13.4,6,71.67,72.78,14.53,47.79,339,4,Moderate,true,false,false,91,9717,130,false,3,28.6,844,1,9,1,Onam,Vada Pav,31,false,9,4410872,false,1,2,true,80,1,true,false,January
DST3025,Place_2025,Assam,Northeast,Urban,Wildlife,Indore,Tamil,934151,Kempegowda International Airport,30030,Winter,Monsoon,12.04,8,61.53,77.89,28.89,49.94,216,5,Moderate,true,true,false,55,5058,61,true,4,38.4,1698.4,9,9,5,Onam,Dosa,93,true,5,27688164,true,4,1,false,11,5,false,false,March
DST3026,Place_2026,Tamil Nadu,South,Beach,Food,Cochin,Hindi,829245,Indira Gandhi International Airport,1193,Summer,Monsoon,7.65,6,55.96,92.72,13.31,23.82,146,5,Moderate,false,false,false,69,9482,112,true,2,28.9,1323.4,7,1,9,Eid,Momos,85,false,5,15622707,true,5,3,false,65,5,true,true,March
DST3027,Place_2027,Himachal Pradesh,Central,Urban,Culture,Chennai,Malayalam,745391,Pune Airport,9164,Winter,Summer,5.31,10,87.3,85.54,6.06,21.8,217,4,Easy,true,false,true,19,4703,126,false,1,17.6,2682,6,1,2,Bihu,Pav Bhaji,92,true,5,14120345,true,1,3,false,21,5,true,false,August
DST3028,Place_2028,Rajasthan,West,Heritage,Temples,Bhopal,Tamil,753114,Raja Bhoj Airport,21842,Winter,Winter,8.1,4,56.22,77.66,8.84,11.87,95,4,Moderate,false,true,false,32,2710,99,false,3,24.5,2246.6,8,8,3,Diwali,Momos,75,true,7,25267994,true,3,5,false,65,1,true,false,October
DST3029,Place_2029,Assam,Northeast,Urban,Culture,Bhopal,Marathi,936910,Devi Ahilya Bai Holkar Airport,2119,Monsoon,Monsoon,8.03,10,57.38,80.77,20.18,33.61,446,3,Easy,false,false,false,46,6411,92,false,1,23.5,1895.1,9,9,4,Diwali,Rogan Josh,13,false,4,16482347,false,2,4,false,88,2,true,true,March
DST3030,Place_2030,Goa,North,Urban,Wildlife,Goa,Bengali,853523,Chennai International Airport,14351,Summer,Winter,9.54,2,83.53,92.47,20.08,29.12,49,3,Moderate,true,false,true,24,7776,22,false,5,26,215.2,8,3,2,Onam,Chole Bhature,39,false,9,14712632,true,2,1,true,60,3,false,false,August
DST3031,Place_2031,Tamil Nadu,Central,Hill Station,Temples,Cochin,Bengali,143677,Devi Ahilya Bai Holkar Airport,7540,Summer,Winter,3.61,4,46.45,73.78,39.03,51.79,468,3,Easy,false,false,false,47,8144,129,true,2,25.6,2971.5,6,3,10,Durga Puja,Rogan Josh,32,false,4,15847866,false,5,4,false,79,4,true,true,August
DST3032,Place_2032,Goa,South,Hill Station,Wildlife,Lucknow,Bengali,635872,Jaipur International Airport,46162,Summer,Winter,10.18,5,45.4,63.56,21.31,44.09,456,4,Moderate,false,true,true,84,6817,147,true,3,20.9,1742.2,4,2,6,Pongal,Dosa,67,false,8,11320282,true,4,2,true,68,2,false,true,December
DST3033,Place_2033,Kerala,South,Hill Station,Wildlife,Mumbai,Tamil,364250,Chhatrapati Shivaji Maharaj International Airport,32760,Monsoon,Monsoon,7.39,7,54.14,71.4,28.73,17.21,42,1,Difficult,true,false,true,73,9684,171,false,1,36.2,851,9,9,5,Eid,Idli,30,false,7,21920876,false,4,2,true,80,1,false,false,March
DST3034,Place_2034,Maharashtra,West,Urban,Scenery,Lucknow,Bengali,506885,Chaudhary Charan Singh International Airport,27528,Summer,Summer,9.68,11,69.58,74.53,22.23,59.36,18,5,Moderate,true,false,false,67,1867,104,true,3,19.9,1815.4,8,2,5,Eid,Idli,63,true,9,41486778,false,5,5,true,20,3,false,false,December
DST3035,Place_2035,Tamil Nadu,North,Beach,Culture,Lucknow,Malayalam,612703,Kempegowda International Airport,24538,Summer,Summer,4.35,9,59.22,69.55,14.45,48.53,112,3,Difficult,false,true,false,47,8000,164,true,4,25.9,2471.9,8,7,8,Pongal,Idli,68,false,5,32269262,false,5,1,true,12,1,false,false,October
DST3036,Place_2036,Assam,North,Heritage,Culture,Hyderabad,Marathi,125223,Chennai International Airport,33242,Monsoon,Summer,7.08,8,70.43,78.51,8.69,46.01,376,1,Difficult,false,false,true,83,6868,195,false,4,17.8,1661.8,3,2,6,Diwali,Idli,78,false,4,38819247,true,4,1,false,43,1,true,true,January
DST3037,Place_2037,Assam,East,Heritage,Scenery,Pune,Bengali,553882,Indira Gandhi International Airport,48628,Winter,Summer,3.94,9,47.99,70.67,35.07,20.83,212,5,Moderate,false,false,false,6,6961,181,false,3,23,2353,10,10,1,Pongal,Vada Pav,16,false,5,11866572,false,5,4,true,94,4,true,false,October
DST3038,Place_2038,Kerala,North,Beach,Culture,Mumbai,Tamil,922138,Kempegowda International Airport,27358,Summer,Summer,13.25,7,53.07,63.61,10.34,55.26,17,1,Moderate,false,false,true,92,5557,78,false,2,30.4,1297.8,9,10,1,Bihu,Dosa,85,true,6,44376725,false,4,5,true,28,3,true,false,December
DST3039,Place_2039,Kerala,West,Beach,Scenery,Goa,Marathi,561235,Rajiv Gandhi International Airport,39613,Winter,Summer,7.83,7,68.26,66.58,8.39,33.7,133,2,Difficult,true,true,false,81,9687,14,true,3,32.7,1810.9,7,6,10,Onam,Idli,84,true,7,38158186,false,1,3,true,16,5,true,true,March
DST3040,Place_2040,Tamil Nadu,East,Heritage,Temples,Indore,Bengali,554801,Rajiv Gandhi International Airport,41739,Summer,Winter,4.15,7,50.86,92.14,12.48,24.88,290,2,Easy,false,false,true,27,9217,174,true,3,34.2,1324.5,1,3,10,Eid,Sarson da Saag,55,false,6,49631778,false,2,1,true,20,2,false,true,December
DST3041,Place_2041,Goa,East,Wildlife,Wildlife,Delhi,Hindi,520698,Goa International Airport,30738,Winter,Winter,1.58,4,61.14,82.04,5.09,42.74,13,5,Moderate,false,false,false,16,9957,80,true,3,32.1,1630.6,2,1,5,Holi,Rogan Josh,87,false,2,7799157,false,5,1,true,72,5,false,false,August
DST3042,Place_2042,Himachal Pradesh,South,Hill Station,Wildlife,Mumbai,Bengali,946801,Jaipur International Airport,47921,Winter,Winter,10.46,11,68.63,71,7.52,20.59,63,1,Difficult,false,true,true,50,4026,113,true,3,24,585.8,2,6,3,Eid,Dosa,72,false,7,47088128,true,3,1,false,76,1,false,false,March
DST3043,Place_2043,Assam,South,Hill Station,Culture,Goa,Malayalam,789503,Chhatrapati Shivaji Maharaj International Airport,24581,Monsoon,Monsoon,4.01,5,88.68,72.84,27.23,55.38,392,1,Easy,true,false,true,37,7173,65,false,2,11.1,1836.1,1,2,8,Ganesh Chaturthi,Pav Bhaji,48,true,9,30674183,false,3,5,true,65,4,false,true,March
DST3044,Place_2044,Assam,North,Heritage,Food,Ahmedabad,Marathi,885977,Cochin International Airport,31136,Monsoon,Monsoon,14.85,12,43.99,77.27,13.52,52.72,162,4,Moderate,true,false,true,48,4430,60,false,5,25.7,2939,1,7,2,Ganesh Chaturthi,Chole Bhature,76,false,9,35265972,true,3,2,false,52,3,true,true,March
DST3045,Place_2045,Kerala,East,Beach,Wildlife,Delhi,Malayalam,255312,Jaipur International Airport,22485,Summer,Monsoon,8.47,7,63.02,83.56,16.85,33.25,257,3,Easy,true,false,false,29,2902,65,false,5,11.7,2318,4,9,5,Ganesh Chaturthi,Chole Bhature,96,true,2,4846084,true,4,3,false,65,4,false,true,March
DST3046,Place_2046,Rajasthan,South,Wildlife,Scenery,Mumbai,Hindi,372159,Devi Ahilya Bai Holkar Airport,28165,Summer,Summer,5.05,14,59.81,80.38,34.24,19.53,498,5,Difficult,false,false,true,39,5945,179,false,1,39,1028.1,7,1,6,Ganesh Chaturthi,Rogan Josh,76,true,9,24498406,false,1,2,true,54,4,true,false,October
DST3047,Place_2047,Kerala,West,Heritage,Food,Indore,Hindi,968596,Jaipur International Airport,37294,Monsoon,Winter,10.21,8,81.21,92.64,32.05,34.83,5,1,Moderate,false,true,false,39,4329,150,false,2,21.3,2605.2,6,4,3,Eid,Dosa,97,false,5,45776823,false,1,4,false,69,3,false,false,May
DST3048,Place_2048,Himachal Pradesh,South,Hill Station,Food,Cochin,Malayalam,151500,Goa International Airport,2634,Summer,Monsoon,4.85,4,85.01,81.9,22.23,17.46,354,3,Easy,false,true,false,69,1333,43,false,2,25.1,2697.6,7,5,8,Lohri,Momos,50,false,5,4257405,true,5,1,false,42,3,false,true,March
DST3049,Place_2049,Goa,Northeast,Urban,Wildlife,Kolkata,Marathi,950357,Netaji Subhas Chandra Bose International Airport,44969,Summer,Winter,12.48,5,85.35,91.88,26.45,23.49,120,5,Moderate,false,true,true,47,2427,109,false,2,13.9,612.7,8,9,8,Holi,Momos,41,true,4,47416738,true,1,4,false,37,3,true,false,October
DST3050,Place_2050,Goa,Northeast,Beach,Wildlife,Kolkata,Hindi,453123,Goa International Airport,1093,Monsoon,Summer,5.32,7,58.76,60.19,8,34.14,152,1,Easy,false,false,true,72,6350,171,true,4,39.9,254.1,8,3,6,Lohri,Momos,45,true,2,41714933,false,3,4,false,66,4,false,false,October
DST3051,Place_2051,Rajasthan,South,Urban,Wildlife,Lucknow,Hindi,982787,Chhatrapati Shivaji Maharaj International Airport,29370,Winter,Winter,14.84,2,55.23,91.17,31.66,11.06,328,2,Easy,false,false,false,66,4617,62,false,2,24.8,1760.2,3,6,9,Diwali,Rogan Josh,12,false,4,3701544,true,1,1,true,61,1,false,true,March
DST3052,Place_2052,Assam,East,Heritage,Scenery,Delhi,Bengali,835956,Goa International Airport,20750,Summer,Summer,9.47,12,62.46,85.25,23.07,48.29,177,1,Moderate,false,false,true,35,1571,12,true,4,18.9,1480.1,7,5,3,Bihu,Chole Bhature,79,true,9,47615885,false,5,5,false,13,4,true,true,October
DST3053,Place_2053,Kerala,East,Hill Station,Food,Indore,Tamil,324045,Lokpriya Gopinath Bordoloi International Airport,41484,Monsoon,Monsoon,12.82,8,57.2,66.03,24.98,19.85,478,2,Moderate,false,false,true,32,1801,83,true,5,15.8,2172.6,6,5,3,Bihu,Momos,79,true,3,29940417,false,2,4,false,26,1,false,true,March
DST3054,Place_2054,Goa,Central,Wildlife,Culture,Mumbai,Hindi,804991,Cochin International Airport,48099,Summer,Summer,2.02,14,75.94,69.21,28.29,53.33,390,2,Moderate,true,true,false,15,2188,116,false,5,29.5,949.9,8,2,8,Pongal,Idli,65,true,5,15809336,true,3,5,false,44,2,true,true,August
DST3055,Place_2055,Himachal Pradesh,Northeast,Urban,Scenery,Bhopal,Marathi,819012,Netaji Subhas Chandra Bose International Airport,17472,Summer,Summer,5.88,12,50.68,79,22.51,11.11,62,4,Difficult,true,true,true,36,9386,108,true,4,23.1,1202.6,3,10,10,Lohri,Vada Pav,77,true,2,1769026,true,4,2,false,51,1,true,false,January
DST3056,Place_2056,Tamil Nadu,West,Wildlife,Temples,Lucknow,Marathi,282159,Pune Airport,48009,Monsoon,Winter,11.32,2,72.93,64.37,23.26,36.61,411,4,Moderate,true,false,false,70,9318,46,true,3,19.5,865.2,9,5,4,Durga Puja,Rogan Josh,77,false,2,40743378,true,3,3,false,69,2,true,true,October
DST3057,Place_2057,Maharashtra,East,Hill Station,Wildlife,Bengaluru,Bengali,310861,Chennai International Airport,19934,Monsoon,Summer,10.17,12,86.35,87.49,22.49,48.83,257,3,Easy,false,true,true,64,5320,189,true,5,10.3,947.2,5,3,10,Lohri,Idli,22,false,4,10547721,false,5,3,true,35,5,false,true,May
DST3058,Place_2058,Maharashtra,North,Urban,Food,Lucknow,Marathi,941341,Chennai International Airport,44774,Summer,Monsoon,3.72,14,54,87.69,22.39,21.9,64,5,Moderate,true,true,true,55,4294,143,true,3,11.1,126.9,2,2,1,Bihu,Rogan Josh,58,true,6,10836844,true,3,3,false,57,2,false,true,May
DST3059,Place_2059,Maharashtra,Northeast,Wildlife,Scenery,Bhopal,Bengali,897997,Chhatrapati Shivaji Maharaj International Airport,23521,Summer,Monsoon,5.99,13,73.84,70.53,31.26,45.38,356,3,Difficult,true,true,false,63,3611,158,false,1,30.8,1581.2,4,6,8,Durga Puja,Dosa,76,true,5,39268626,false,1,3,true,73,4,true,true,August
DST3060,Place_2060,Assam,West,Wildlife,Temples,Chennai,Hindi,389741,Chhatrapati Shivaji Maharaj International Airport,40125,Winter,Summer,4.69,14,47.18,62.44,19.95,46.04,186,4,Difficult,true,true,true,81,5651,54,true,4,24.4,1472.1,7,1,8,Bihu,Sarson da Saag,56,false,8,48918828,true,5,5,true,26,5,true,true,October
DST3061,Place_2061,Kerala,West,Urban,Scenery,Kolkata,Hindi,324376,Pune Airport,2445,Winter,Winter,9.59,13,46.07,94.61,5.1,41.89,407,3,Moderate,false,true,false,21,5250,142,false,1,35.5,1132,1,6,5,Diwali,Dosa,89,true,5,17055046,false,5,2,true,81,4,true,true,August
DST3062,Place_2062,Rajasthan,East,Hill Station,Scenery,Bengaluru,Hindi,689911,Lokpriya Gopinath Bordoloi International Airport,22005,Monsoon,Monsoon,5.82,14,45.78,68.78,26.42,28.21,445,5,Easy,false,false,true,72,4732,12,true,4,32.6,1666.6,1,8,2,Holi,Kebabs,33,true,5,43146818,true,2,5,false,82,4,false,false,May
DST3063,Place_2063,Goa,West,Wildlife,Culture,Jaipur,Hindi,502648,Chennai International Airport,40103,Summer,Monsoon,5.33,11,46.93,62.36,38.34,49.25,226,5,Difficult,false,false,true,99,7156,29,true,1,27.2,1236.1,9,3,7,Eid,Momos,49,false,6,33362368,false,3,4,true,16,2,false,false,August
DST3064,Place_2064,Tamil Nadu,East,Heritage,Culture,Goa,Tamil,174300,Pune Airport,19214,Monsoon,Summer,3.9,12,50.81,71.55,13.99,41.42,198,1,Easy,true,true,false,42,3452,70,false,1,26.8,1354.4,3,10,4,Onam,Vada Pav,33,false,7,38721523,false,3,1,false,74,3,false,true,December
DST3065,Place_2065,Himachal Pradesh,South,Urban,Scenery,Chennai,Tamil,616909,Chaudhary Charan Singh International Airport,24169,Monsoon,Summer,6.73,12,68.14,93.92,33.57,39.52,293,3,Difficult,true,true,false,68,1809,172,false,2,32.4,105.8,1,7,8,Pongal,Pav Bhaji,66,false,8,10027132,true,3,4,false,61,4,false,false,March
DST3066,Place_2066,Tamil Nadu,Northeast,Beach,Temples,Guwahati,Hindi,978269,Indira Gandhi International Airport,17938,Summer,Monsoon,3.74,10,78.35,87.75,20.94,50.96,250,4,Difficult,true,true,false,7,9416,169,true,5,32.2,292.3,7,3,10,Durga Puja,Kebabs,33,true,5,2451414,false,5,5,false,50,5,true,true,January
DST3067,Place_2067,Himachal Pradesh,Central,Beach,Food,Delhi,Marathi,149314,Devi Ahilya Bai Holkar Airport,12956,Winter,Summer,14.48,11,46.34,76.81,27.5,22.23,476,1,Easy,true,true,false,58,8007,156,false,4,20,537,7,6,6,Onam,Idli,78,false,6,5960652,true,1,4,true,25,4,false,true,March
DST3068,Place_2068,Assam,South,Hill Station,Food,Lucknow,Bengali,666253,Rajiv Gandhi International Airport,40687,Monsoon,Summer,3.16,10,83.5,70.69,36.18,21.62,317,3,Easy,false,false,false,80,5399,152,false,5,13.2,633.7,2,7,7,Holi,Biryani,72,true,6,7184869,true,2,4,false,75,3,false,false,December
DST3069,Place_2069,Kerala,Northeast,Heritage,Wildlife,Kolkata,Malayalam,983881,Lokpriya Gopinath Bordoloi International Airport,6593,Monsoon,Monsoon,13.79,12,82.14,74.82,31.99,29.32,192,5,Difficult,false,true,true,48,1219,83,false,2,33.2,1411.4,8,3,10,Navratri,Momos,28,true,4,34175035,false,2,4,true,81,3,true,false,October
DST3070,Place_2070,Maharashtra,East,Wildlife,Wildlife,Cochin,Bengali,839628,Goa International Airport,27207,Summer,Winter,7,10,76.37,60.61,35.96,13.66,118,4,Easy,true,true,false,86,8793,66,false,5,16.7,2637.2,3,5,2,Pongal,Vada Pav,71,false,5,13997035,false,4,2,true,95,4,false,true,December
DST3071,Place_2071,Kerala,Northeast,Beach,Food,Pune,Malayalam,430101,Raja Bhoj Airport,40921,Winter,Winter,6.29,5,61.3,85.14,5.33,26.87,178,3,Moderate,false,true,false,34,9469,163,false,4,33.7,1277.5,3,3,5,Diwali,Kebabs,80,false,6,23174729,true,2,2,false,65,3,false,false,May
DST3072,Place_2072,Assam,East,Hill Station,Scenery,Goa,Malayalam,536931,Chaudhary Charan Singh International Airport,38310,Winter,Monsoon,4.24,3,40.08,63.49,11.56,30.31,477,5,Moderate,false,false,false,79,7113,79,true,2,28.5,1918.9,5,4,4,Onam,Dosa,39,true,6,37422370,false,3,1,true,36,2,false,false,October
DST3073,Place_2073,Rajasthan,South,Heritage,Scenery,Kolkata,Hindi,284522,Jaipur International Airport,49960,Summer,Summer,9.9,8,76.74,78.17,19.82,34.75,51,5,Difficult,true,true,false,92,9720,120,false,3,20.7,174.8,2,5,3,Eid,Idli,98,false,4,49115614,true,4,3,false,27,1,false,false,August
DST3074,Place_2074,Rajasthan,North,Heritage,Culture,Hyderabad,Malayalam,292974,Lokpriya Gopinath Bordoloi International Airport,32619,Monsoon,Monsoon,10.6,14,83.95,79.8,34.67,22.7,109,3,Moderate,true,true,false,89,9672,99,true,2,35.6,2579.1,4,7,7,Holi,Sarson da Saag,74,false,5,37330391,false,4,5,false,72,3,true,false,December
DST3075,Place_2075,Assam,North,Hill Station,Culture,Kolkata,Hindi,390461,Kempegowda International Airport,14403,Summer,Monsoon,7.55,5,56.76,60.06,34.34,55.34,223,3,Difficult,false,true,false,58,4173,139,true,4,30.7,428.1,2,4,1,Ganesh Chaturthi,Sarson da Saag,11,false,8,14513484,true,1,5,false,89,4,true,true,January
DST3076,Place_2076,Himachal Pradesh,Northeast,Hill Station,Wildlife,Pune,Tamil,481335,Netaji Subhas Chandra Bose International Airport,14065,Summer,Summer,1.78,6,75.9,94.3,11.48,24.25,329,4,Easy,false,true,false,52,3841,58,true,1,26.4,924.4,9,4,6,Pongal,Chole Bhature,81,true,3,45315361,true,2,2,true,35,3,true,false,March
DST3077,Place_2077,Goa,North,Wildlife,Food,Pune,Marathi,428897,Goa International Airport,25394,Winter,Winter,13.86,2,43.1,70.57,9.98,52.58,97,1,Easy,true,true,true,39,5774,185,false,5,19,2468.5,6,2,3,Bihu,Rogan Josh,77,true,7,27107124,false,2,2,false,31,4,true,true,December
DST3078,Place_2078,Goa,East,Hill Station,Scenery,Guwahati,Malayalam,397386,Sardar Vallabhbhai Patel International Airport,27801,Monsoon,Winter,14.72,12,75.47,62.7,34.21,32.25,318,5,Moderate,false,true,false,72,6190,169,true,1,39.6,868.1,1,5,7,Ganesh Chaturthi,Momos,15,false,8,40710738,true,3,1,false,67,5,false,true,March
DST3079,Place_2079,Himachal Pradesh,West,Wildlife,Food,Lucknow,Marathi,232001,Kempegowda International Airport,43646,Monsoon,Summer,7.03,13,43.42,89.9,23.95,45.91,394,1,Easy,true,false,true,30,2982,140,false,3,35.2,848.2,9,3,9,Ganesh Chaturthi,Vada Pav,73,false,6,41025149,false,1,5,false,10,4,false,true,December
DST3080,Place_2080,Rajasthan,East,Wildlife,Temples,Delhi,Hindi,468406,Chhatrapati Shivaji Maharaj International Airport,34596,Winter,Monsoon,9.59,11,69.36,65.32,26.94,15.55,47,1,Moderate,false,false,true,76,3776,157,false,1,14.1,1848.7,8,4,3,Durga Puja,Biryani,19,false,8,38090898,false,5,5,true,55,5,false,false,January
DST3081,Place_2081,Rajasthan,West,Urban,Food,Pune,Malayalam,354268,Indira Gandhi International Airport,30230,Monsoon,Summer,7.3,14,69.88,60.87,33.32,37.23,496,5,Difficult,true,true,true,92,7895,103,false,5,34.2,2719.4,2,8,1,Ganesh Chaturthi,Dosa,33,true,2,21362158,true,5,1,false,95,1,false,true,January
DST3082,Place_2082,Rajasthan,South,Heritage,Temples,Kolkata,Bengali,986238,Goa International Airport,8170,Monsoon,Monsoon,5.51,7,55.11,77.31,12.41,58.04,100,3,Moderate,false,false,true,60,2181,174,true,1,13.6,719.6,3,4,3,Onam,Biryani,12,false,7,30427230,true,5,1,false,36,2,true,true,August
DST3083,Place_2083,Kerala,Central,Heritage,Culture,Delhi,Tamil,460868,Raja Bhoj Airport,19406,Summer,Summer,2.08,13,43.96,64.55,9.78,43.31,437,5,Moderate,false,true,false,80,5648,118,false,2,17.4,1900.4,7,6,9,Diwali,Momos,56,true,9,40798162,true,4,4,true,53,1,true,false,March
DST3084,Place_2084,Rajasthan,West,Heritage,Culture,Mumbai,Tamil,637868,Chaudhary Charan Singh International Airport,25678,Summer,Summer,7.38,8,87.47,94.38,35.07,51.01,474,1,Easy,true,false,false,73,9096,157,true,4,38.7,1840.5,4,3,10,Navratri,Kebabs,97,false,4,31871818,false,5,1,true,42,4,true,true,May
DST3085,Place_2085,Tamil Nadu,North,Urban,Wildlife,Kolkata,Malayalam,728422,Sardar Vallabhbhai Patel International Airport,30968,Summer,Winter,12.46,4,66.78,60.36,8.91,23.05,433,4,Easy,true,true,true,84,3097,69,false,1,36.1,2012.6,8,1,4,Holi,Biryani,89,true,9,48393006,false,3,4,true,92,1,true,false,January
DST3086,Place_2086,Maharashtra,East,Wildlife,Food,Guwahati,Tamil,982399,Sardar Vallabhbhai Patel International Airport,43517,Monsoon,Winter,1.24,11,68.99,61.79,8.09,50.01,239,5,Easy,false,true,false,68,9126,107,true,4,28.2,2845.6,1,4,3,Eid,Pav Bhaji,56,true,8,7683943,true,5,5,false,42,5,true,true,August
DST3087,Place_2087,Rajasthan,South,Wildlife,Food,Ahmedabad,Bengali,907174,Cochin International Airport,33655,Monsoon,Summer,9.15,3,70.75,89.16,14.7,27.56,73,4,Moderate,false,false,true,33,8078,196,true,4,31,581.1,10,6,7,Onam,Sarson da Saag,65,false,7,15331722,true,2,4,false,63,1,false,true,January
DST3088,Place_2088,Himachal Pradesh,North,Hill Station,Temples,Bhopal,Marathi,117833,Chhatrapati Shivaji Maharaj International Airport,28087,Monsoon,Summer,13.33,14,84.55,68.39,16.09,34.25,37,3,Easy,false,false,true,82,7545,90,false,4,12.7,1997.6,4,9,7,Durga Puja,Sarson da Saag,62,false,4,30101520,true,1,3,false,34,2,false,true,December
DST3089,Place_2089,Maharashtra,South,Urban,Culture,Bhopal,Bengali,720709,Chaudhary Charan Singh International Airport,46984,Monsoon,Winter,4.05,13,43.01,91.91,13.44,19.4,469,3,Difficult,true,true,true,63,3803,51,false,2,20,628.9,1,5,4,Ganesh Chaturthi,Momos,89,true,4,12677537,false,1,2,true,15,3,true,false,December
DST3090,Place_2090,Kerala,Central,Hill Station,Temples,Lucknow,Tamil,695635,Sardar Vallabhbhai Patel International Airport,12049,Winter,Monsoon,3.57,13,84.66,70.89,30.96,34.28,215,4,Moderate,true,true,true,29,3673,160,false,4,19.7,1011.5,7,7,9,Pongal,Momos,82,false,8,23233457,true,2,4,false,57,5,true,false,October
DST3091,Place_2091,Himachal Pradesh,East,Urban,Culture,Chennai,Marathi,174155,Devi Ahilya Bai Holkar Airport,7785,Winter,Winter,11.81,11,51.98,62.44,39.07,35.79,135,4,Moderate,true,true,true,76,6376,178,true,1,11,1230.9,9,1,9,Holi,Chole Bhature,89,false,5,25273608,false,1,3,true,69,1,true,true,January
DST3092,Place_2092,Maharashtra,Northeast,Hill Station,Temples,Bhopal,Bengali,976223,Chaudhary Charan Singh International Airport,42766,Monsoon,Monsoon,4.57,8,43.9,60.37,11.99,41.12,5,5,Moderate,true,false,false,31,9607,82,false,4,31.1,2522.6,1,8,2,Onam,Biryani,59,false,8,9939942,false,1,1,false,71,1,true,false,October
DST3093,Place_2093,Himachal Pradesh,East,Beach,Culture,Lucknow,Hindi,845868,Goa International Airport,5655,Summer,Winter,3.69,2,72.86,69.89,32.36,53.43,246,3,Difficult,false,false,false,26,4160,36,true,2,19.2,255.8,8,4,7,Pongal,Kebabs,25,false,3,35719062,false,2,1,false,24,1,false,false,October
DST3094,Place_2094,Kerala,Central,Heritage,Temples,Pune,Hindi,506743,Netaji Subhas Chandra Bose International Airport,19458,Summer,Winter,6.29,3,88.85,76.58,6.55,25.24,323,4,Difficult,true,false,false,75,3569,90,true,4,29,2227.6,10,8,8,Bihu,Momos,13,false,2,34250183,true,3,1,true,85,5,true,true,May
DST3095,Place_2095,Tamil Nadu,East,Heritage,Culture,Goa,Marathi,551355,Goa International Airport,26102,Winter,Monsoon,6.5,4,42.86,60.04,9.16,59.21,196,2,Easy,true,true,false,51,8550,183,true,1,10.8,2746.5,6,9,8,Navratri,Dosa,20,false,7,16716172,false,4,1,false,68,1,false,false,October
DST3096,Place_2096,Kerala,Northeast,Wildlife,Temples,Guwahati,Marathi,214527,Netaji Subhas Chandra Bose International Airport,7918,Winter,Summer,13.24,5,61.31,80.34,23.03,52.38,389,5,Easy,false,false,false,80,8644,26,false,2,10,329.8,6,3,10,Ganesh Chaturthi,Kebabs,33,false,7,22981857,true,5,3,false,47,3,true,false,October
DST3097,Place_2097,Kerala,West,Beach,Food,Cochin,Marathi,329482,Sardar Vallabhbhai Patel International Airport,4436,Monsoon,Winter,9.66,6,66.49,71.68,39.99,30.15,110,5,Moderate,false,false,true,59,4774,122,false,3,15.1,2393.1,8,4,1,Ganesh Chaturthi,Kebabs,40,false,8,27186448,true,2,2,false,24,4,false,true,October
DST3098,Place_2098,Himachal Pradesh,South,Heritage,Wildlife,Jaipur,Hindi,824945,Sardar Vallabhbhai Patel International Airport,22432,Monsoon,Winter,6.68,5,52.61,73.66,38.23,21.33,287,2,Easy,false,true,false,13,8401,139,false,3,31.1,412.2,1,6,2,Diwali,Chole Bhature,59,true,7,30616014,false,2,4,false,40,1,false,false,January
DST3099,Place_2099,Assam,Northeast,Wildlife,Temples,Hyderabad,Bengali,665345,Chhatrapati Shivaji Maharaj International Airport,25873,Monsoon,Winter,8.48,11,89.14,69.15,8.92,13.57,37,3,Difficult,true,false,true,58,3613,24,false,1,28.1,2892.3,9,3,8,Diwali,Vada Pav,97,true,4,28976990,false,1,2,false,74,3,false,true,December
DST3100,Place_2100,Goa,North,Beach,Wildlife,Ahmedabad,Marathi,298511,Chaudhary Charan Singh International Airport,38640,Monsoon,Summer,14.36,4,72.05,78.52,13.39,21.72,114,4,Easy,false,false,false,68,7119,127,true,5,16,2464.6,6,9,7,Durga Puja,Dosa,97,false,8,33722990,false,5,4,false,29,5,false,false,December
DST3101,Place_2101,Rajasthan,Central,Heritage,Food,Pune,Hindi,615553,Chennai International Airport,1360,Monsoon,Winter,2.59,2,82.22,68.05,38.1,54.23,184,4,Easy,true,true,true,43,2686,194,true,4,25.7,2115.5,3,3,7,Navratri,Momos,97,false,6,46363247,false,4,2,true,38,4,false,false,January
DST3102,Place_2102,Rajasthan,West,Hill Station,Food,Guwahati,Marathi,611474,Devi Ahilya Bai Holkar Airport,45677,Summer,Summer,3.91,8,60.79,64.72,10.28,24.6,211,3,Moderate,false,false,true,87,1838,178,false,5,28.6,1695.2,1,7,1,Pongal,Rogan Josh,41,true,3,4125634,true,4,3,true,84,5,true,false,August
DST3103,Place_2103,Tamil Nadu,North,Urban,Culture,Kolkata,Marathi,406405,Raja Bhoj Airport,5599,Summer,Winter,14.48,13,57.7,91.17,31,16.9,487,2,Difficult,true,true,true,96,7449,82,false,2,38.2,2770.4,4,7,2,Eid,Kebabs,88,true,3,29517676,false,2,3,true,82,4,true,false,March
DST3104,Place_2104,Tamil Nadu,North,Beach,Wildlife,Delhi,Marathi,826272,Raja Bhoj Airport,43936,Monsoon,Monsoon,14.4,11,67.66,73.67,5.04,11.13,364,2,Difficult,false,false,true,97,3309,23,true,4,32.9,445.3,5,5,2,Bihu,Momos,95,true,8,39122673,true,3,1,true,25,3,false,true,May
DST3105,Place_2105,Rajasthan,Central,Wildlife,Scenery,Ahmedabad,Hindi,493258,Pune Airport,40499,Summer,Winter,3.48,7,61.76,62.69,27.11,24.88,483,2,Difficult,true,true,true,12,5972,17,false,5,14.1,453.2,4,6,3,Navratri,Momos,68,true,4,20171363,false,3,5,true,89,3,true,true,January
DST3106,Place_2106,Goa,West,Beach,Culture,Guwahati,Bengali,647057,Pune Airport,35845,Monsoon,Winter,3.03,3,75.75,68.06,22.31,20.81,254,5,Easy,true,true,true,31,4947,85,true,1,18.1,2485.2,7,1,3,Onam,Idli,21,true,2,47866372,false,2,3,true,42,4,false,true,August
DST3107,Place_2107,Rajasthan,North,Wildlife,Wildlife,Jaipur,Hindi,560329,Kempegowda International Airport,14750,Monsoon,Summer,6.9,3,53.29,70.85,21.49,15.11,319,4,Difficult,false,true,false,73,5164,144,true,2,22.1,1498.7,6,3,3,Ganesh Chaturthi,Pav Bhaji,26,false,9,47154137,false,3,3,false,64,3,false,false,August
DST3108,Place_2108,Assam,North,Beach,Temples,Chennai,Hindi,308990,Kempegowda International Airport,28987,Winter,Summer,1.7,4,62.48,86.94,34.02,57.55,309,1,Easy,true,true,false,97,1082,76,false,4,13.2,2550.7,10,3,4,Eid,Momos,11,false,4,43909401,false,5,1,false,28,2,false,false,May
DST3109,Place_2109,Goa,West,Wildlife,Temples,Indore,Marathi,122449,Sardar Vallabhbhai Patel International Airport,38459,Summer,Summer,10.17,9,84.76,60.78,7.83,23.38,112,5,Moderate,true,false,true,37,9961,163,true,3,26.7,1232.9,5,2,4,Onam,Pav Bhaji,48,false,2,12946110,true,3,5,false,98,4,true,true,August
DST3110,Place_2110,Tamil Nadu,East,Heritage,Food,Delhi,Malayalam,239648,Devi Ahilya Bai Holkar Airport,27165,Summer,Monsoon,2.08,9,77.81,76.74,18.21,10.31,269,5,Difficult,true,true,true,89,9662,12,true,4,37.2,1410.4,3,1,9,Eid,Momos,59,false,4,21255283,false,5,3,true,59,1,false,false,December
DST3111,Place_2111,Maharashtra,North,Hill Station,Scenery,Hyderabad,Malayalam,539090,Rajiv Gandhi International Airport,25346,Winter,Monsoon,1.81,11,48.4,74.27,20.61,57.21,319,4,Moderate,false,true,false,14,4623,183,true,2,19.2,1063,9,9,3,Eid,Dosa,79,false,4,15443799,true,3,3,true,43,1,false,false,December
DST3112,Place_2112,Himachal Pradesh,South,Heritage,Temples,Bengaluru,Malayalam,570415,Netaji Subhas Chandra Bose International Airport,4514,Summer,Summer,7.79,11,84.34,93.89,9.34,38.93,433,3,Easy,false,true,true,20,6123,141,false,3,39.5,2857.1,3,4,3,Pongal,Vada Pav,60,true,4,42684229,false,4,2,false,73,1,true,true,December
DST3113,Place_2113,Assam,West,Hill Station,Wildlife,Hyderabad,Hindi,398489,Jaipur International Airport,25838,Winter,Monsoon,14.41,11,69.45,66.3,8,14.14,174,4,Difficult,false,false,false,15,7730,194,true,1,17.5,1448.4,3,8,9,Bihu,Dosa,40,false,5,45750131,true,2,4,true,33,1,true,false,January
DST3114,Place_2114,Assam,North,Heritage,Wildlife,Lucknow,Marathi,217926,Chaudhary Charan Singh International Airport,28559,Summer,Summer,6.98,13,73.96,81.98,11.29,11.57,309,3,Easy,false,true,true,23,6224,133,false,4,24.2,2289.8,3,7,4,Bihu,Rogan Josh,34,true,9,45568603,true,5,4,true,41,1,false,false,December
DST3115,Place_2115,Tamil Nadu,Central,Heritage,Temples,Ahmedabad,Malayalam,869806,Indira Gandhi International Airport,36687,Monsoon,Monsoon,5.99,11,54.71,67.08,13.44,15.39,18,4,Difficult,true,true,false,68,9313,183,true,5,20.3,2118.1,8,6,6,Navratri,Dosa,66,true,4,40487532,false,4,2,true,12,2,true,true,December
DST3116,Place_2116,Tamil Nadu,Northeast,Beach,Wildlife,Lucknow,Tamil,486720,Indira Gandhi International Airport,32965,Winter,Summer,14.97,12,62.08,79.19,38.81,39.57,202,5,Easy,false,false,true,56,2890,23,false,5,19.2,781.8,2,1,10,Ganesh Chaturthi,Idli,37,false,3,27364493,true,2,4,false,22,1,false,false,October
DST3117,Place_2117,Kerala,South,Urban,Wildlife,Pune,Tamil,955860,Netaji Subhas Chandra Bose International Airport,17385,Monsoon,Summer,8.45,13,80.34,79.43,21.65,13.09,422,2,Easy,true,false,false,81,9044,140,true,1,21.3,2750.5,4,3,5,Diwali,Dosa,54,false,6,3729510,true,4,1,false,96,3,true,false,January
DST3118,Place_2118,Assam,Northeast,Wildlife,Food,Mumbai,Tamil,848008,Kempegowda International Airport,19317,Monsoon,Monsoon,6.25,9,56.53,62.64,22.86,38.41,448,5,Easy,false,true,false,19,5784,150,true,2,11,1679.6,8,5,10,Durga Puja,Momos,35,true,7,25604116,true,5,5,false,21,5,false,true,August
DST3119,Place_2119,Kerala,Northeast,Wildlife,Scenery,Guwahati,Bengali,104321,Chhatrapati Shivaji Maharaj International Airport,1393,Summer,Winter,6.4,8,48.25,75.98,29.74,42.63,125,5,Moderate,true,false,false,46,7094,145,true,1,26,2581.8,1,1,3,Lohri,Dosa,77,true,7,40142026,true,3,3,true,71,3,false,false,March
DST3120,Place_2120,Kerala,North,Wildlife,Food,Pune,Marathi,892208,Indira Gandhi International Airport,25881,Winter,Summer,3.73,3,58.92,76.14,28.95,17.38,482,1,Difficult,false,true,true,87,1316,193,true,2,32.2,2513.3,3,1,8,Durga Puja,Chole Bhature,38,true,6,43911435,true,2,4,true,54,3,true,false,December
DST3121,Place_2121,Himachal Pradesh,South,Hill Station,Scenery,Chennai,Hindi,378263,Raja Bhoj Airport,47225,Monsoon,Summer,8.17,2,43.46,71.17,22.6,34.42,466,5,Easy,true,true,false,83,1504,139,false,3,35.9,270.1,4,10,5,Pongal,Vada Pav,88,false,4,26386865,false,4,3,true,33,2,true,true,March
DST3122,Place_2122,Kerala,South,Wildlife,Wildlife,Cochin,Hindi,785929,Lokpriya Gopinath Bordoloi International Airport,34297,Monsoon,Winter,7.14,7,75.89,69.7,16.89,58.19,253,5,Difficult,false,false,false,42,9624,111,true,2,19.7,1897.3,6,9,8,Onam,Momos,64,false,5,7331899,false,3,2,false,33,2,true,false,October
DST3123,Place_2123,Goa,East,Wildlife,Scenery,Ahmedabad,Marathi,620709,Sardar Vallabhbhai Patel International Airport,28955,Winter,Summer,4.79,12,47.39,67.85,16.59,51.82,315,5,Easy,false,true,true,90,9783,125,true,3,26.5,2388.1,2,1,6,Pongal,Pav Bhaji,89,true,4,34912993,false,1,2,true,90,3,true,false,December
DST3124,Place_2124,Rajasthan,Northeast,Beach,Wildlife,Goa,Bengali,230078,Rajiv Gandhi International Airport,45979,Summer,Summer,3.25,9,54.26,60.21,7.02,46.17,416,1,Difficult,true,false,true,53,7407,55,false,4,36.8,2728.8,7,4,9,Durga Puja,Dosa,49,true,9,47277410,false,5,4,false,24,3,true,false,August
DST3125,Place_2125,Maharashtra,South,Heritage,Wildlife,Goa,Marathi,793956,Cochin International Airport,7495,Monsoon,Monsoon,5.36,2,84.05,60.06,36.49,35.89,254,3,Easy,false,true,true,81,8268,40,true,4,34,1568.3,3,8,2,Durga Puja,Sarson da Saag,14,false,4,17364147,false,5,2,false,59,1,false,false,October
DST3126,Place_2126,Tamil Nadu,East,Wildlife,Food,Mumbai,Bengali,415111,Indira Gandhi International Airport,40721,Summer,Winter,8.12,4,67.02,80.64,31.93,29.71,287,1,Easy,true,true,false,88,1600,100,true,1,23.9,2277.1,8,9,7,Eid,Biryani,67,true,2,49049606,true,3,4,false,97,5,false,true,December
DST3127,Place_2127,Goa,West,Urban,Food,Delhi,Malayalam,788423,Goa International Airport,22437,Winter,Summer,1.82,2,56.07,70.2,26.82,32.57,291,2,Moderate,true,false,true,53,4479,44,false,1,14.9,2911.9,2,6,10,Navratri,Rogan Josh,70,true,7,27063638,true,3,1,false,97,2,false,false,October
DST3128,Place_2128,Maharashtra,East,Wildlife,Culture,Mumbai,Malayalam,962155,Cochin International Airport,2713,Summer,Summer,3.15,11,67.38,65.88,18.86,48.23,151,3,Difficult,false,true,false,83,3452,71,true,4,26.7,2500.7,9,8,4,Durga Puja,Idli,31,true,7,37978816,true,2,4,false,76,5,false,true,October
DST3129,Place_2129,Assam,Central,Hill Station,Temples,Chennai,Bengali,286502,Cochin International Airport,21428,Winter,Winter,14.27,10,50.91,83.97,25.39,37.71,426,1,Moderate,false,false,false,75,2147,183,false,5,39.7,2577.8,4,6,10,Navratri,Pav Bhaji,46,true,3,21563859,true,4,2,false,54,5,true,false,December
DST3130,Place_2130,Assam,North,Hill Station,Culture,Bhopal,Marathi,212620,Pune Airport,1635,Summer,Winter,8.6,8,41.26,78.51,21.98,48.23,198,2,Easy,true,true,false,59,5359,161,true,3,32.7,1281.1,8,8,7,Pongal,Rogan Josh,83,true,7,4979935,true,1,1,false,74,2,true,true,March
DST3131,Place_2131,Assam,West,Hill Station,Culture,Bhopal,Malayalam,499884,Rajiv Gandhi International Airport,16193,Summer,Monsoon,1.89,9,70.19,92.02,14.59,58.49,198,2,Moderate,false,true,false,26,9850,74,false,4,35.4,365.9,4,7,9,Diwali,Momos,40,false,2,22155149,false,2,1,false,29,5,true,false,May
DST3132,Place_2132,Goa,West,Wildlife,Scenery,Kolkata,Marathi,705168,Rajiv Gandhi International Airport,24003,Monsoon,Monsoon,10.7,10,75.71,89.09,15.45,42.03,301,4,Moderate,true,false,false,47,7941,99,true,5,15.7,2901.5,6,9,10,Holi,Biryani,23,true,7,19920132,true,2,4,true,30,1,true,true,August
DST3133,Place_2133,Goa,Central,Beach,Wildlife,Lucknow,Malayalam,108195,Indira Gandhi International Airport,15633,Summer,Monsoon,1.87,4,83.99,85.44,35.61,40.16,174,4,Moderate,false,true,true,54,2114,53,false,2,37.1,2117.9,8,9,1,Lohri,Momos,43,false,9,4369175,true,1,3,false,21,2,false,false,October
DST3134,Place_2134,Tamil Nadu,East,Urban,Wildlife,Jaipur,Marathi,878985,Raja Bhoj Airport,30228,Monsoon,Summer,11.34,11,78.59,64.43,27.22,30.31,452,5,Moderate,false,false,true,88,7515,108,false,4,10.4,596.4,5,2,5,Diwali,Biryani,62,false,6,42024916,false,5,3,true,94,3,true,false,December
DST3135,Place_2135,Rajasthan,North,Wildlife,Wildlife,Pune,Marathi,726946,Chhatrapati Shivaji Maharaj International Airport,43077,Winter,Winter,11.5,12,86.33,83.31,5.05,19.84,269,3,Difficult,true,false,true,23,9552,60,false,5,35.9,2924.1,6,5,6,Holi,Chole Bhature,92,true,7,47836545,true,2,2,true,92,4,false,false,October
DST3136,Place_2136,Kerala,East,Beach,Temples,Ahmedabad,Tamil,157995,Chhatrapati Shivaji Maharaj International Airport,27730,Winter,Monsoon,10.12,3,89.3,84.29,16.44,28.71,428,1,Moderate,true,false,true,95,7906,117,true,4,17.2,2175.8,2,2,4,Diwali,Biryani,30,false,5,22431678,true,5,4,true,28,1,true,true,January
DST3137,Place_2137,Assam,South,Beach,Scenery,Cochin,Bengali,230112,Kempegowda International Airport,49546,Monsoon,Winter,11.25,7,77.25,86.72,16.9,36,179,5,Easy,false,false,true,76,4784,97,true,2,28.7,362.1,4,6,10,Eid,Idli,46,true,2,12708556,false,4,3,false,11,2,false,false,January
DST3138,Place_2138,Himachal Pradesh,East,Wildlife,Scenery,Chennai,Hindi,843194,Netaji Subhas Chandra Bose International Airport,8445,Summer,Summer,2.23,6,83.4,69.21,29.72,11.74,217,3,Easy,false,false,true,22,6695,183,false,2,18.8,595.4,5,4,6,Lohri,Vada Pav,33,true,3,45239582,false,3,4,false,42,5,false,false,January
DST3139,Place_2139,Rajasthan,West,Wildlife,Wildlife,Bhopal,Bengali,138250,Sardar Vallabhbhai Patel International Airport,46183,Winter,Summer,11.17,5,73.69,82.41,29.52,33.79,117,4,Moderate,false,false,true,14,6661,42,true,3,14.1,2609.7,1,8,1,Holi,Pav Bhaji,73,true,3,17201261,false,4,3,false,46,3,false,true,August
DST3140,Place_2140,Himachal Pradesh,North,Beach,Culture,Indore,Marathi,882129,Lokpriya Gopinath Bordoloi International Airport,15281,Winter,Winter,2.91,7,48.55,81.64,21.25,53.11,305,1,Moderate,false,false,false,54,6565,163,false,2,17.4,2866.1,7,10,8,Eid,Rogan Josh,26,false,3,14745047,true,3,1,true,19,4,true,true,May
DST3141,Place_2141,Tamil Nadu,East,Beach,Temples,Bengaluru,Marathi,115376,Jaipur International Airport,7602,Winter,Winter,5.75,7,49.09,73.49,38.28,58.83,320,2,Moderate,true,false,false,53,8337,110,false,2,24.2,1158,6,4,6,Durga Puja,Dosa,55,false,6,19597239,false,2,4,false,41,2,false,false,August
DST3142,Place_2142,Tamil Nadu,North,Beach,Culture,Jaipur,Bengali,856935,Chennai International Airport,1037,Monsoon,Monsoon,14.2,13,45.51,83.22,35.53,52.78,332,2,Easy,true,false,false,45,4641,176,true,3,37.6,1298.5,4,6,10,Lohri,Kebabs,40,false,2,26178009,true,3,3,false,90,1,true,false,December
DST3143,Place_2143,Tamil Nadu,North,Wildlife,Food,Guwahati,Marathi,811199,Jaipur International Airport,43592,Winter,Winter,8.04,4,87.15,63.03,35.32,18.6,319,5,Moderate,false,false,false,19,2054,67,false,4,21.7,1246.8,4,1,4,Diwali,Rogan Josh,59,false,3,49765984,false,1,5,true,39,1,true,false,August
DST3144,Place_2144,Maharashtra,South,Beach,Scenery,Chennai,Malayalam,951155,Pune Airport,29869,Winter,Monsoon,14.54,3,73.64,82.52,17.19,17.75,22,5,Difficult,true,true,false,27,8001,124,true,4,11.7,2522.5,3,4,5,Onam,Rogan Josh,59,false,8,2107496,true,1,2,true,23,3,true,false,December
DST3145,Place_2145,Himachal Pradesh,South,Hill Station,Scenery,Bengaluru,Marathi,667730,Chhatrapati Shivaji Maharaj International Airport,37543,Winter,Winter,2.24,10,79.5,81.21,20.08,29.67,124,1,Moderate,false,false,true,80,6731,35,false,3,10.7,1414.4,1,4,8,Lohri,Momos,52,false,6,13424919,false,4,2,false,14,1,false,true,March
DST3146,Place_2146,Rajasthan,West,Wildlife,Culture,Bengaluru,Bengali,629680,Goa International Airport,32076,Winter,Winter,7.69,9,56.56,67.37,19.66,21.27,83,2,Difficult,false,false,true,31,7510,126,true,4,16.3,1188.2,6,6,2,Holi,Rogan Josh,26,false,5,4032576,false,1,4,true,45,2,true,true,August
DST3147,Place_2147,Rajasthan,Central,Hill Station,Temples,Bengaluru,Bengali,608193,Cochin International Airport,27630,Monsoon,Winter,1.87,5,63.02,88.64,20.41,43.8,198,5,Moderate,false,true,true,10,5211,84,false,4,11.6,1903.4,5,8,4,Onam,Dosa,87,true,9,2364958,false,4,5,false,86,3,false,true,January
DST3148,Place_2148,Goa,North,Heritage,Scenery,Bhopal,Bengali,616898,Kempegowda International Airport,21469,Monsoon,Summer,9.82,7,41.99,90.6,36.12,14.23,325,2,Easy,true,false,false,28,4595,102,false,5,21.1,1522.5,6,4,7,Ganesh Chaturthi,Pav Bhaji,79,false,4,43034296,true,5,1,true,67,4,true,true,January
DST3149,Place_2149,Goa,Central,Wildlife,Culture,Kolkata,Tamil,782466,Pune Airport,33299,Summer,Summer,2.1,4,84.45,67.37,13.72,32.19,186,4,Easy,true,false,true,90,6420,66,true,3,21.5,1646.9,10,4,2,Lohri,Sarson da Saag,28,false,5,32043671,true,5,2,false,89,2,false,false,October
DST3150,Place_2150,Assam,West,Heritage,Temples,Mumbai,Tamil,573061,Jaipur International Airport,26094,Winter,Summer,3.46,12,82.65,62.66,33.08,24.02,328,5,Moderate,true,false,false,13,9513,79,true,3,39.2,1280.3,1,3,6,Durga Puja,Biryani,59,true,9,45979737,false,4,4,false,22,1,true,false,December
DST3151,Place_2151,Goa,North,Beach,Culture,Goa,Tamil,124809,Raja Bhoj Airport,27817,Monsoon,Monsoon,4.62,9,79.24,81.13,22.99,39.77,91,3,Difficult,true,false,false,78,3919,82,true,1,19.2,1435.5,2,8,9,Durga Puja,Sarson da Saag,71,true,9,8324469,true,4,2,true,97,4,true,true,December
DST3152,Place_2152,Tamil Nadu,North,Beach,Temples,Hyderabad,Tamil,215095,Rajiv Gandhi International Airport,11555,Summer,Monsoon,11.48,4,42.92,76.8,13.72,49.85,329,5,Easy,false,true,true,66,6535,17,false,5,28,204.3,7,6,2,Onam,Rogan Josh,36,true,2,44998560,true,4,4,false,27,4,true,false,October
DST3153,Place_2153,Rajasthan,Northeast,Urban,Wildlife,Guwahati,Tamil,756053,Raja Bhoj Airport,6120,Summer,Summer,3.3,3,48.71,74.97,23.46,56.18,181,4,Easy,false,true,false,71,3472,100,false,4,34.6,2784.8,9,4,4,Onam,Dosa,49,true,5,26538015,false,3,5,true,17,3,false,true,January
DST3154,Place_2154,Himachal Pradesh,Central,Beach,Temples,Pune,Tamil,723761,Raja Bhoj Airport,15678,Winter,Summer,12.85,8,56.71,86.64,11.84,58.19,226,1,Easy,true,false,false,74,5278,135,true,1,25.4,188.7,6,5,10,Navratri,Dosa,46,false,8,24914208,false,1,3,false,78,1,true,true,August
DST3155,Place_2155,Tamil Nadu,East,Heritage,Food,Bengaluru,Tamil,194769,Raja Bhoj Airport,5715,Summer,Winter,2.85,4,53.15,93.94,8.79,27.56,198,2,Moderate,false,false,true,94,4908,43,true,5,30.9,2341.2,6,2,10,Bihu,Dosa,25,false,7,23622677,true,3,3,true,57,5,false,false,August
DST3156,Place_2156,Maharashtra,South,Beach,Wildlife,Chennai,Bengali,567375,Cochin International Airport,35162,Monsoon,Winter,1.49,14,81.92,76.72,34.34,52.79,472,1,Moderate,true,false,true,82,5612,78,true,4,39.2,965,5,9,5,Bihu,Pav Bhaji,86,true,6,24427535,false,3,3,false,87,4,true,true,December
DST3157,Place_2157,Goa,East,Wildlife,Culture,Delhi,Hindi,599302,Netaji Subhas Chandra Bose International Airport,36637,Summer,Monsoon,6.53,10,49.74,60.22,29.48,39.6,477,5,Moderate,true,false,true,46,4062,19,true,5,19.7,425.5,5,8,10,Navratri,Kebabs,88,false,2,4075426,false,3,3,true,12,4,true,false,May
DST3158,Place_2158,Tamil Nadu,Central,Beach,Wildlife,Indore,Tamil,605376,Rajiv Gandhi International Airport,33322,Summer,Monsoon,14.71,4,66.61,80.87,12.17,44.61,234,3,Difficult,true,true,true,64,7514,31,true,2,12.2,1868.1,6,2,8,Navratri,Dosa,35,false,8,30102424,true,5,1,true,79,2,true,true,August
DST3159,Place_2159,Tamil Nadu,South,Urban,Wildlife,Delhi,Bengali,698998,Lokpriya Gopinath Bordoloi International Airport,37444,Monsoon,Winter,2.54,9,68.57,82.89,37.98,52.56,409,1,Moderate,true,false,false,87,8138,149,true,4,22.9,2150.2,2,8,5,Navratri,Pav Bhaji,68,false,3,10217634,true,5,4,true,26,3,true,true,March
DST3160,Place_2160,Maharashtra,East,Beach,Culture,Goa,Hindi,897784,Devi Ahilya Bai Holkar Airport,37489,Summer,Monsoon,2.42,3,61.25,88.98,5.85,16.51,43,3,Difficult,false,false,true,52,9100,166,true,5,26.2,1927.6,10,6,5,Diwali,Momos,74,false,6,34390104,false,3,1,false,60,5,false,true,March
DST3161,Place_2161,Kerala,Northeast,Heritage,Culture,Guwahati,Tamil,283268,Jaipur International Airport,39458,Summer,Summer,11.52,10,52.03,66.98,16.66,57.37,75,5,Moderate,false,true,true,60,8521,168,true,5,27.4,1770.6,6,1,10,Navratri,Pav Bhaji,42,true,7,39618733,true,2,3,false,66,1,true,false,August
DST3162,Place_2162,Rajasthan,South,Heritage,Food,Ahmedabad,Hindi,302138,Indira Gandhi International Airport,39586,Summer,Winter,5.37,2,88.01,78.35,5.76,37.37,140,3,Difficult,false,true,true,91,3715,15,true,1,32.2,1654.9,4,10,9,Pongal,Vada Pav,43,false,2,36462266,true,3,3,true,52,1,true,true,October
DST3163,Place_2163,Himachal Pradesh,North,Beach,Culture,Lucknow,Hindi,760352,Netaji Subhas Chandra Bose International Airport,34002,Summer,Winter,11.04,13,60.67,75.65,9.98,26.8,181,3,Difficult,true,true,true,9,8482,119,true,5,36.9,1669.1,3,4,10,Durga Puja,Pav Bhaji,69,false,8,40061199,true,2,5,false,51,2,true,true,October
DST3164,Place_2164,Assam,East,Heritage,Scenery,Bengaluru,Malayalam,153076,Goa International Airport,4140,Winter,Monsoon,3.8,4,76.37,83.26,11.3,26.94,118,4,Moderate,true,false,false,83,6819,16,false,2,25,2609.7,7,5,6,Lohri,Sarson da Saag,60,true,7,30565329,true,2,2,true,38,5,true,true,October
DST3165,Place_2165,Kerala,South,Heritage,Scenery,Chennai,Marathi,385498,Lokpriya Gopinath Bordoloi International Airport,9638,Winter,Winter,7.44,12,49.2,62.24,33.36,47.55,39,1,Difficult,false,false,false,98,6300,106,true,2,14.3,361.4,5,2,5,Holi,Momos,73,true,8,34370220,true,1,3,true,95,1,false,false,March
DST3166,Place_2166,Goa,Northeast,Urban,Food,Bengaluru,Malayalam,758672,Kempegowda International Airport,46665,Monsoon,Winter,4.71,3,81.14,90.94,39.76,43.93,259,5,Easy,false,true,false,58,3727,119,false,5,22.1,556.4,10,10,3,Eid,Sarson da Saag,30,true,7,37802353,false,4,1,true,64,4,true,false,January
DST3167,Place_2167,Tamil Nadu,South,Wildlife,Temples,Kolkata,Hindi,407977,Chaudhary Charan Singh International Airport,18383,Summer,Summer,7.32,14,50.79,77.89,35.36,46.47,436,4,Easy,true,false,true,42,3428,22,false,4,14.7,2456.7,3,5,1,Eid,Chole Bhature,16,true,2,17313884,true,3,1,true,79,4,false,false,December
DST3168,Place_2168,Maharashtra,South,Urban,Temples,Guwahati,Bengali,628606,Rajiv Gandhi International Airport,18718,Monsoon,Winter,11.77,14,73.77,90.7,27.23,22.65,243,3,Moderate,false,false,true,23,4379,72,false,1,15.5,978.8,8,1,6,Bihu,Rogan Josh,74,false,6,48343504,false,3,1,true,52,2,false,false,May
DST3169,Place_2169,Maharashtra,Northeast,Hill Station,Scenery,Lucknow,Tamil,736651,Indira Gandhi International Airport,42093,Winter,Winter,11.67,13,65.32,71.91,30.3,18.51,128,4,Easy,true,true,false,73,5618,33,false,4,10.1,2337.5,5,2,10,Onam,Idli,74,false,9,40897086,false,3,5,true,69,1,false,false,December
DST3170,Place_2170,Rajasthan,East,Urban,Culture,Bengaluru,Marathi,462136,Goa International Airport,11624,Summer,Winter,8.22,8,47.33,82.87,23.3,46.09,5,4,Moderate,true,true,false,77,9881,103,false,5,37.9,1122.8,3,1,9,Diwali,Idli,73,true,5,6298947,false,4,1,false,50,2,false,false,October
DST3171,Place_2171,Kerala,West,Beach,Food,Pune,Tamil,952435,Pune Airport,22472,Summer,Winter,14,6,41.25,93.49,19.79,24.92,310,3,Difficult,false,false,true,75,3170,106,false,2,32.4,2783.7,9,2,4,Bihu,Vada Pav,27,true,8,37718670,false,2,4,false,58,2,false,false,August
DST3172,Place_2172,Assam,East,Wildlife,Temples,Delhi,Bengali,258264,Chaudhary Charan Singh International Airport,22863,Winter,Summer,4.69,9,86.54,93.02,29.23,21.12,65,5,Easy,false,false,false,28,7325,93,false,3,13,915.9,2,2,8,Durga Puja,Rogan Josh,70,true,5,38864190,true,3,4,false,87,3,false,true,January
DST3173,Place_2173,Rajasthan,Central,Beach,Temples,Bengaluru,Marathi,994273,Pune Airport,7090,Summer,Winter,4.36,3,46.28,93.04,39.06,20.73,373,2,Difficult,true,true,true,84,6425,28,true,1,37.6,1338,3,7,2,Onam,Momos,91,true,3,37107276,true,3,5,true,93,1,false,false,May
DST3174,Place_2174,Tamil Nadu,Northeast,Hill Station,Wildlife,Pune,Malayalam,200726,Chhatrapati Shivaji Maharaj International Airport,12377,Summer,Summer,9.59,9,75.25,61.5,6.01,17.42,493,4,Moderate,false,false,true,14,3800,92,true,4,36.1,560.6,3,7,2,Onam,Biryani,25,true,8,29381361,false,4,4,true,36,1,true,true,January
DST3175,Place_2175,Rajasthan,East,Wildlife,Scenery,Pune,Hindi,189199,Chaudhary Charan Singh International Airport,18495,Winter,Summer,9.7,8,72.63,74.11,15.99,31.34,218,1,Moderate,true,false,false,89,3303,97,false,2,37.3,2033.4,1,7,4,Navratri,Chole Bhature,74,false,7,7519860,true,5,5,true,12,2,false,true,August
DST3176,Place_2176,Himachal Pradesh,South,Heritage,Culture,Mumbai,Bengali,481339,Netaji Subhas Chandra Bose International Airport,15870,Monsoon,Summer,1.65,13,57.09,62.13,16.55,23.05,145,3,Difficult,false,false,false,25,1212,78,false,4,12.9,1268.4,7,2,2,Lohri,Kebabs,70,false,2,26671735,false,4,5,false,90,2,true,true,January
DST3177,Place_2177,Maharashtra,Northeast,Urban,Food,Pune,Hindi,268561,Chhatrapati Shivaji Maharaj International Airport,20300,Monsoon,Monsoon,9.51,12,49.27,70.83,19.5,54.69,233,2,Moderate,true,false,true,19,5994,159,false,5,12.4,2829.5,6,3,6,Ganesh Chaturthi,Vada Pav,84,true,5,41267589,true,4,5,false,77,4,true,true,May
DST3178,Place_2178,Maharashtra,North,Beach,Temples,Lucknow,Hindi,351131,Netaji Subhas Chandra Bose International Airport,3103,Summer,Monsoon,6.24,6,48.92,66.11,26.94,44.46,28,4,Easy,true,false,true,68,2320,69,false,4,12,145.7,6,2,8,Lohri,Rogan Josh,73,true,2,47050628,true,5,4,true,51,3,true,true,August
DST3179,Place_2179,Goa,East,Hill Station,Wildlife,Delhi,Tamil,469651,Sardar Vallabhbhai Patel International Airport,26195,Winter,Winter,11.46,3,69.27,81.7,22.98,47.19,308,3,Moderate,true,true,false,17,9095,31,false,1,39,1224.2,6,5,3,Ganesh Chaturthi,Chole Bhature,39,false,5,34110070,false,1,3,false,86,2,false,false,March
DST3180,Place_2180,Goa,Northeast,Heritage,Scenery,Cochin,Bengali,994605,Devi Ahilya Bai Holkar Airport,38893,Monsoon,Summer,12.31,11,67.35,87.33,5.66,30.18,160,3,Easy,false,false,false,75,7871,101,true,3,29.8,168.5,7,3,3,Diwali,Rogan Josh,99,false,6,15809888,true,4,4,false,63,1,true,false,January
DST3181,Place_2181,Assam,East,Urban,Scenery,Ahmedabad,Hindi,652561,Indira Gandhi International Airport,7590,Monsoon,Monsoon,8.73,12,83.8,77.97,19.41,40.01,130,4,Moderate,false,false,false,44,2214,154,false,3,15.3,1054.2,6,10,4,Onam,Biryani,96,true,9,33691141,false,4,5,false,10,3,true,true,August
DST3182,Place_2182,Tamil Nadu,Northeast,Heritage,Food,Kolkata,Malayalam,802913,Jaipur International Airport,43980,Summer,Winter,1.02,8,72,87.84,26.68,35.04,147,1,Easy,false,false,true,12,9082,104,false,5,37.9,1202.7,9,6,5,Diwali,Chole Bhature,19,true,7,26196961,true,3,2,true,30,1,false,false,January
DST3183,Place_2183,Himachal Pradesh,South,Urban,Temples,Delhi,Marathi,653761,Pune Airport,43368,Monsoon,Monsoon,9.91,11,80.96,60.45,22.67,18.37,387,3,Moderate,false,true,false,42,9320,184,true,1,23.3,848.6,5,6,3,Bihu,Biryani,84,false,6,2434180,false,2,4,true,76,3,false,false,August
DST3184,Place_2184,Kerala,North,Wildlife,Food,Chennai,Bengali,685698,Jaipur International Airport,33050,Winter,Summer,11.48,5,41.62,88.72,35.52,12.39,81,3,Moderate,false,false,false,56,6563,144,false,3,33.6,841,1,5,6,Holi,Dosa,79,true,5,41410863,true,2,2,false,56,4,true,false,October
DST3185,Place_2185,Rajasthan,North,Heritage,Food,Ahmedabad,Tamil,752824,Devi Ahilya Bai Holkar Airport,3921,Monsoon,Winter,4.49,5,73.55,66.24,18.95,44.18,391,4,Difficult,false,false,false,6,4286,154,false,2,29.1,854.2,1,2,5,Eid,Momos,38,false,6,34131065,true,4,4,true,98,5,false,true,January
DST3186,Place_2186,Assam,Central,Heritage,Wildlife,Pune,Bengali,506895,Chaudhary Charan Singh International Airport,5734,Winter,Summer,7.51,9,51.69,76.13,5.44,16.06,469,2,Difficult,true,true,true,26,8660,199,false,4,29.5,872.1,1,8,8,Ganesh Chaturthi,Rogan Josh,31,true,7,14253411,true,2,5,true,68,5,false,false,October
DST3187,Place_2187,Tamil Nadu,Northeast,Heritage,Scenery,Bengaluru,Tamil,455125,Lokpriya Gopinath Bordoloi International Airport,20757,Winter,Summer,14.52,7,52.64,75.49,14.97,12.87,360,3,Easy,true,false,true,8,2781,144,true,5,23.2,918.6,2,6,10,Onam,Momos,23,true,9,17560908,true,3,4,true,10,2,false,true,October
DST3188,Place_2188,Goa,East,Wildlife,Culture,Mumbai,Marathi,145310,Rajiv Gandhi International Airport,31328,Summer,Monsoon,5.17,10,76.03,90.56,9.75,32.09,341,3,Difficult,false,false,true,56,7333,38,false,2,21.8,2568.8,4,2,4,Onam,Momos,15,true,2,2444699,false,4,1,true,23,5,true,true,March
DST3189,Place_2189,Rajasthan,North,Hill Station,Scenery,Guwahati,Malayalam,707694,Rajiv Gandhi International Airport,24138,Monsoon,Winter,4.12,12,79.67,93.81,13.76,46.9,82,4,Difficult,false,false,true,11,2838,13,true,5,14.9,213.3,6,1,6,Bihu,Kebabs,53,true,7,19636934,false,4,1,true,49,1,true,false,October
DST3190,Place_2190,Goa,North,Urban,Scenery,Ahmedabad,Hindi,291755,Cochin International Airport,17037,Summer,Winter,3.95,3,58.59,68.93,17.67,48.44,411,3,Easy,true,true,true,5,3440,113,true,1,12.1,2967.8,7,6,9,Pongal,Rogan Josh,72,true,6,1927800,true,4,5,false,76,1,true,false,January
DST3191,Place_2191,Rajasthan,West,Heritage,Wildlife,Guwahati,Bengali,474909,Pune Airport,34604,Monsoon,Winter,8.82,6,79.5,62.36,28.68,53.67,449,4,Difficult,false,true,false,87,2106,127,true,5,37.8,916.4,5,2,6,Bihu,Pav Bhaji,59,false,3,44330329,true,3,3,false,18,3,false,false,January
DST3192,Place_2192,Kerala,West,Wildlife,Culture,Chennai,Tamil,388136,Chhatrapati Shivaji Maharaj International Airport,13094,Summer,Monsoon,14.3,7,62.19,82.77,16.35,19.96,72,1,Easy,false,true,true,62,4002,25,false,3,38.1,181,7,4,10,Ganesh Chaturthi,Chole Bhature,70,true,5,9550240,false,2,2,false,78,4,true,true,May
DST3193,Place_2193,Tamil Nadu,North,Hill Station,Temples,Chennai,Marathi,129433,Pune Airport,10028,Summer,Winter,9.52,9,82.88,77.6,35.94,59.28,354,4,Easy,false,false,false,66,6188,89,false,1,29.2,608,2,4,5,Bihu,Rogan Josh,29,false,8,22632310,true,4,4,true,34,2,false,true,October
DST3194,Place_2194,Rajasthan,Northeast,Urban,Culture,Ahmedabad,Hindi,569790,Sardar Vallabhbhai Patel International Airport,44517,Summer,Monsoon,5.25,5,41.25,79.8,15.48,48.16,213,2,Easy,true,false,true,98,4405,95,false,5,21.6,2831.4,6,9,8,Bihu,Sarson da Saag,84,false,3,16582742,true,5,5,true,73,2,true,false,December
DST3195,Place_2195,Himachal Pradesh,Central,Wildlife,Temples,Mumbai,Marathi,912365,Cochin International Airport,16432,Monsoon,Winter,9.94,12,44.17,61.62,9.79,17.86,25,3,Easy,false,true,true,70,4232,84,false,2,10.8,2992.8,3,10,4,Onam,Sarson da Saag,75,true,7,17841399,true,4,2,true,69,1,false,true,March
DST3196,Place_2196,Assam,North,Urban,Culture,Pune,Malayalam,814095,Sardar Vallabhbhai Patel International Airport,44819,Summer,Monsoon,9.75,8,78.82,87.14,10.91,52.04,289,1,Moderate,true,true,true,59,5202,196,true,1,23.4,815.6,9,10,6,Lohri,Idli,98,true,6,41913049,true,2,4,true,42,1,false,true,August
DST3197,Place_2197,Maharashtra,South,Heritage,Food,Cochin,Hindi,765130,Jaipur International Airport,24091,Winter,Winter,9.36,12,71.2,68.13,37.71,34.95,70,3,Moderate,false,false,false,17,4051,50,true,1,29.8,753.8,10,7,7,Onam,Idli,24,false,5,13696179,true,1,4,true,14,5,true,false,August
DST3198,Place_2198,Himachal Pradesh,East,Hill Station,Culture,Bhopal,Hindi,431429,Devi Ahilya Bai Holkar Airport,16586,Monsoon,Monsoon,3.23,8,67.95,71.72,20.92,13.33,349,3,Easy,true,true,true,32,4877,69,false,5,19,2524.7,10,9,10,Pongal,Idli,47,true,5,9739248,true,1,3,true,85,2,false,false,August
DST3199,Place_2199,Himachal Pradesh,Central,Wildlife,Wildlife,Lucknow,Hindi,996553,Lokpriya Gopinath Bordoloi International Airport,6312,Winter,Summer,9.88,5,70.7,67.99,19.11,16.6,176,4,Difficult,false,true,false,18,8614,67,false,5,20.3,2751.2,4,6,6,Onam,Pav Bhaji,14,true,2,2485388,false,1,2,true,61,3,false,true,March
DST3200,Place_2200,Assam,South,Hill Station,Temples,Indore,Tamil,484891,Chaudhary Charan Singh International Airport,26973,Summer,Summer,7.02,2,86.51,93.11,7.41,31.69,88,3,Easy,false,false,false,7,8307,121,false,1,24.2,1986,5,1,8,Ganesh Chaturthi,Chole Bhature,24,true,2,24551539,true,5,4,false,84,4,false,false,March
DST3201,Place_2201,Maharashtra,Central,Heritage,Scenery,Chennai,Hindi,528487,Sardar Vallabhbhai Patel International Airport,37590,Summer,Summer,1.26,4,72.78,65.91,30.67,36.53,176,1,Easy,true,true,true,20,3882,49,true,4,24.8,2813.9,5,10,2,Bihu,Chole Bhature,99,false,9,9086490,true,1,3,false,42,2,false,false,May
DST3202,Place_2202,Himachal Pradesh,South,Hill Station,Wildlife,Pune,Marathi,304463,Devi Ahilya Bai Holkar Airport,29973,Winter,Winter,8.56,3,72.37,85.63,29.31,57.37,456,5,Difficult,true,false,false,93,1359,67,false,4,32.3,2855,2,8,5,Eid,Vada Pav,20,true,6,36970748,false,3,1,false,25,3,false,false,May
DST3203,Place_2203,Rajasthan,East,Hill Station,Temples,Lucknow,Tamil,998114,Indira Gandhi International Airport,45390,Summer,Monsoon,14.85,14,77.97,68.6,18.15,20.79,26,3,Easy,true,false,false,50,8068,198,true,3,25,2303.1,4,4,3,Bihu,Rogan Josh,60,true,8,6001487,true,3,3,true,12,1,false,true,August
DST3204,Place_2204,Rajasthan,East,Beach,Temples,Indore,Hindi,864993,Chhatrapati Shivaji Maharaj International Airport,17099,Monsoon,Summer,5.9,14,83.33,74.87,29.21,33.71,448,4,Moderate,false,true,true,7,3197,182,false,1,35.4,1111.3,7,10,4,Pongal,Chole Bhature,42,true,2,36660786,true,1,2,true,14,3,true,true,October
DST3205,Place_2205,Rajasthan,West,Hill Station,Scenery,Lucknow,Marathi,123439,Chhatrapati Shivaji Maharaj International Airport,34843,Winter,Winter,14.52,13,53.1,94.86,17.86,21.29,288,2,Easy,false,true,false,7,6025,86,false,4,24.5,533.4,2,8,10,Ganesh Chaturthi,Kebabs,45,true,8,25821596,false,1,3,false,71,3,false,false,March
DST3206,Place_2206,Maharashtra,Northeast,Urban,Food,Chennai,Marathi,457970,Sardar Vallabhbhai Patel International Airport,15063,Monsoon,Monsoon,2.35,4,70.84,63.52,7.56,37.92,327,3,Moderate,true,false,true,45,6957,57,true,2,11,1601.3,5,3,8,Pongal,Rogan Josh,50,true,2,27943123,true,2,1,false,28,2,true,false,October
DST3207,Place_2207,Himachal Pradesh,South,Wildlife,Wildlife,Cochin,Bengali,504317,Chennai International Airport,29770,Monsoon,Summer,11.25,6,69.2,90.85,30.83,55.47,304,4,Difficult,true,true,true,33,1098,99,true,1,14.2,939.9,5,6,2,Navratri,Biryani,84,true,3,21204127,false,3,1,false,20,3,false,true,May
DST3208,Place_2208,Maharashtra,West,Beach,Scenery,Ahmedabad,Marathi,717064,Rajiv Gandhi International Airport,28216,Monsoon,Summer,2.6,12,46.74,93.11,38.78,38.39,62,3,Difficult,false,true,false,44,8334,20,true,4,31.5,443.7,5,4,9,Bihu,Chole Bhature,44,true,9,11163451,false,2,2,false,94,2,false,true,October
DST3209,Place_2209,Rajasthan,South,Wildlife,Scenery,Lucknow,Malayalam,837679,Chennai International Airport,28660,Summer,Winter,4.83,13,66.02,84.44,27.69,35.5,415,5,Difficult,true,true,false,23,3703,65,true,5,23.6,1242.6,7,10,7,Bihu,Vada Pav,66,true,3,40006175,true,2,5,false,82,5,false,false,January
DST3210,Place_2210,Assam,West,Wildlife,Food,Bengaluru,Hindi,538133,Chaudhary Charan Singh International Airport,17383,Summer,Monsoon,8.99,2,43.48,60.35,14.68,47.51,487,5,Moderate,true,true,false,24,2875,32,true,2,23.8,1491.3,10,4,1,Durga Puja,Pav Bhaji,73,true,3,15370435,false,1,3,false,27,5,false,false,March
DST3211,Place_2211,Himachal Pradesh,East,Heritage,Wildlife,Delhi,Hindi,454489,Chaudhary Charan Singh International Airport,10605,Winter,Winter,9.3,6,49.25,88.73,14.45,17.38,18,1,Easy,false,true,false,25,8407,42,false,3,39.3,2019.8,7,2,3,Ganesh Chaturthi,Vada Pav,82,true,6,24992625,true,2,2,false,21,3,false,true,March
DST3212,Place_2212,Himachal Pradesh,Central,Heritage,Scenery,Kolkata,Hindi,999355,Netaji Subhas Chandra Bose International Airport,31649,Winter,Summer,11.85,3,85.65,90.88,37.51,55.28,483,5,Difficult,true,true,true,24,6703,189,false,4,27.1,741.3,8,4,8,Eid,Rogan Josh,84,false,9,13567337,false,1,4,false,52,3,true,false,August
DST3213,Place_2213,Goa,West,Beach,Food,Chennai,Marathi,969891,Cochin International Airport,38220,Monsoon,Winter,9.61,5,45.96,94.33,15.62,38.88,433,4,Difficult,false,false,true,96,6536,125,true,5,13.5,2618.6,1,1,2,Durga Puja,Biryani,42,true,8,4333742,true,1,3,false,96,4,false,true,December
DST3214,Place_2214,Goa,South,Heritage,Wildlife,Jaipur,Marathi,344361,Devi Ahilya Bai Holkar Airport,33559,Summer,Winter,9.31,7,68.95,89.38,31.89,44.32,492,5,Difficult,true,false,false,51,1684,37,false,2,23,637.8,3,1,10,Ganesh Chaturthi,Chole Bhature,42,true,7,18267692,true,4,1,false,59,1,false,false,August
DST3215,Place_2215,Kerala,South,Heritage,Culture,Lucknow,Hindi,835922,Chaudhary Charan Singh International Airport,46066,Summer,Summer,13.77,10,56.17,75.6,27.5,50.95,277,4,Easy,true,false,true,95,3239,124,true,2,26.8,2992,1,5,7,Holi,Kebabs,27,false,9,42911791,false,3,3,false,49,5,false,false,August
DST3216,Place_2216,Tamil Nadu,Northeast,Heritage,Temples,Hyderabad,Tamil,534412,Netaji Subhas Chandra Bose International Airport,13368,Summer,Summer,7.33,11,67.77,84.1,25.74,41.75,486,3,Easy,true,true,false,48,1898,141,true,3,11.1,1714.9,7,1,1,Navratri,Pav Bhaji,20,true,7,21662921,true,5,2,false,86,3,false,false,January
DST3217,Place_2217,Goa,East,Wildlife,Food,Goa,Tamil,778929,Chhatrapati Shivaji Maharaj International Airport,8428,Winter,Monsoon,4.15,7,51.75,76.98,11.34,42.06,345,1,Moderate,true,true,true,93,6067,188,false,5,20.9,525.8,5,3,3,Lohri,Chole Bhature,71,false,8,22688195,true,3,5,true,44,3,true,true,August
DST3218,Place_2218,Maharashtra,South,Beach,Temples,Bengaluru,Malayalam,797247,Indira Gandhi International Airport,16817,Summer,Monsoon,3.27,11,62.22,72.36,6.2,46.48,66,1,Moderate,false,false,false,6,7814,147,false,4,39,2519.7,2,3,10,Durga Puja,Sarson da Saag,56,true,8,6245935,false,5,5,true,66,3,false,false,August
DST3219,Place_2219,Goa,North,Wildlife,Culture,Jaipur,Bengali,974403,Kempegowda International Airport,3420,Monsoon,Summer,6.6,14,83.37,81.92,22.1,12.61,237,5,Easy,true,true,false,47,6446,61,true,1,32.5,835.8,10,10,2,Lohri,Kebabs,70,false,8,31136375,true,4,4,false,65,3,true,true,March
DST3220,Place_2220,Kerala,Central,Urban,Scenery,Pune,Malayalam,548520,Rajiv Gandhi International Airport,19912,Monsoon,Summer,10.98,12,58.81,86.94,39.59,29.11,136,2,Easy,true,false,false,61,2831,18,true,2,21.2,646.1,2,4,2,Navratri,Chole Bhature,89,true,7,30400266,false,4,2,false,37,3,false,false,December
DST3221,Place_2221,Himachal Pradesh,West,Wildlife,Scenery,Kolkata,Hindi,223299,Netaji Subhas Chandra Bose International Airport,5317,Monsoon,Monsoon,1.6,13,57.65,82.26,11.85,58.15,162,5,Difficult,true,false,false,92,6584,27,false,4,17.9,490.9,7,1,10,Onam,Vada Pav,65,true,5,16302875,true,3,3,false,71,4,false,false,October
DST3222,Place_2222,Kerala,Northeast,Urban,Wildlife,Mumbai,Hindi,595644,Cochin International Airport,25361,Summer,Winter,2.81,3,62.31,88.93,23.79,22.9,326,2,Difficult,true,true,true,23,3481,91,false,1,18.5,1697.6,5,7,2,Ganesh Chaturthi,Idli,33,true,4,45274365,false,4,1,true,96,1,true,true,March
DST3223,Place_2223,Himachal Pradesh,Central,Hill Station,Food,Bhopal,Hindi,525615,Cochin International Airport,28728,Monsoon,Summer,2.49,9,45.02,66.17,28.48,37.11,334,5,Moderate,true,true,true,94,9212,177,false,4,34.9,2650,4,4,4,Navratri,Pav Bhaji,74,false,6,36548299,false,4,3,true,24,4,true,false,October
DST3224,Place_2224,Assam,East,Hill Station,Food,Lucknow,Bengali,872443,Goa International Airport,42180,Monsoon,Summer,9.19,6,59.37,73.08,21.93,18.77,387,4,Difficult,false,true,false,68,7164,75,true,4,22,2701.6,8,7,6,Eid,Pav Bhaji,84,true,5,29153383,true,1,3,true,17,2,false,true,March
DST3225,Place_2225,Assam,Northeast,Urban,Wildlife,Guwahati,Marathi,911668,Lokpriya Gopinath Bordoloi International Airport,32068,Winter,Winter,4.4,10,40.35,70.94,22.74,26.16,292,4,Easy,false,true,false,50,5411,31,true,2,35.3,2378.3,3,5,1,Holi,Dosa,15,false,2,31634796,false,4,1,true,24,4,false,false,January
DST3226,Place_2226,Himachal Pradesh,West,Urban,Temples,Cochin,Bengali,585951,Jaipur International Airport,33995,Winter,Monsoon,3.33,11,65.17,66.79,28.14,45.85,27,2,Easy,false,true,true,45,1617,89,true,2,37.3,1786.2,3,1,10,Bihu,Sarson da Saag,85,true,6,12240417,true,2,4,true,74,1,false,false,October
DST3227,Place_2227,Tamil Nadu,West,Wildlife,Scenery,Goa,Malayalam,841230,Cochin International Airport,19721,Summer,Monsoon,9.3,10,82.4,75.51,33.52,42.15,255,1,Moderate,true,true,false,71,2088,110,true,4,23.9,1636.7,8,4,7,Diwali,Sarson da Saag,35,true,9,9421111,false,4,5,true,44,1,true,true,January
DST3228,Place_2228,Goa,North,Urban,Scenery,Mumbai,Marathi,476823,Indira Gandhi International Airport,29964,Summer,Winter,11.66,5,67.6,93.18,16.67,30.72,392,2,Easy,false,true,true,95,9340,105,true,4,38.4,1183.9,2,5,7,Diwali,Biryani,92,true,5,43267361,true,5,5,false,67,2,false,false,March
DST3229,Place_2229,Maharashtra,East,Beach,Food,Cochin,Marathi,591969,Pune Airport,32529,Summer,Summer,5.65,14,70.39,78.83,36.47,56.9,290,3,Moderate,true,true,false,18,6302,83,true,3,19,227.8,3,4,1,Eid,Momos,74,true,6,16881649,false,3,3,false,85,2,false,false,May
DST3230,Place_2230,Maharashtra,Northeast,Hill Station,Food,Kolkata,Malayalam,180570,Jaipur International Airport,12456,Summer,Winter,9.09,2,41.53,70.02,21.97,48.75,111,1,Difficult,false,true,false,24,8748,114,false,1,17.8,2526.1,4,7,10,Diwali,Dosa,63,false,2,48021877,true,5,2,false,18,1,false,true,January
DST3231,Place_2231,Rajasthan,Northeast,Hill Station,Wildlife,Guwahati,Marathi,720909,Indira Gandhi International Airport,34723,Summer,Summer,2.37,12,82.98,72.39,28.17,23.4,239,2,Moderate,false,true,true,39,8886,171,false,5,13.2,2998.5,10,1,9,Lohri,Chole Bhature,71,true,2,7968258,false,1,5,false,48,5,true,true,August
DST3232,Place_2232,Himachal Pradesh,South,Urban,Culture,Bengaluru,Tamil,371586,Jaipur International Airport,43240,Winter,Monsoon,14.09,10,59.25,81.46,8.73,33.27,242,3,Easy,true,false,true,91,8789,185,false,5,17.4,2770.5,3,9,8,Lohri,Momos,93,true,9,29857733,false,4,4,true,30,1,false,false,May
DST3233,Place_2233,Maharashtra,North,Heritage,Temples,Bengaluru,Malayalam,418581,Sardar Vallabhbhai Patel International Airport,35746,Winter,Summer,5.72,10,88.74,72.35,22.24,53.9,152,3,Difficult,false,true,true,29,5377,25,false,3,33.2,2805.8,8,6,2,Diwali,Vada Pav,21,false,6,32619560,false,2,4,true,69,2,true,true,March
DST3234,Place_2234,Tamil Nadu,North,Heritage,Culture,Kolkata,Malayalam,880699,Jaipur International Airport,18913,Winter,Summer,14.97,9,46.02,78.84,5.56,11.12,264,5,Easy,true,false,true,8,8498,58,true,4,22.1,1066.3,6,8,7,Pongal,Pav Bhaji,33,true,7,32996902,false,1,1,false,52,5,true,true,May
DST3235,Place_2235,Himachal Pradesh,Northeast,Urban,Culture,Guwahati,Tamil,440323,Netaji Subhas Chandra Bose International Airport,13675,Monsoon,Summer,14.7,6,87.23,69.6,18.69,39.07,444,2,Easy,false,false,false,61,1112,107,false,4,14.4,388,3,8,2,Pongal,Kebabs,48,false,6,20062272,true,3,2,true,72,2,true,false,January
DST3236,Place_2236,Tamil Nadu,Northeast,Beach,Food,Bengaluru,Bengali,828606,Indira Gandhi International Airport,33141,Monsoon,Summer,11.9,6,71.71,72.11,6.91,21.6,51,4,Difficult,true,false,false,6,6332,110,true,3,13.2,2627.6,7,9,4,Bihu,Dosa,83,true,4,46632595,false,4,5,false,51,4,true,true,May
DST3237,Place_2237,Maharashtra,Central,Heritage,Food,Guwahati,Bengali,793920,Pune Airport,27989,Winter,Summer,1.28,11,42.62,84.7,36.39,13.19,480,5,Easy,true,true,true,70,3229,72,true,5,24.7,2315,4,5,5,Onam,Momos,31,true,3,32592611,false,3,2,false,92,1,false,false,March
DST3238,Place_2238,Maharashtra,Central,Urban,Food,Goa,Bengali,551286,Chaudhary Charan Singh International Airport,17128,Winter,Monsoon,8.61,7,88.58,80.46,28.55,55.64,400,1,Easy,true,false,true,93,6292,177,false,2,26.2,1232.1,3,8,10,Holi,Dosa,57,true,9,11061477,true,1,5,false,43,4,false,true,May
DST3239,Place_2239,Rajasthan,Central,Beach,Culture,Lucknow,Marathi,535643,Devi Ahilya Bai Holkar Airport,49436,Summer,Winter,2.22,2,40.69,63.27,32.72,50.81,459,4,Difficult,true,false,false,91,8671,65,false,2,33.8,2517.4,2,8,3,Onam,Chole Bhature,87,true,5,26022895,true,2,1,true,26,3,false,false,January
DST3240,Place_2240,Maharashtra,North,Beach,Temples,Kolkata,Tamil,688845,Jaipur International Airport,41213,Winter,Monsoon,13.53,10,76.54,94.06,21.37,19.26,264,3,Easy,true,true,false,25,3357,107,true,4,31.4,502.3,8,6,7,Pongal,Dosa,13,true,7,43617774,false,3,2,false,74,4,true,true,October
DST3241,Place_2241,Himachal Pradesh,South,Wildlife,Food,Chennai,Malayalam,697040,Cochin International Airport,29111,Summer,Summer,12.05,6,84.48,61.73,34.82,51.85,53,1,Moderate,true,true,false,93,8092,117,false,1,15,1988.1,8,10,7,Durga Puja,Vada Pav,38,false,2,26130754,true,4,2,false,34,3,true,true,October
DST3242,Place_2242,Assam,West,Beach,Scenery,Hyderabad,Malayalam,308320,Pune Airport,5284,Winter,Winter,14.61,8,48.79,62.9,35.56,17.32,132,5,Easy,false,true,true,95,6342,86,true,5,18.3,2864.8,2,8,6,Holi,Sarson da Saag,15,true,2,14896626,true,5,5,false,67,1,true,true,December
DST3243,Place_2243,Himachal Pradesh,Central,Heritage,Temples,Pune,Malayalam,301513,Indira Gandhi International Airport,26493,Summer,Summer,9.52,12,57.17,84.55,17.49,33.81,190,3,Easy,true,true,true,56,7059,185,false,1,30.8,2740.2,9,5,7,Bihu,Idli,56,false,5,28769004,true,5,3,false,19,2,true,true,December
DST3244,Place_2244,Himachal Pradesh,South,Heritage,Scenery,Delhi,Marathi,672822,Devi Ahilya Bai Holkar Airport,18585,Winter,Monsoon,8.31,9,68.06,84.78,18.19,46.29,123,3,Difficult,false,true,false,79,5438,46,false,4,15.4,2306.5,7,10,3,Eid,Pav Bhaji,64,true,7,17489619,true,3,5,true,87,5,false,false,January
DST3245,Place_2245,Rajasthan,East,Urban,Temples,Indore,Marathi,466447,Pune Airport,30595,Summer,Monsoon,8.27,6,73.99,60.66,22.79,36.69,430,3,Moderate,false,true,true,82,7751,149,true,5,34.1,873.1,6,8,7,Onam,Vada Pav,64,false,6,36583114,true,2,2,true,15,5,true,true,March
DST3246,Place_2246,Rajasthan,Central,Urban,Food,Cochin,Bengali,259002,Kempegowda International Airport,8131,Monsoon,Summer,6.41,4,83.59,82.5,6.48,52.54,217,4,Easy,true,false,false,85,4051,102,false,2,29.7,397.4,3,10,7,Lohri,Idli,58,false,4,45707255,true,1,1,false,59,3,false,false,May
DST3247,Place_2247,Maharashtra,West,Beach,Wildlife,Bhopal,Marathi,844402,Kempegowda International Airport,44382,Monsoon,Summer,7.56,7,78.05,61.16,39.85,40.84,364,5,Difficult,true,false,false,19,6239,107,true,2,26.1,1041.7,3,3,9,Bihu,Biryani,34,false,7,3295680,true,4,1,false,29,2,false,false,August
DST3248,Place_2248,Kerala,East,Hill Station,Food,Goa,Bengali,477431,Jaipur International Airport,27197,Summer,Winter,9.9,8,58.17,93.63,17.57,31.6,402,5,Easy,false,false,true,50,5093,41,true,1,29.3,1890.3,4,4,2,Navratri,Idli,54,false,5,18573947,true,3,3,true,55,3,false,false,December
DST3249,Place_2249,Kerala,East,Wildlife,Culture,Ahmedabad,Bengali,893720,Lokpriya Gopinath Bordoloi International Airport,34527,Summer,Winter,14.06,14,81.09,84.36,21.48,56.26,482,4,Easy,false,true,false,35,5485,117,false,5,13,1017.9,9,3,3,Pongal,Biryani,17,false,6,3546600,false,4,3,false,85,5,true,false,January
DST3250,Place_2250,Rajasthan,West,Hill Station,Culture,Hyderabad,Malayalam,209570,Jaipur International Airport,22957,Monsoon,Summer,9.34,5,88.3,66.53,31.42,11.81,321,5,Easy,true,false,true,66,3981,160,true,4,26.4,1298,8,5,4,Bihu,Sarson da Saag,20,false,2,37707507,true,2,2,false,20,5,true,true,May
DST3251,Place_2251,Maharashtra,Central,Beach,Temples,Delhi,Marathi,981979,Devi Ahilya Bai Holkar Airport,31936,Winter,Winter,13,10,51.35,65.53,15.41,34.42,300,3,Moderate,true,true,false,38,9021,83,false,3,23.5,1270.5,2,5,8,Ganesh Chaturthi,Dosa,10,true,6,24046163,true,5,3,true,88,1,true,true,March
DST3252,Place_2252,Kerala,North,Beach,Culture,Indore,Bengali,622699,Jaipur International Airport,22545,Summer,Summer,13.08,12,43.7,79.94,12.06,43.04,70,3,Difficult,false,true,false,40,6066,81,false,3,25.4,1073.9,5,5,1,Pongal,Momos,79,true,9,22313645,true,1,1,true,37,3,true,true,December
DST3253,Place_2253,Maharashtra,West,Hill Station,Food,Ahmedabad,Tamil,705410,Rajiv Gandhi International Airport,14684,Winter,Summer,8.26,5,61.33,82.17,9.46,51.8,456,3,Moderate,false,true,true,48,4964,30,false,3,20.1,2778,10,2,2,Ganesh Chaturthi,Kebabs,37,true,9,47683421,true,5,2,false,11,3,true,false,May
DST3254,Place_2254,Maharashtra,West,Wildlife,Scenery,Guwahati,Tamil,816878,Cochin International Airport,43448,Monsoon,Summer,5.86,12,84.07,89.09,23.48,37.06,213,5,Easy,false,false,false,67,5084,149,false,4,24,1027.9,6,9,2,Durga Puja,Kebabs,18,false,3,27998060,false,1,3,false,73,5,false,true,March
DST3255,Place_2255,Maharashtra,West,Hill Station,Food,Mumbai,Marathi,132400,Raja Bhoj Airport,21642,Monsoon,Monsoon,9.95,11,47.51,91.62,5.19,54.28,361,2,Moderate,true,false,false,81,5860,186,true,3,36.5,2981.2,5,7,2,Ganesh Chaturthi,Kebabs,58,false,4,23322379,true,5,1,false,23,5,false,true,January
DST3256,Place_2256,Goa,East,Urban,Temples,Hyderabad,Malayalam,232639,Sardar Vallabhbhai Patel International Airport,5371,Summer,Summer,7.24,3,84.29,73.74,29.83,31.31,32,1,Easy,true,true,false,22,5651,112,true,1,20.3,707.1,1,8,2,Holi,Pav Bhaji,75,false,8,7500619,true,3,3,false,78,1,false,true,May
DST3257,Place_2257,Himachal Pradesh,South,Heritage,Culture,Jaipur,Malayalam,672166,Lokpriya Gopinath Bordoloi International Airport,13651,Winter,Summer,2.14,10,89.61,89.54,21.15,25.86,373,2,Moderate,false,false,false,85,2123,184,false,2,11.3,2630.6,9,2,7,Navratri,Chole Bhature,31,false,9,46120883,true,2,1,true,83,2,false,true,August
DST3258,Place_2258,Maharashtra,North,Urban,Scenery,Bhopal,Bengali,148850,Pune Airport,2665,Monsoon,Summer,6.29,5,42.7,78.98,23.61,58.69,335,4,Difficult,false,false,false,49,5671,107,false,3,17.7,2223.8,10,10,6,Diwali,Kebabs,48,true,3,45944449,true,5,2,false,87,2,false,true,December
DST3259,Place_2259,Goa,Central,Heritage,Wildlife,Hyderabad,Marathi,766495,Devi Ahilya Bai Holkar Airport,7918,Winter,Winter,14.92,5,64.76,76.47,14.21,43.36,170,2,Moderate,true,false,false,43,1815,71,true,2,23.6,2039.5,6,10,7,Ganesh Chaturthi,Rogan Josh,32,true,3,45127446,false,2,1,false,91,2,true,false,August
DST3260,Place_2260,Rajasthan,Central,Beach,Scenery,Cochin,Tamil,965476,Devi Ahilya Bai Holkar Airport,24007,Monsoon,Summer,1.68,11,56.44,84.46,11.24,31.29,343,2,Difficult,false,false,false,96,1978,47,true,1,26,1391.5,5,7,6,Lohri,Pav Bhaji,70,true,9,17396975,false,5,4,false,90,4,true,false,May
DST3261,Place_2261,Kerala,South,Wildlife,Scenery,Guwahati,Bengali,145113,Lokpriya Gopinath Bordoloi International Airport,32408,Summer,Monsoon,10.75,2,59.68,63.61,29.5,53.91,455,4,Easy,true,true,true,30,3858,107,false,5,22.8,2468.1,6,3,10,Eid,Vada Pav,76,true,9,7432012,false,4,5,true,37,2,false,false,January
DST3262,Place_2262,Himachal Pradesh,West,Hill Station,Food,Bengaluru,Bengali,158791,Devi Ahilya Bai Holkar Airport,11194,Winter,Monsoon,12.78,3,62.58,69.29,12.36,44.15,349,2,Difficult,true,true,false,82,1682,119,false,5,34.8,1527.4,3,5,1,Diwali,Dosa,52,false,6,15551869,false,5,1,false,47,1,false,false,October
DST3263,Place_2263,Assam,North,Wildlife,Wildlife,Lucknow,Hindi,896116,Lokpriya Gopinath Bordoloi International Airport,26035,Winter,Summer,10.08,13,76.99,88.59,32.3,41.9,409,1,Easy,true,false,true,79,9140,163,false,4,37.5,493.1,9,7,6,Diwali,Vada Pav,54,true,8,26528849,true,1,4,false,42,3,false,true,March
DST3264,Place_2264,Kerala,Central,Hill Station,Temples,Lucknow,Marathi,979215,Chennai International Airport,24816,Summer,Summer,8.98,4,69.56,77.64,12.13,46.43,300,5,Moderate,false,false,false,28,4655,49,false,2,24.6,913.4,4,9,4,Navratri,Rogan Josh,89,false,6,13325010,false,4,3,true,63,3,true,true,October
DST3265,Place_2265,Himachal Pradesh,Northeast,Urban,Temples,Delhi,Bengali,696015,Lokpriya Gopinath Bordoloi International Airport,24066,Summer,Summer,10.91,8,88.06,91.78,26.44,46.91,495,4,Moderate,true,true,true,62,1780,153,true,4,12.3,629,6,10,9,Ganesh Chaturthi,Momos,50,false,9,37566045,true,3,5,true,69,2,true,false,March
DST3266,Place_2266,Assam,Central,Urban,Scenery,Bhopal,Tamil,969810,Devi Ahilya Bai Holkar Airport,12213,Summer,Monsoon,7.01,13,56.64,63.1,27.54,34.65,290,2,Difficult,true,true,false,99,2442,28,false,3,22.6,1751.9,6,1,6,Holi,Dosa,28,true,7,23016460,false,3,1,false,13,4,false,true,March
DST3267,Place_2267,Kerala,West,Hill Station,Scenery,Indore,Hindi,682840,Devi Ahilya Bai Holkar Airport,49513,Summer,Winter,2.28,10,67.08,70.97,22.7,30.97,236,3,Moderate,true,false,true,54,8818,187,false,4,15.4,2000.7,2,6,9,Durga Puja,Momos,53,false,8,27942906,false,3,1,false,63,3,true,false,March
DST3268,Place_2268,Himachal Pradesh,Northeast,Wildlife,Culture,Bengaluru,Tamil,239118,Chhatrapati Shivaji Maharaj International Airport,23612,Monsoon,Winter,14.47,13,80.67,72.44,39.89,55.46,336,3,Moderate,false,true,false,76,5500,193,false,1,18.5,1074.2,9,6,8,Holi,Momos,35,true,7,23258238,true,2,2,true,96,4,false,true,October
DST3269,Place_2269,Kerala,South,Hill Station,Wildlife,Mumbai,Malayalam,629222,Devi Ahilya Bai Holkar Airport,23211,Winter,Summer,7.05,6,58.65,74.8,18.15,34.86,436,4,Easy,false,false,true,43,3759,38,true,4,35,214.6,2,2,5,Diwali,Idli,25,true,9,22379219,false,3,1,false,30,2,true,false,August
DST3270,Place_2270,Kerala,North,Beach,Scenery,Lucknow,Hindi,802166,Jaipur International Airport,27866,Monsoon,Winter,10.32,5,63.26,94.54,35.92,20.79,101,3,Moderate,true,false,false,76,6993,118,false,3,26.1,2010.3,10,10,10,Holi,Rogan Josh,31,false,8,45577613,false,5,5,true,34,4,false,false,August
DST3271,Place_2271,Assam,South,Urban,Culture,Pune,Hindi,363498,Netaji Subhas Chandra Bose International Airport,41404,Summer,Monsoon,8.44,14,74.25,70.87,10.92,36.08,9,1,Easy,true,true,false,35,4120,175,true,3,34.9,279.7,5,9,7,Navratri,Pav Bhaji,15,true,5,4550861,false,4,3,false,60,5,false,true,August
DST3272,Place_2272,Kerala,South,Beach,Wildlife,Mumbai,Bengali,729065,Kempegowda International Airport,32599,Monsoon,Summer,1.77,3,83.04,78.15,16.8,11.72,40,2,Difficult,false,true,false,87,3545,198,false,1,39.6,2900.5,2,5,8,Holi,Kebabs,46,false,7,11103631,true,1,2,true,24,5,true,false,January
DST3273,Place_2273,Kerala,North,Urban,Temples,Bengaluru,Malayalam,719640,Kempegowda International Airport,8344,Monsoon,Winter,14.34,14,60.78,78.76,10.09,46.17,369,1,Moderate,true,false,false,40,5041,173,false,2,26.4,2673.1,9,9,5,Ganesh Chaturthi,Biryani,78,true,9,14514534,false,3,5,true,87,5,false,true,October
DST3274,Place_2274,Assam,North,Urban,Culture,Bhopal,Bengali,354164,Raja Bhoj Airport,4201,Winter,Summer,12.1,13,66.6,86.98,26.13,16.35,125,1,Difficult,false,false,false,43,6875,94,true,5,37.4,2509.6,2,4,8,Diwali,Kebabs,87,false,2,11272348,true,1,1,true,22,1,false,true,March
DST3275,Place_2275,Rajasthan,Central,Heritage,Wildlife,Bengaluru,Marathi,153046,Raja Bhoj Airport,5752,Winter,Summer,3.09,8,88.76,78.13,27.34,15.59,272,5,Moderate,false,true,false,25,3828,19,false,1,30.5,1165.9,8,5,10,Bihu,Pav Bhaji,33,false,4,21589861,false,2,5,true,70,1,false,false,January
DST3276,Place_2276,Maharashtra,Central,Beach,Culture,Guwahati,Tamil,473242,Chaudhary Charan Singh International Airport,43343,Winter,Monsoon,14.74,7,42.12,81.2,20.87,57.32,382,2,Difficult,false,false,false,27,2462,184,false,5,13.1,2260.5,1,5,9,Bihu,Sarson da Saag,87,false,9,35285000,true,2,5,false,30,2,true,false,January
DST3277,Place_2277,Tamil Nadu,North,Beach,Scenery,Indore,Tamil,689352,Chhatrapati Shivaji Maharaj International Airport,11327,Summer,Monsoon,11.32,13,62.41,86.37,30.21,48.63,326,4,Difficult,false,false,true,58,8942,181,true,1,22.5,233,3,5,5,Bihu,Chole Bhature,82,false,8,34748273,true,1,3,false,53,4,true,false,October
DST3278,Place_2278,Goa,Northeast,Heritage,Food,Delhi,Bengali,419328,Lokpriya Gopinath Bordoloi International Airport,49659,Summer,Winter,7.61,13,71.8,63.54,35.37,30.71,449,3,Easy,true,false,true,40,1553,125,true,1,29.8,359.9,7,9,8,Lohri,Sarson da Saag,49,false,8,19826629,false,5,1,true,70,4,true,true,May
DST3279,Place_2279,Tamil Nadu,East,Wildlife,Temples,Bhopal,Tamil,758323,Pune Airport,46797,Winter,Monsoon,9.56,8,40.42,93.72,32.18,21.98,10,5,Moderate,false,false,false,19,8051,117,true,4,31.2,1534.2,6,1,9,Diwali,Chole Bhature,84,true,3,16893168,true,1,4,false,33,5,false,false,December
DST3280,Place_2280,Tamil Nadu,Central,Beach,Scenery,Chennai,Tamil,127424,Indira Gandhi International Airport,7091,Monsoon,Summer,2.49,9,69.84,89.62,13.46,52.17,318,1,Difficult,true,false,true,6,6899,199,true,4,35.8,1801.6,2,8,1,Ganesh Chaturthi,Momos,19,true,6,25619539,false,4,2,true,98,5,true,false,May
DST3281,Place_2281,Himachal Pradesh,East,Hill Station,Scenery,Lucknow,Marathi,835399,Cochin International Airport,28608,Winter,Monsoon,8.85,10,42.81,73.61,16.21,58.43,497,3,Easy,true,true,true,80,9907,16,false,4,29.1,2324.2,9,7,7,Pongal,Idli,40,false,2,28233640,false,3,3,false,44,5,true,false,August
DST3282,Place_2282,Maharashtra,Northeast,Heritage,Wildlife,Bengaluru,Malayalam,758402,Chhatrapati Shivaji Maharaj International Airport,29285,Summer,Winter,2.03,11,82.88,85.49,18.31,35.42,194,2,Difficult,false,false,false,74,5295,28,false,1,12.7,963.4,2,1,7,Navratri,Kebabs,60,false,5,28076248,true,5,2,false,32,4,true,false,August
DST3283,Place_2283,Himachal Pradesh,North,Beach,Culture,Bengaluru,Hindi,598493,Sardar Vallabhbhai Patel International Airport,23998,Monsoon,Winter,8.63,6,80.35,86.68,12.13,39,429,1,Difficult,false,false,true,42,6104,119,true,4,14.3,1673.6,6,2,2,Holi,Sarson da Saag,63,true,8,16203975,false,1,1,false,77,4,true,false,August
DST3284,Place_2284,Maharashtra,Northeast,Wildlife,Temples,Pune,Bengali,369283,Raja Bhoj Airport,49634,Summer,Winter,8.74,12,41.61,89.76,17.64,22.15,19,1,Difficult,false,false,false,69,4389,42,false,1,19.8,281.4,1,1,2,Pongal,Kebabs,98,false,6,23620782,true,4,2,false,64,5,false,true,May
DST3285,Place_2285,Assam,Central,Beach,Scenery,Hyderabad,Bengali,373370,Goa International Airport,41289,Winter,Monsoon,13.24,6,42.44,66.59,13.33,39.46,396,2,Moderate,false,true,false,54,6319,161,false,4,18.8,1465.5,3,4,8,Lohri,Idli,62,false,5,33642458,true,1,5,true,30,4,false,true,December
DST3286,Place_2286,Assam,South,Urban,Wildlife,Hyderabad,Marathi,467378,Jaipur International Airport,23943,Winter,Monsoon,11.15,5,77.68,84.63,39.85,30.03,470,4,Moderate,false,true,false,94,4651,32,false,5,16.6,2046.7,5,10,7,Durga Puja,Vada Pav,29,false,9,40973503,true,3,5,false,33,1,true,true,January
DST3287,Place_2287,Maharashtra,North,Hill Station,Temples,Bengaluru,Marathi,573514,Netaji Subhas Chandra Bose International Airport,49178,Monsoon,Monsoon,4.49,12,58.48,61.17,32.41,52.28,272,5,Difficult,true,true,true,91,4135,95,false,2,28.5,2970,7,9,3,Lohri,Rogan Josh,40,false,7,2831956,true,2,5,true,99,2,false,false,January
DST3288,Place_2288,Kerala,West,Heritage,Culture,Goa,Hindi,445796,Pune Airport,19007,Winter,Monsoon,13.44,4,68.75,64.05,35.1,28.86,476,2,Difficult,false,true,false,5,6263,109,false,4,22.9,2327.1,3,1,10,Lohri,Momos,25,true,8,21077770,true,1,4,false,70,5,true,false,January
DST3289,Place_2289,Rajasthan,East,Urban,Scenery,Mumbai,Malayalam,793468,Pune Airport,26257,Summer,Monsoon,9.03,14,53.52,87.16,37.28,42.44,234,3,Difficult,false,true,true,25,8402,190,false,3,30.5,2986.9,9,3,4,Eid,Chole Bhature,79,true,7,31368210,true,4,5,false,98,3,true,false,August
DST3290,Place_2290,Kerala,Northeast,Wildlife,Scenery,Pune,Bengali,694935,Jaipur International Airport,20518,Summer,Winter,9.49,8,48.65,88.46,28.28,20.17,486,3,Moderate,true,true,false,61,4495,119,false,2,21.6,1544,4,7,3,Holi,Chole Bhature,52,true,9,47896121,true,1,5,false,17,1,true,false,December
DST3291,Place_2291,Rajasthan,North,Urban,Scenery,Indore,Marathi,692905,Sardar Vallabhbhai Patel International Airport,30784,Summer,Winter,3.37,14,54.8,80.74,11.16,14.53,415,1,Difficult,false,false,false,23,2337,158,true,3,18.2,1355.6,9,4,4,Navratri,Kebabs,20,true,7,45023470,false,3,1,true,79,5,true,true,May
DST3292,Place_2292,Himachal Pradesh,Northeast,Urban,Temples,Mumbai,Bengali,260887,Jaipur International Airport,39588,Monsoon,Monsoon,13.01,14,52.34,80.36,31.55,12.02,226,5,Difficult,true,false,true,33,6088,91,false,2,26.5,2519.2,3,6,10,Ganesh Chaturthi,Momos,57,false,6,29303449,false,4,5,false,71,5,true,true,December
DST3293,Place_2293,Rajasthan,North,Wildlife,Temples,Ahmedabad,Tamil,797590,Devi Ahilya Bai Holkar Airport,45221,Summer,Summer,14.03,6,62.42,86.23,5.55,30.78,226,4,Difficult,false,false,false,54,7196,111,true,4,12.9,1440.9,3,7,5,Bihu,Chole Bhature,49,false,8,36524678,false,2,4,false,12,4,false,true,December
DST3294,Place_2294,Himachal Pradesh,Central,Urban,Temples,Chennai,Bengali,294444,Jaipur International Airport,22378,Winter,Winter,11.85,8,77.33,91.71,8.96,18.18,353,4,Difficult,true,true,false,94,4011,100,false,5,39.7,2292.8,4,6,10,Bihu,Chole Bhature,28,false,7,18204876,true,3,4,true,25,1,false,true,August
DST3295,Place_2295,Assam,Central,Heritage,Temples,Hyderabad,Malayalam,869244,Cochin International Airport,5696,Monsoon,Summer,14.17,3,67.71,74.74,6.04,59.67,340,3,Moderate,true,true,false,38,3659,46,false,4,29.7,2984.1,2,8,1,Navratri,Idli,74,true,8,14738351,false,1,3,true,15,2,true,true,March
DST3296,Place_2296,Tamil Nadu,Central,Beach,Wildlife,Hyderabad,Malayalam,809380,Goa International Airport,28995,Summer,Summer,5.23,10,70.46,64.02,9.74,49.92,271,4,Easy,false,true,true,85,3735,58,true,1,13.7,2201.3,5,2,6,Pongal,Sarson da Saag,67,false,4,45429463,true,5,4,false,30,3,true,false,August
DST3297,Place_2297,Assam,Northeast,Urban,Food,Pune,Bengali,576665,Chhatrapati Shivaji Maharaj International Airport,35635,Summer,Winter,13.06,10,63.5,89.36,31.32,44.67,278,3,Easy,false,true,false,86,6307,162,true,3,28.7,141.5,9,1,5,Diwali,Vada Pav,36,false,3,31118950,true,1,5,true,12,5,false,true,March
DST3298,Place_2298,Assam,West,Heritage,Wildlife,Goa,Tamil,248537,Netaji Subhas Chandra Bose International Airport,16723,Winter,Summer,7.84,14,56.24,71.96,35.99,50.17,394,5,Difficult,true,true,true,58,5813,48,true,2,12.2,622.8,8,7,5,Eid,Chole Bhature,94,false,5,31670931,true,2,2,false,74,2,true,false,December
DST3299,Place_2299,Tamil Nadu,Central,Beach,Scenery,Goa,Malayalam,501210,Cochin International Airport,20207,Winter,Summer,3.29,10,47.18,64.68,14.76,23.14,123,1,Easy,false,true,false,36,5713,39,true,5,25.2,901.2,8,3,9,Ganesh Chaturthi,Biryani,50,false,5,36067084,false,1,3,true,80,3,true,true,March
DST3300,Place_2300,Rajasthan,North,Beach,Wildlife,Guwahati,Marathi,627819,Pune Airport,28524,Monsoon,Winter,10.36,14,57.73,81.51,9.17,53.96,397,3,Easy,true,false,true,8,7756,52,true,3,18.7,2484.2,8,4,3,Durga Puja,Chole Bhature,23,false,5,43734136,false,5,4,false,33,2,true,false,May
DST3301,Place_2301,Rajasthan,Central,Urban,Culture,Bhopal,Bengali,764703,Chaudhary Charan Singh International Airport,29554,Summer,Winter,10.58,14,73.26,80.23,14.55,59.78,194,5,Moderate,true,true,true,34,7597,191,true,5,31,2803.2,8,7,3,Lohri,Chole Bhature,93,false,6,18547062,false,2,3,true,29,4,false,false,December
DST3302,Place_2302,Himachal Pradesh,South,Heritage,Temples,Kolkata,Tamil,552282,Jaipur International Airport,12817,Summer,Monsoon,5.02,6,76.69,76.6,27.65,24.49,70,3,Difficult,true,false,false,99,1178,41,false,3,24.6,1984.1,6,2,9,Bihu,Dosa,44,false,5,36967291,false,2,1,false,43,1,true,true,January
DST3303,Place_2303,Kerala,Central,Urban,Culture,Bhopal,Marathi,854380,Devi Ahilya Bai Holkar Airport,1168,Winter,Winter,1.38,11,63.46,90.09,17.26,59.23,231,2,Moderate,true,true,true,22,2037,135,false,4,33.6,355.3,7,7,8,Onam,Idli,11,false,6,29263220,true,1,5,false,55,5,false,true,October
DST3304,Place_2304,Himachal Pradesh,Northeast,Wildlife,Culture,Cochin,Bengali,456455,Rajiv Gandhi International Airport,43981,Monsoon,Summer,3.8,13,72.25,69.53,38.64,26.02,172,3,Easy,true,true,false,73,4834,104,true,1,16.9,1548.6,10,4,9,Lohri,Rogan Josh,91,true,8,34370077,false,3,5,true,81,3,false,false,August
DST3305,Place_2305,Kerala,West,Beach,Scenery,Mumbai,Tamil,847662,Lokpriya Gopinath Bordoloi International Airport,27770,Winter,Winter,6.6,10,50.53,60.46,9.58,10.59,498,5,Easy,false,true,false,33,5778,186,false,3,29.7,2591.2,5,9,10,Ganesh Chaturthi,Momos,94,true,6,31301028,true,2,3,true,98,5,true,true,May
DST3306,Place_2306,Assam,South,Urban,Temples,Bhopal,Marathi,182124,Indira Gandhi International Airport,16223,Winter,Monsoon,3.35,2,83,71.32,39.66,28.36,202,4,Difficult,true,false,false,16,8426,11,true,5,30.6,1150.3,6,1,10,Onam,Rogan Josh,98,false,8,18497238,false,4,4,false,47,3,true,true,August
DST3307,Place_2307,Tamil Nadu,Northeast,Beach,Culture,Lucknow,Malayalam,581920,Goa International Airport,45220,Monsoon,Winter,3.72,3,83.3,60.34,5.44,59.88,32,3,Difficult,false,false,true,19,6784,56,true,4,24.3,289.3,3,3,8,Bihu,Chole Bhature,22,true,8,8773867,false,2,2,false,37,2,true,true,March
DST3308,Place_2308,Assam,Northeast,Heritage,Scenery,Pune,Bengali,800149,Jaipur International Airport,9027,Summer,Summer,6.48,11,56.02,79.03,20.81,41.76,210,1,Moderate,false,false,true,83,7177,108,true,2,35.7,2360.8,5,8,7,Durga Puja,Pav Bhaji,45,false,7,6059660,false,4,4,true,46,5,false,true,January
DST3309,Place_2309,Maharashtra,Northeast,Hill Station,Temples,Guwahati,Bengali,668357,Jaipur International Airport,17291,Summer,Winter,14.47,6,67.39,73.24,13.81,44.77,300,5,Difficult,true,false,true,57,5805,32,true,2,14.4,2005.6,10,7,2,Durga Puja,Kebabs,90,true,4,37421608,false,3,3,true,70,1,true,false,January
DST3310,Place_2310,Rajasthan,North,Urban,Food,Bhopal,Malayalam,857758,Cochin International Airport,44409,Summer,Summer,11.7,6,70.33,88.49,24.82,21.92,181,4,Easy,false,true,false,39,8399,143,false,4,32.8,1454.2,3,2,5,Lohri,Kebabs,85,false,7,23552431,false,5,4,false,34,3,true,false,October
DST3311,Place_2311,Kerala,Northeast,Urban,Scenery,Delhi,Hindi,318474,Pune Airport,26439,Monsoon,Winter,5.48,7,63.62,87.92,8.38,17.3,240,5,Moderate,true,false,false,56,8360,94,true,2,14,2564.4,5,5,10,Ganesh Chaturthi,Biryani,51,false,6,1151973,false,4,3,false,85,4,false,true,March
DST3312,Place_2312,Himachal Pradesh,North,Beach,Wildlife,Kolkata,Marathi,746195,Kempegowda International Airport,22521,Monsoon,Monsoon,14.32,9,85.56,75.21,35.65,54.28,488,3,Moderate,false,false,false,57,7331,50,false,5,14.7,2564.2,10,7,7,Pongal,Vada Pav,95,true,9,16274297,true,4,5,false,52,2,false,true,October
DST3313,Place_2313,Tamil Nadu,Northeast,Heritage,Temples,Jaipur,Malayalam,880288,Chennai International Airport,25715,Monsoon,Monsoon,10.04,13,76.99,67.58,9.78,30.67,50,2,Difficult,false,true,false,18,4568,51,false,1,16,2132.8,1,5,5,Durga Puja,Momos,33,false,7,38884790,true,5,5,false,29,4,true,false,August
DST3314,Place_2314,Kerala,East,Wildlife,Culture,Mumbai,Bengali,188074,Indira Gandhi International Airport,22618,Monsoon,Winter,7.38,2,73.63,74.79,25.56,10.21,370,2,Difficult,true,true,true,22,5423,190,false,4,29.8,2832.7,1,10,1,Bihu,Dosa,24,true,9,2111916,true,2,5,false,91,2,true,true,January
DST3315,Place_2315,Himachal Pradesh,South,Heritage,Culture,Kolkata,Marathi,208345,Raja Bhoj Airport,29999,Monsoon,Summer,7.56,11,66,82.45,6.17,24.71,379,1,Easy,true,true,true,42,4986,81,false,1,29.2,1416.4,10,1,10,Navratri,Chole Bhature,16,true,9,3961293,true,4,3,true,42,1,true,false,January
DST3316,Place_2316,Rajasthan,East,Urban,Wildlife,Pune,Marathi,317834,Kempegowda International Airport,33992,Winter,Monsoon,6.75,13,44.24,66.66,15.88,19.79,342,1,Moderate,false,false,true,90,4313,176,true,1,23.4,2213.9,6,5,6,Onam,Idli,12,true,2,36232696,true,4,5,true,42,4,false,false,October
DST3317,Place_2317,Assam,Northeast,Wildlife,Wildlife,Lucknow,Hindi,556319,Chhatrapati Shivaji Maharaj International Airport,42517,Summer,Summer,4.26,10,45.39,87.06,10.24,40.19,406,4,Moderate,false,false,true,42,7240,147,true,4,19.4,2509,8,10,6,Lohri,Momos,29,false,5,8513655,true,5,1,false,48,2,false,false,December
DST3318,Place_2318,Rajasthan,South,Heritage,Culture,Guwahati,Bengali,551797,Rajiv Gandhi International Airport,40350,Monsoon,Winter,6.41,5,54.95,71.57,39.22,47.81,28,2,Moderate,false,false,true,59,9683,121,true,3,28.4,1943.2,4,3,6,Lohri,Momos,52,false,3,11601640,true,2,2,false,21,4,false,false,December
DST3319,Place_2319,Goa,South,Hill Station,Temples,Delhi,Tamil,577154,Chennai International Airport,2573,Summer,Monsoon,8.39,9,50.58,92.63,5.42,34.87,5,3,Moderate,true,true,true,15,9105,59,false,5,14.3,1704,7,1,3,Pongal,Sarson da Saag,35,false,5,1675204,false,1,3,true,87,2,true,false,December
DST3320,Place_2320,Maharashtra,West,Beach,Scenery,Chennai,Hindi,154203,Cochin International Airport,9577,Monsoon,Monsoon,8.39,13,87.63,77.92,17.33,19.29,422,5,Easy,true,true,true,71,1309,84,true,4,28.9,2222.8,5,10,1,Eid,Dosa,54,false,2,25869450,true,4,5,false,29,1,false,true,March
DST3321,Place_2321,Goa,East,Heritage,Wildlife,Kolkata,Hindi,246162,Indira Gandhi International Airport,9712,Summer,Summer,11.66,14,60.49,89.65,15.6,12.9,132,5,Easy,false,true,true,57,8277,145,true,5,10.4,1128.1,2,4,7,Holi,Biryani,37,true,8,8219711,true,3,1,false,27,5,false,false,January
DST3322,Place_2322,Tamil Nadu,West,Heritage,Wildlife,Chennai,Tamil,640203,Devi Ahilya Bai Holkar Airport,30948,Winter,Monsoon,6.02,13,83.83,81.56,28.01,25.68,95,2,Easy,true,true,false,82,9997,10,true,1,14.3,1162.6,5,7,6,Onam,Chole Bhature,54,true,7,14475983,true,5,4,false,83,2,true,true,May
DST3323,Place_2323,Kerala,South,Hill Station,Wildlife,Bengaluru,Tamil,927909,Devi Ahilya Bai Holkar Airport,40531,Summer,Summer,11.04,6,80.9,79.41,6.97,50.3,423,2,Difficult,true,false,false,48,7728,10,true,1,31.2,2932.2,2,7,5,Pongal,Sarson da Saag,69,true,6,1555339,true,4,2,false,26,3,false,false,December
DST3324,Place_2324,Tamil Nadu,North,Urban,Food,Hyderabad,Hindi,288059,Kempegowda International Airport,13164,Summer,Summer,9.09,2,80.63,83.87,33.37,30.98,345,5,Easy,false,true,true,29,2892,36,true,3,36.2,444.6,9,2,3,Durga Puja,Dosa,49,false,7,46690640,true,2,2,false,14,5,true,true,May
DST3325,Place_2325,Assam,South,Beach,Temples,Ahmedabad,Marathi,580263,Cochin International Airport,6217,Monsoon,Winter,14.47,10,50.79,88.4,21.33,22.61,461,4,Easy,true,true,true,66,2917,118,false,1,12.3,2541.8,1,2,6,Onam,Sarson da Saag,18,true,4,3298055,false,3,5,true,73,4,true,false,March
DST3326,Place_2326,Himachal Pradesh,West,Heritage,Temples,Hyderabad,Malayalam,478884,Netaji Subhas Chandra Bose International Airport,20526,Summer,Summer,6.39,9,62.37,82.56,20.85,11.04,81,5,Easy,false,true,true,18,7499,198,false,4,29.2,2387.4,3,1,10,Pongal,Biryani,80,false,9,31477195,true,1,3,false,37,4,true,false,March
DST3327,Place_2327,Rajasthan,East,Wildlife,Temples,Jaipur,Malayalam,222217,Netaji Subhas Chandra Bose International Airport,32270,Winter,Monsoon,13.62,6,55.9,87.9,12.94,34.8,276,1,Easy,false,true,false,51,6221,134,true,5,11.9,257.1,1,2,9,Diwali,Sarson da Saag,49,true,6,45598540,true,3,3,true,42,4,false,false,December
DST3328,Place_2328,Goa,Northeast,Heritage,Temples,Goa,Hindi,246101,Devi Ahilya Bai Holkar Airport,27409,Winter,Summer,12.49,12,88.52,66.67,22.15,44.24,314,3,Difficult,true,false,true,99,3241,185,false,3,36.4,2140.2,5,9,8,Durga Puja,Rogan Josh,23,false,4,28211638,true,4,1,false,47,3,false,true,October
DST3329,Place_2329,Goa,Northeast,Beach,Temples,Cochin,Marathi,851727,Sardar Vallabhbhai Patel International Airport,13734,Winter,Monsoon,9.93,5,83.84,69.71,17.74,19.52,216,2,Moderate,true,true,true,93,8241,32,false,4,21.7,372.3,4,9,8,Ganesh Chaturthi,Dosa,91,true,3,45009622,true,3,3,true,94,3,false,true,March
DST3330,Place_2330,Assam,East,Heritage,Culture,Bhopal,Tamil,189067,Cochin International Airport,45121,Monsoon,Summer,10.16,9,52.5,68.04,13.58,36.86,403,2,Moderate,false,true,true,59,2973,181,false,5,32.2,710.5,6,7,8,Ganesh Chaturthi,Chole Bhature,19,true,5,33152836,false,1,5,true,48,3,false,true,October
DST3331,Place_2331,Goa,Northeast,Hill Station,Wildlife,Guwahati,Hindi,153520,Jaipur International Airport,37269,Monsoon,Winter,2.19,10,55.68,87.94,10.9,31.04,279,4,Difficult,false,false,true,87,6938,177,false,5,15.2,2878.8,5,3,1,Ganesh Chaturthi,Momos,57,false,8,27346439,false,2,2,false,74,3,false,false,March
DST3332,Place_2332,Assam,Northeast,Heritage,Culture,Guwahati,Bengali,170053,Rajiv Gandhi International Airport,14530,Monsoon,Winter,14.3,8,66.45,63.01,30.49,45.2,130,1,Easy,true,true,true,16,6526,148,true,2,35.8,1150.2,7,8,7,Ganesh Chaturthi,Dosa,24,true,9,42843970,true,1,2,false,12,3,true,false,May
DST3333,Place_2333,Tamil Nadu,West,Heritage,Food,Lucknow,Marathi,151464,Chennai International Airport,13394,Monsoon,Summer,2.5,5,53.93,87.86,9.97,53.03,85,5,Moderate,false,false,true,11,4978,118,false,2,22.9,264.7,7,4,1,Ganesh Chaturthi,Rogan Josh,54,true,6,45733054,true,1,2,false,86,3,false,false,January
DST3334,Place_2334,Rajasthan,East,Wildlife,Scenery,Delhi,Bengali,253033,Goa International Airport,2499,Monsoon,Summer,8.89,8,81.23,73.62,10.88,25.35,327,1,Moderate,false,true,false,53,2315,148,false,4,16.3,1611.5,10,5,7,Onam,Pav Bhaji,77,false,4,17059370,false,5,5,true,35,5,false,false,March
DST3335,Place_2335,Kerala,Central,Hill Station,Wildlife,Chennai,Bengali,911789,Indira Gandhi International Airport,28539,Winter,Summer,5.62,7,80.96,62.78,25.2,55.24,365,1,Moderate,true,true,false,18,9802,109,false,3,27.2,698.6,5,10,2,Lohri,Dosa,67,true,4,1972228,true,5,4,false,79,5,true,true,March
DST3336,Place_2336,Himachal Pradesh,North,Hill Station,Food,Pune,Hindi,232316,Netaji Subhas Chandra Bose International Airport,10669,Summer,Winter,7.02,12,76.22,74.85,12.91,45.35,312,4,Moderate,true,false,false,33,7795,111,false,5,18.6,1336.4,10,5,3,Diwali,Kebabs,28,false,9,14705199,true,1,5,true,98,4,true,false,December
DST3337,Place_2337,Kerala,North,Heritage,Culture,Bhopal,Marathi,167952,Rajiv Gandhi International Airport,29562,Winter,Summer,9.54,13,74.47,70.52,21.08,11.86,365,4,Easy,false,true,false,51,9395,40,true,5,18.6,394.8,1,2,10,Pongal,Idli,57,false,9,38453097,true,3,2,false,44,3,false,false,March
DST3338,Place_2338,Tamil Nadu,Northeast,Wildlife,Scenery,Chennai,Bengali,148061,Chennai International Airport,22629,Monsoon,Summer,13.72,4,67.37,80.72,24.35,49.56,92,5,Moderate,false,false,false,18,7548,197,false,4,13.4,378.3,9,9,2,Holi,Kebabs,37,true,9,44864344,true,3,2,true,28,1,true,false,May
DST3339,Place_2339,Himachal Pradesh,North,Heritage,Food,Lucknow,Marathi,892922,Sardar Vallabhbhai Patel International Airport,26746,Winter,Monsoon,7.41,11,57.36,76.54,14.61,34.73,70,5,Difficult,false,true,false,91,2399,64,true,3,16.4,1562,2,6,10,Eid,Momos,53,false,2,17695903,true,1,3,false,59,4,false,false,August
DST3340,Place_2340,Goa,East,Heritage,Scenery,Cochin,Malayalam,614072,Netaji Subhas Chandra Bose International Airport,44287,Summer,Winter,14.83,4,81.85,70.39,17.02,57.27,325,3,Difficult,false,false,true,55,2372,161,true,1,33.9,1074,7,6,1,Onam,Sarson da Saag,96,true,2,41235599,false,3,2,false,44,4,true,false,March
DST3341,Place_2341,Maharashtra,East,Beach,Food,Pune,Bengali,617071,Pune Airport,47007,Monsoon,Winter,9.3,2,82.94,90.18,12.36,26.18,325,1,Moderate,false,false,false,18,6106,71,false,3,25.7,550.3,3,1,5,Ganesh Chaturthi,Rogan Josh,31,false,5,17012362,true,2,1,false,95,2,true,true,May
DST3342,Place_2342,Tamil Nadu,South,Beach,Culture,Pune,Bengali,701507,Netaji Subhas Chandra Bose International Airport,19128,Winter,Summer,3.25,14,42.48,74.24,21.11,39.56,331,5,Easy,true,false,true,91,4203,156,true,1,20.6,1783.1,10,2,8,Pongal,Vada Pav,95,true,4,29932759,false,3,5,true,20,4,false,false,January
DST3343,Place_2343,Tamil Nadu,South,Wildlife,Scenery,Jaipur,Marathi,892271,Chaudhary Charan Singh International Airport,3039,Winter,Summer,3.66,6,59.93,76.47,39.73,57.81,190,4,Moderate,false,false,false,12,3682,105,true,5,37.9,280.4,6,4,6,Holi,Pav Bhaji,49,true,3,49929384,true,3,3,true,98,4,false,true,May
DST3344,Place_2344,Rajasthan,North,Urban,Food,Lucknow,Malayalam,124992,Raja Bhoj Airport,42079,Summer,Monsoon,11.03,9,41.33,89.63,17.69,23.56,213,3,Moderate,false,true,true,81,8922,49,true,2,33.9,2282.9,5,8,4,Diwali,Sarson da Saag,84,true,4,49398935,true,1,3,true,35,4,true,true,March
DST3345,Place_2345,Kerala,Central,Beach,Culture,Kolkata,Bengali,737442,Pune Airport,4857,Monsoon,Summer,1.71,13,81.97,63.12,27.87,33.6,46,3,Moderate,false,false,false,69,9425,111,true,2,19.3,248.9,6,8,10,Holi,Vada Pav,53,true,4,9067197,false,3,4,false,19,2,true,true,January
DST3346,Place_2346,Tamil Nadu,South,Urban,Wildlife,Cochin,Hindi,354166,Lokpriya Gopinath Bordoloi International Airport,26896,Monsoon,Winter,7.72,7,48.85,73.65,27.26,47.62,217,4,Difficult,false,true,true,41,3137,26,true,4,13.3,2914.1,10,9,1,Eid,Biryani,40,true,6,2126837,false,3,4,false,55,1,true,true,December
DST3347,Place_2347,Tamil Nadu,South,Hill Station,Culture,Hyderabad,Marathi,276010,Raja Bhoj Airport,5950,Summer,Monsoon,3.08,9,73.69,74.1,32.53,44.55,88,5,Difficult,true,true,false,94,8147,187,false,3,15.5,2233.3,5,1,10,Diwali,Chole Bhature,14,true,6,4837243,true,5,2,false,37,3,true,false,May
DST3348,Place_2348,Goa,East,Beach,Culture,Cochin,Marathi,879375,Raja Bhoj Airport,24471,Summer,Winter,7.07,8,57.87,77.35,29.92,51.94,274,4,Easy,false,true,false,72,3806,108,true,3,30.3,2701.9,9,8,2,Durga Puja,Vada Pav,38,false,2,49007548,false,5,1,true,92,2,false,true,October
DST3349,Place_2349,Goa,Central,Beach,Wildlife,Goa,Bengali,418393,Rajiv Gandhi International Airport,16441,Summer,Summer,11.5,3,80.8,63.71,5.41,35.99,483,5,Moderate,false,true,true,20,5850,21,false,1,26.9,1375.9,8,4,2,Navratri,Kebabs,78,true,6,6757372,false,3,1,true,28,3,true,true,March
DST3350,Place_2350,Himachal Pradesh,Northeast,Wildlife,Culture,Bengaluru,Malayalam,727601,Cochin International Airport,13735,Summer,Monsoon,7.42,9,65.48,63.59,15.82,25.95,226,4,Moderate,false,false,false,93,2957,152,false,4,39.4,268.4,1,5,3,Lohri,Sarson da Saag,91,true,4,44388333,false,3,3,false,45,5,false,false,August
DST3351,Place_2351,Assam,North,Urban,Wildlife,Indore,Bengali,412878,Sardar Vallabhbhai Patel International Airport,23415,Monsoon,Winter,3.29,5,56.22,74.57,35.46,36.75,396,4,Moderate,false,false,false,87,1931,176,false,3,10.4,765.4,9,10,2,Diwali,Kebabs,75,true,6,17413009,false,1,5,false,27,4,true,false,May
DST3352,Place_2352,Assam,South,Beach,Wildlife,Cochin,Tamil,802440,Kempegowda International Airport,35511,Monsoon,Winter,4.53,12,56.19,61.16,23.88,27.5,216,2,Moderate,true,true,false,24,1047,22,false,4,36.3,2916.2,2,5,4,Eid,Dosa,23,false,9,24210448,true,2,4,false,35,4,false,false,August
DST3353,Place_2353,Maharashtra,Central,Beach,Wildlife,Bhopal,Bengali,305532,Chhatrapati Shivaji Maharaj International Airport,47051,Winter,Winter,6.15,6,56.35,68.92,8.65,18.82,239,5,Difficult,true,false,true,94,3270,103,false,1,10.4,1894.8,5,7,4,Durga Puja,Idli,96,true,2,26809472,true,5,3,false,58,4,true,false,May
DST3354,Place_2354,Assam,Central,Wildlife,Food,Chennai,Tamil,749914,Lokpriya Gopinath Bordoloi International Airport,43406,Winter,Summer,1.97,12,79.43,67.04,14.66,37.75,300,1,Easy,false,false,true,71,6767,115,false,5,22.7,760.8,6,3,5,Lohri,Vada Pav,68,false,9,32941718,true,4,4,true,64,4,true,false,January
DST3355,Place_2355,Rajasthan,North,Wildlife,Scenery,Kolkata,Hindi,910692,Jaipur International Airport,4616,Winter,Summer,9.18,14,75.56,77.13,14.92,12.42,415,2,Difficult,true,true,true,75,8918,28,false,4,37.5,1500.2,10,5,9,Pongal,Dosa,62,true,5,1310023,false,3,4,false,17,1,true,false,August
DST3356,Place_2356,Maharashtra,Central,Urban,Food,Bengaluru,Marathi,814967,Jaipur International Airport,16383,Monsoon,Summer,9.51,9,55.96,60.39,35.56,11.83,413,2,Moderate,false,true,true,36,5561,66,false,2,29.8,1020.6,1,7,3,Bihu,Momos,38,false,9,21687200,true,4,1,false,14,3,true,true,December
DST3357,Place_2357,Himachal Pradesh,Central,Hill Station,Wildlife,Delhi,Marathi,161852,Netaji Subhas Chandra Bose International Airport,30756,Monsoon,Summer,1.87,6,64.51,83.65,24.37,13.23,340,2,Difficult,true,true,false,73,1678,101,false,5,27.5,1520.2,7,6,6,Pongal,Sarson da Saag,81,true,7,17748112,false,1,3,false,81,2,true,true,March
DST3358,Place_2358,Goa,Central,Hill Station,Scenery,Ahmedabad,Malayalam,128380,Devi Ahilya Bai Holkar Airport,4894,Monsoon,Winter,6.63,6,43.81,89.95,26.29,43.63,381,2,Easy,true,false,true,89,2590,69,true,3,19.4,2526.2,8,2,10,Navratri,Dosa,13,true,3,47643421,true,4,1,true,39,2,true,true,August
DST3359,Place_2359,Assam,South,Heritage,Scenery,Goa,Bengali,577563,Indira Gandhi International Airport,39995,Winter,Monsoon,6.8,7,81.38,84.74,17.85,30.35,169,1,Moderate,true,true,false,34,3518,193,true,1,39,745.4,1,8,4,Diwali,Rogan Josh,41,false,7,10200998,false,2,1,true,17,1,true,false,March
DST3360,Place_2360,Kerala,North,Beach,Wildlife,Chennai,Hindi,171257,Pune Airport,44232,Summer,Summer,5.67,8,53.3,88.63,7.11,34.71,364,2,Moderate,true,false,false,24,8132,162,false,1,15,1257.4,10,9,7,Lohri,Biryani,58,false,7,31870932,false,2,3,false,45,1,true,true,January
DST3361,Place_2361,Goa,Central,Urban,Scenery,Jaipur,Tamil,272263,Chaudhary Charan Singh International Airport,41615,Summer,Monsoon,8.81,10,84.46,82.52,7.63,27.17,231,1,Difficult,false,true,false,62,2566,113,false,2,18.1,1393.7,4,9,4,Ganesh Chaturthi,Dosa,47,false,4,35500600,false,1,5,true,83,5,true,true,December
DST3362,Place_2362,Rajasthan,Central,Beach,Scenery,Indore,Malayalam,367074,Netaji Subhas Chandra Bose International Airport,5281,Summer,Winter,5.84,12,69.84,77.76,19.71,22.68,107,1,Difficult,true,false,false,33,7683,141,true,4,23.6,1802.5,2,9,7,Ganesh Chaturthi,Momos,38,true,3,39487816,true,5,4,true,36,3,true,true,December
DST3363,Place_2363,Goa,South,Urban,Food,Bengaluru,Hindi,613279,Sardar Vallabhbhai Patel International Airport,25647,Summer,Summer,6.83,8,68.39,67.67,11.21,27.92,327,2,Difficult,true,false,true,28,2567,189,false,2,13.8,325.4,5,2,1,Durga Puja,Kebabs,10,false,7,32570430,true,3,1,true,24,4,true,true,March
DST3364,Place_2364,Rajasthan,North,Urban,Scenery,Bhopal,Hindi,804914,Lokpriya Gopinath Bordoloi International Airport,31036,Summer,Winter,12.17,7,48.14,69.79,8.65,19.67,232,3,Easy,true,false,false,5,1205,136,false,4,22.7,700.3,2,10,9,Onam,Biryani,12,false,7,38708571,false,4,5,false,93,4,false,false,May
DST3365,Place_2365,Rajasthan,East,Urban,Wildlife,Indore,Tamil,843847,Chhatrapati Shivaji Maharaj International Airport,19584,Monsoon,Summer,3.27,13,43.48,71.12,14.18,43.94,169,1,Easy,true,true,false,93,2805,110,true,2,11.2,1253.7,9,3,1,Onam,Chole Bhature,51,false,9,9862662,false,1,2,true,47,1,false,true,March
DST3366,Place_2366,Rajasthan,South,Beach,Temples,Pune,Tamil,416161,Kempegowda International Airport,35911,Winter,Summer,9.67,11,67.63,61.33,30.97,15.09,134,2,Easy,false,true,false,31,9671,144,false,2,37.7,2447.1,9,4,5,Navratri,Momos,92,false,8,43972657,true,2,3,false,91,1,true,false,August
DST3367,Place_2367,Himachal Pradesh,North,Wildlife,Temples,Kolkata,Marathi,550514,Devi Ahilya Bai Holkar Airport,33308,Summer,Monsoon,8.08,5,63.4,91.96,7.56,35.85,130,4,Moderate,false,false,true,93,3120,77,true,1,19.7,641.8,10,2,8,Lohri,Chole Bhature,87,false,5,25754684,true,2,2,false,48,2,false,false,August
DST3368,Place_2368,Rajasthan,Central,Beach,Temples,Hyderabad,Bengali,870112,Chhatrapati Shivaji Maharaj International Airport,48548,Summer,Winter,5.27,12,45.98,91.51,20.69,33.84,36,4,Moderate,false,true,false,25,6810,96,false,4,29,2656.4,5,6,8,Navratri,Kebabs,41,false,9,30456553,false,1,2,false,85,2,false,false,May
DST3369,Place_2369,Rajasthan,North,Urban,Wildlife,Cochin,Malayalam,544605,Chaudhary Charan Singh International Airport,29333,Summer,Winter,11.19,11,81.78,63.77,33.91,25.1,258,5,Difficult,false,false,false,21,7685,117,false,2,36.1,1083.6,5,7,6,Pongal,Biryani,32,false,9,5668410,true,1,3,false,52,1,false,true,March
DST3370,Place_2370,Kerala,North,Heritage,Temples,Cochin,Bengali,828666,Chhatrapati Shivaji Maharaj International Airport,36949,Monsoon,Winter,8.72,13,60.86,79.48,14.38,15.11,401,1,Moderate,false,false,false,96,2437,182,false,3,34.5,836.1,4,9,6,Durga Puja,Rogan Josh,35,true,8,22524781,false,1,4,true,91,5,false,false,March
DST3371,Place_2371,Maharashtra,Northeast,Hill Station,Food,Indore,Malayalam,256597,Cochin International Airport,20259,Summer,Monsoon,7.68,3,53.02,76.37,15.57,45.17,498,1,Easy,true,false,false,36,2942,146,false,1,36.2,1287.2,1,1,2,Ganesh Chaturthi,Sarson da Saag,91,false,4,22297983,false,4,5,true,44,5,true,true,March
DST3372,Place_2372,Tamil Nadu,North,Urban,Wildlife,Jaipur,Hindi,575308,Cochin International Airport,32794,Winter,Monsoon,10.35,12,79.41,83.92,35.95,38.48,123,4,Moderate,false,false,false,48,3827,130,false,1,31.6,1705.8,10,7,4,Ganesh Chaturthi,Biryani,88,false,3,23186390,true,2,2,false,60,4,true,false,October
DST3373,Place_2373,Maharashtra,East,Heritage,Wildlife,Chennai,Tamil,704918,Goa International Airport,40288,Monsoon,Winter,12.23,14,85.65,81.11,27.75,50.47,425,1,Difficult,true,false,true,26,8380,18,true,1,15.8,2228.5,3,5,8,Eid,Idli,98,false,5,8656884,true,1,2,true,47,5,false,true,December
DST3374,Place_2374,Rajasthan,North,Wildlife,Wildlife,Indore,Tamil,823571,Lokpriya Gopinath Bordoloi International Airport,14052,Monsoon,Winter,14.62,12,55.3,64.35,32.92,21.78,392,1,Difficult,true,false,true,46,9962,140,false,1,21,1483.1,4,3,2,Eid,Biryani,47,false,9,32892032,true,3,5,true,81,4,true,false,October
DST3375,Place_2375,Kerala,East,Urban,Scenery,Lucknow,Hindi,655568,Chhatrapati Shivaji Maharaj International Airport,13271,Monsoon,Summer,9.81,10,78.8,83.1,15.12,49.58,440,4,Difficult,true,false,false,87,9258,86,false,2,25.4,2472.2,7,5,6,Holi,Sarson da Saag,31,false,4,6672758,true,1,2,true,44,5,true,true,December
DST3376,Place_2376,Goa,Central,Heritage,Scenery,Kolkata,Hindi,748418,Rajiv Gandhi International Airport,46267,Summer,Summer,13.24,11,72.63,81.31,39.89,24.6,407,2,Difficult,false,false,false,66,8636,72,true,2,20.1,2474.4,7,6,3,Navratri,Momos,91,false,8,30510054,false,1,3,false,61,5,true,false,August
DST3377,Place_2377,Kerala,East,Urban,Scenery,Bhopal,Malayalam,242312,Lokpriya Gopinath Bordoloi International Airport,33175,Summer,Monsoon,1.02,12,89.49,78.59,9.93,15.63,262,4,Moderate,true,true,false,52,9555,128,false,1,38.7,105,7,4,7,Durga Puja,Pav Bhaji,21,false,5,10431231,true,4,5,false,18,1,false,false,December
DST3378,Place_2378,Rajasthan,Central,Beach,Culture,Indore,Hindi,562757,Sardar Vallabhbhai Patel International Airport,9915,Summer,Summer,8.42,6,50.2,74.08,38.67,16.75,352,3,Difficult,true,true,true,12,5495,102,false,2,34.2,2395.6,7,10,9,Ganesh Chaturthi,Rogan Josh,72,true,7,21393593,true,5,1,false,53,5,true,false,August
DST3379,Place_2379,Kerala,Central,Heritage,Food,Indore,Malayalam,892976,Sardar Vallabhbhai Patel International Airport,17122,Summer,Winter,4.01,6,88.03,93.42,36.57,21.05,216,4,Moderate,true,true,false,6,3897,139,false,2,34,1384,4,9,8,Holi,Biryani,93,false,4,44081426,false,2,1,false,17,4,true,false,January
DST3380,Place_2380,Assam,East,Beach,Wildlife,Guwahati,Bengali,813341,Cochin International Airport,45199,Winter,Winter,2.32,12,55.76,89.73,24.32,44.12,169,4,Difficult,true,false,false,9,1259,168,true,4,20.8,2904.6,9,1,8,Ganesh Chaturthi,Biryani,25,true,8,21162962,true,1,4,true,81,3,true,false,March
DST3381,Place_2381,Kerala,South,Beach,Wildlife,Jaipur,Tamil,257908,Lokpriya Gopinath Bordoloi International Airport,7918,Monsoon,Summer,8.45,13,60.6,80.48,25.49,22.2,97,2,Difficult,false,true,false,32,8929,47,true,3,32.6,2478.7,4,10,9,Holi,Dosa,67,false,4,3364419,true,4,2,true,10,3,true,false,August
DST3382,Place_2382,Rajasthan,West,Heritage,Scenery,Ahmedabad,Tamil,376532,Chennai International Airport,41916,Summer,Summer,11.46,4,57.94,60.22,32.13,40.19,357,4,Moderate,true,false,false,8,2068,16,false,4,28.4,1213.6,6,6,2,Lohri,Sarson da Saag,24,true,9,15948358,false,5,3,true,34,2,true,false,January
DST3383,Place_2383,Himachal Pradesh,North,Hill Station,Wildlife,Cochin,Tamil,344335,Cochin International Airport,31437,Winter,Monsoon,6.77,14,53.42,75.12,15.74,22.83,185,4,Easy,true,false,false,57,5993,113,false,5,21.3,1940.4,1,10,6,Lohri,Vada Pav,83,true,9,7460902,false,5,5,true,80,4,false,false,December
DST3384,Place_2384,Assam,Northeast,Heritage,Wildlife,Chennai,Bengali,625982,Netaji Subhas Chandra Bose International Airport,46806,Monsoon,Summer,10.38,4,74.66,84.51,23.46,28.26,212,2,Easy,false,true,false,5,8707,147,true,4,19.2,663.3,1,2,9,Navratri,Rogan Josh,14,false,9,12629386,false,5,2,false,41,1,false,false,October
DST3385,Place_2385,Kerala,West,Hill Station,Temples,Delhi,Bengali,227727,Indira Gandhi International Airport,14805,Monsoon,Monsoon,7.86,2,69.46,64.11,36.58,54.49,357,4,Easy,false,false,true,83,8496,86,false,3,33.7,942,6,7,2,Onam,Biryani,90,false,7,5239964,true,1,3,true,71,1,true,true,August
DST3386,Place_2386,Tamil Nadu,North,Urban,Wildlife,Hyderabad,Marathi,974634,Chennai International Airport,20598,Monsoon,Summer,7.12,13,55.28,74.23,7.39,35.02,311,2,Easy,false,true,false,81,7458,196,true,3,27.9,686.1,1,9,9,Onam,Biryani,60,true,9,42090300,true,1,3,true,19,2,false,true,March
DST3387,Place_2387,Tamil Nadu,North,Urban,Culture,Delhi,Malayalam,737345,Sardar Vallabhbhai Patel International Airport,41517,Summer,Summer,5.06,12,46.61,66.71,36.69,40.01,231,3,Difficult,true,true,false,99,2442,10,false,4,11.1,2278.4,1,6,2,Navratri,Biryani,50,true,9,3784556,false,4,1,true,95,3,true,false,December
DST3388,Place_2388,Kerala,Central,Heritage,Scenery,Bengaluru,Malayalam,623888,Raja Bhoj Airport,3871,Monsoon,Summer,6.36,6,55.87,71.84,30.51,19.46,441,2,Moderate,true,true,false,85,8083,46,true,4,10.7,123.8,6,10,9,Bihu,Pav Bhaji,13,true,5,29819422,false,2,1,false,26,4,true,false,August
DST3389,Place_2389,Himachal Pradesh,North,Urban,Food,Lucknow,Marathi,411438,Jaipur International Airport,38257,Summer,Summer,5.9,4,59.06,60.93,31.94,16.58,401,1,Easy,true,false,true,10,1228,162,true,5,35.3,1281.1,8,9,1,Bihu,Chole Bhature,56,true,8,38100094,true,4,3,false,20,5,true,false,October
DST3390,Place_2390,Goa,Northeast,Wildlife,Food,Cochin,Tamil,663057,Netaji Subhas Chandra Bose International Airport,38375,Winter,Winter,10.05,12,59.03,64.44,7.27,30.66,166,1,Difficult,false,true,false,92,5845,103,false,1,12.7,2528.9,9,8,6,Eid,Idli,31,true,2,44652425,true,5,2,true,56,2,true,true,January
DST3391,Place_2391,Rajasthan,North,Beach,Temples,Bengaluru,Malayalam,532636,Cochin International Airport,46741,Monsoon,Winter,2.62,3,57.86,75.92,11.57,52.77,305,2,Moderate,false,false,true,59,2970,75,true,3,25.6,2156.3,6,5,6,Pongal,Momos,40,true,8,3159191,false,3,5,false,65,4,false,false,January
DST3392,Place_2392,Tamil Nadu,East,Beach,Food,Hyderabad,Malayalam,475433,Raja Bhoj Airport,45879,Winter,Winter,2.3,12,42.44,91.44,37.38,22.05,160,4,Difficult,true,false,true,56,7261,109,false,1,28.3,1323.1,1,8,2,Eid,Rogan Josh,38,true,3,28476810,true,2,4,false,50,5,false,true,January
DST3393,Place_2393,Goa,West,Hill Station,Food,Kolkata,Tamil,202885,Chaudhary Charan Singh International Airport,24148,Summer,Summer,10.24,10,63.2,77.17,9.34,41.08,283,5,Easy,false,false,true,81,8952,85,true,5,37.5,1935.8,7,5,7,Durga Puja,Chole Bhature,50,false,2,7615585,true,4,2,false,25,5,true,false,December
DST3394,Place_2394,Kerala,East,Urban,Scenery,Cochin,Hindi,662143,Rajiv Gandhi International Airport,6834,Summer,Monsoon,8.65,14,81.81,75.86,27.09,53.6,183,5,Moderate,false,false,false,89,5227,14,false,2,25.4,1352.2,2,8,10,Holi,Kebabs,70,false,6,30803351,false,2,3,true,34,4,true,true,March
DST3395,Place_2395,Goa,Northeast,Hill Station,Scenery,Bengaluru,Hindi,756820,Kempegowda International Airport,43680,Summer,Summer,7.02,11,49.02,87.56,32.39,56.72,24,3,Moderate,false,false,false,28,2725,65,true,2,15.8,2547.6,7,7,4,Navratri,Momos,62,true,3,48601912,true,3,5,true,39,1,true,false,August
DST3396,Place_2396,Assam,North,Beach,Culture,Lucknow,Marathi,595407,Jaipur International Airport,4399,Monsoon,Winter,3.13,7,47.28,69.37,13.09,59.69,141,3,Difficult,false,false,true,66,7185,51,false,1,17.8,1760.5,10,5,4,Diwali,Sarson da Saag,25,true,9,38005719,true,5,4,false,85,4,false,false,August
DST3397,Place_2397,Maharashtra,Northeast,Beach,Temples,Bhopal,Bengali,671934,Sardar Vallabhbhai Patel International Airport,22762,Monsoon,Monsoon,6.75,4,63.59,63.33,29.46,48.15,182,5,Difficult,true,true,false,60,3482,58,true,4,11.5,1934.6,10,8,9,Diwali,Pav Bhaji,64,false,4,6563271,false,4,3,false,50,4,false,true,January
DST3398,Place_2398,Tamil Nadu,Central,Urban,Food,Mumbai,Malayalam,534468,Goa International Airport,41372,Winter,Monsoon,12.06,8,58.53,67.34,7.3,13.75,83,5,Moderate,true,true,false,90,6285,55,true,3,16.7,2967,4,6,2,Pongal,Vada Pav,98,true,7,35585374,false,2,5,false,70,1,true,false,May
DST3399,Place_2399,Kerala,East,Wildlife,Culture,Mumbai,Malayalam,503051,Raja Bhoj Airport,11957,Summer,Winter,13.45,13,68.06,87.7,22.46,53.57,230,2,Easy,true,false,false,97,2450,80,false,1,34.5,2333.3,1,7,9,Pongal,Momos,26,false,3,22492846,true,2,5,true,58,2,true,true,October
DST3400,Place_2400,Rajasthan,East,Wildlife,Temples,Jaipur,Marathi,213947,Lokpriya Gopinath Bordoloi International Airport,41499,Winter,Summer,10.84,10,87.35,83.7,16.71,54.28,467,5,Easy,true,true,true,28,7191,11,false,4,32.7,929.3,9,5,9,Holi,Kebabs,27,true,3,32923106,false,1,4,false,99,1,true,true,December
DST3401,Place_2401,Himachal Pradesh,South,Urban,Food,Jaipur,Marathi,110910,Netaji Subhas Chandra Bose International Airport,29340,Summer,Monsoon,1.84,10,78.04,63.2,27.6,37.86,390,1,Moderate,true,false,true,80,6161,76,true,5,12.5,2341.6,1,8,6,Eid,Dosa,46,true,6,1699961,true,5,3,false,99,5,false,true,August
DST3402,Place_2402,Assam,North,Urban,Food,Chennai,Malayalam,707045,Sardar Vallabhbhai Patel International Airport,28138,Summer,Monsoon,10.39,2,74.35,83.35,36.12,13.37,387,3,Moderate,false,true,false,24,5280,141,true,4,24.4,2792.6,7,8,10,Lohri,Momos,69,false,8,36631871,false,4,1,true,85,3,false,false,October
DST3403,Place_2403,Kerala,Central,Hill Station,Scenery,Jaipur,Tamil,584365,Devi Ahilya Bai Holkar Airport,16808,Winter,Winter,4.37,3,60.8,92.6,9.39,33.83,222,3,Easy,true,true,false,38,6941,71,false,5,19.1,955.7,6,1,7,Diwali,Dosa,38,true,7,26556326,false,5,2,false,51,2,true,false,March
DST3404,Place_2404,Rajasthan,East,Urban,Wildlife,Goa,Tamil,852249,Pune Airport,29243,Summer,Monsoon,5.41,9,54.37,61.57,20.76,20.54,157,1,Easy,true,true,false,19,9032,121,true,1,29.5,2470.2,7,8,4,Onam,Rogan Josh,96,false,8,37841551,false,1,4,true,72,4,true,true,August
DST3405,Place_2405,Himachal Pradesh,East,Wildlife,Temples,Ahmedabad,Bengali,859510,Chennai International Airport,3261,Winter,Monsoon,3.74,12,67.01,81.57,19.81,32.11,317,3,Difficult,false,true,true,55,2255,89,false,2,38.8,789.7,10,10,1,Onam,Biryani,98,true,2,35805781,true,3,2,false,35,4,false,false,March
DST3406,Place_2406,Himachal Pradesh,Central,Urban,Food,Jaipur,Malayalam,894895,Kempegowda International Airport,12809,Monsoon,Monsoon,11.86,2,84.27,73.27,16.33,46.21,184,5,Difficult,false,false,false,8,1400,36,false,3,28.9,1358.7,1,8,9,Holi,Dosa,31,false,4,41730832,true,5,4,false,47,5,true,true,March
DST3407,Place_2407,Kerala,Northeast,Hill Station,Temples,Cochin,Malayalam,244408,Kempegowda International Airport,18696,Winter,Summer,10.08,12,83.84,77.54,21.81,43.38,420,3,Easy,false,true,true,57,6639,95,false,1,32.4,2101.5,1,7,9,Durga Puja,Vada Pav,63,false,3,8105496,false,1,1,true,37,5,true,false,August
DST3408,Place_2408,Assam,Northeast,Hill Station,Culture,Ahmedabad,Malayalam,650822,Lokpriya Gopinath Bordoloi International Airport,43824,Winter,Summer,9.57,13,62.28,78.49,35.83,49,182,1,Moderate,false,true,true,18,6352,76,false,2,21.9,806.2,6,6,1,Holi,Chole Bhature,86,false,2,30527538,false,3,2,true,79,2,true,true,October
DST3409,Place_2409,Goa,North,Hill Station,Culture,Jaipur,Malayalam,757729,Indira Gandhi International Airport,22891,Summer,Winter,10.35,12,52.31,86.99,39.08,33.83,84,3,Moderate,false,false,true,69,4464,122,false,5,11,643.2,8,10,4,Bihu,Vada Pav,90,true,6,23134969,false,5,5,true,10,2,false,false,August
DST3410,Place_2410,Goa,South,Hill Station,Wildlife,Indore,Marathi,518597,Pune Airport,20125,Winter,Summer,4.31,4,51.27,79.5,5.1,35.54,64,5,Difficult,false,false,false,37,6066,131,false,3,22.5,1441.4,3,3,7,Holi,Chole Bhature,54,false,2,15884622,true,3,5,false,75,2,false,true,January
DST3411,Place_2411,Himachal Pradesh,East,Heritage,Food,Delhi,Hindi,998728,Chhatrapati Shivaji Maharaj International Airport,1997,Monsoon,Monsoon,7.23,12,41.7,80.76,30.87,56.78,51,2,Moderate,false,true,false,54,7645,154,true,4,25.3,2371.3,10,7,3,Lohri,Biryani,61,true,6,32557267,true,4,2,true,51,5,true,false,March
DST3412,Place_2412,Goa,South,Urban,Scenery,Goa,Malayalam,447238,Cochin International Airport,48923,Monsoon,Summer,9.87,8,82.13,71.65,26.53,41.56,2,5,Moderate,false,true,true,67,3414,189,false,1,24.8,1828,2,4,5,Bihu,Sarson da Saag,67,false,7,2099038,true,2,3,true,17,3,true,false,March
DST3413,Place_2413,Maharashtra,Northeast,Beach,Food,Goa,Hindi,974337,Pune Airport,7353,Monsoon,Monsoon,9.91,9,53.24,64.41,39.81,47.38,76,3,Moderate,true,false,false,54,2087,80,true,4,17,2133.5,4,8,5,Eid,Momos,12,false,3,9396017,true,3,5,true,59,1,false,true,October
DST3414,Place_2414,Himachal Pradesh,Northeast,Urban,Temples,Pune,Tamil,592402,Kempegowda International Airport,19703,Monsoon,Monsoon,12.09,6,57.95,83.9,8.15,43.23,134,4,Moderate,false,true,false,97,4874,66,false,3,24.2,2098.9,8,5,8,Holi,Sarson da Saag,10,true,9,22451076,true,2,4,true,19,5,true,true,January
DST3415,Place_2415,Himachal Pradesh,West,Heritage,Culture,Ahmedabad,Bengali,589706,Jaipur International Airport,36975,Winter,Summer,5.02,3,80.46,60.02,33.4,42.02,325,3,Difficult,false,true,false,78,4160,39,false,1,31.5,1679,9,3,9,Durga Puja,Vada Pav,64,true,4,5268213,true,4,3,true,82,3,true,false,May
DST3416,Place_2416,Rajasthan,North,Hill Station,Temples,Kolkata,Tamil,387551,Cochin International Airport,10275,Monsoon,Summer,11.78,4,46,71.51,37.69,55.68,69,3,Moderate,true,false,true,40,7499,153,true,1,19.3,1015.3,6,6,1,Navratri,Vada Pav,54,false,2,38478074,false,3,4,true,61,5,true,false,October
DST3417,Place_2417,Goa,West,Heritage,Wildlife,Chennai,Malayalam,948984,Raja Bhoj Airport,20965,Winter,Summer,7.16,10,63.06,67.63,36.92,27.82,161,1,Easy,true,true,false,82,3693,123,false,4,29,1323,7,6,2,Diwali,Biryani,66,false,8,28038453,true,2,1,false,20,1,true,true,May
DST3418,Place_2418,Assam,West,Wildlife,Culture,Hyderabad,Tamil,267011,Cochin International Airport,33419,Winter,Summer,10.38,14,46.12,73.6,24.62,31.38,95,4,Difficult,true,false,false,90,3903,131,false,4,14.6,1203.8,1,6,5,Ganesh Chaturthi,Dosa,26,true,6,31530778,true,3,5,true,13,2,false,true,January
DST3419,Place_2419,Himachal Pradesh,West,Wildlife,Scenery,Ahmedabad,Marathi,716591,Goa International Airport,49642,Summer,Winter,7.38,12,62.09,70.89,16.46,28.99,15,1,Moderate,false,false,true,96,7051,113,false,2,18.3,329.3,5,8,1,Holi,Biryani,38,true,4,42673133,true,1,1,true,39,3,false,true,March
DST3420,Place_2420,Assam,North,Urban,Culture,Bengaluru,Hindi,359153,Indira Gandhi International Airport,36854,Winter,Summer,14.28,14,42.36,84.65,27.4,48.26,229,1,Moderate,true,true,true,75,6376,112,false,4,36.5,2705.5,6,1,6,Navratri,Biryani,27,true,8,34749389,true,3,3,false,46,2,false,false,January
DST3421,Place_2421,Maharashtra,North,Urban,Food,Pune,Malayalam,519386,Chaudhary Charan Singh International Airport,16973,Winter,Winter,3.51,11,65.88,69.11,15.71,53.42,391,5,Moderate,true,false,true,54,1220,164,true,5,28.8,1961.4,10,10,6,Navratri,Idli,18,true,3,28145168,false,3,4,false,26,1,true,false,December
DST3422,Place_2422,Rajasthan,Central,Beach,Food,Delhi,Marathi,696196,Jaipur International Airport,24550,Summer,Monsoon,10.45,8,79.79,79.63,19.43,27.88,404,2,Difficult,false,true,false,45,7416,83,true,2,12.6,2585.8,6,1,3,Navratri,Chole Bhature,99,true,9,32666141,false,5,5,false,18,5,false,true,January
DST3423,Place_2423,Kerala,South,Beach,Culture,Mumbai,Hindi,224506,Netaji Subhas Chandra Bose International Airport,27878,Monsoon,Winter,9.07,14,73.81,75.95,20.6,17.12,376,3,Moderate,true,true,false,74,4012,107,true,4,17.9,2350.6,6,10,4,Onam,Kebabs,97,false,2,19796675,false,5,2,false,15,4,false,true,October
DST3424,Place_2424,Assam,South,Wildlife,Wildlife,Goa,Marathi,384513,Chhatrapati Shivaji Maharaj International Airport,18105,Monsoon,Monsoon,3.42,2,65.46,88.04,15.57,34.71,266,4,Difficult,true,true,false,31,8544,184,true,1,39.8,298.1,7,7,3,Holi,Idli,85,true,5,47256617,false,4,1,true,78,1,true,true,March
DST3425,Place_2425,Himachal Pradesh,Central,Hill Station,Food,Delhi,Tamil,892332,Chennai International Airport,48638,Winter,Winter,1.92,4,81.44,74.98,16.96,59.22,305,3,Easy,false,true,true,34,6366,23,true,4,18.1,727.3,4,3,5,Holi,Rogan Josh,24,true,8,29531907,true,4,5,false,58,1,false,true,March
DST3426,Place_2426,Maharashtra,Central,Heritage,Food,Jaipur,Malayalam,140733,Chaudhary Charan Singh International Airport,34922,Summer,Winter,12.19,10,51.39,90.24,5.26,20.18,342,1,Moderate,true,true,false,36,9049,139,false,3,27.4,2857.1,5,8,9,Lohri,Biryani,87,true,4,43543682,true,4,2,true,10,3,true,false,March
DST3427,Place_2427,Tamil Nadu,Northeast,Beach,Scenery,Chennai,Tamil,973668,Jaipur International Airport,17029,Winter,Monsoon,3.2,8,81.54,60.01,15.4,32.6,5,2,Difficult,false,false,true,87,6689,176,false,2,26.5,1439.6,6,3,10,Diwali,Momos,18,false,2,6188870,true,2,3,true,27,4,true,false,December
DST3428,Place_2428,Maharashtra,West,Beach,Culture,Goa,Bengali,862129,Lokpriya Gopinath Bordoloi International Airport,40935,Winter,Winter,3.61,13,53.82,81.17,21.53,23.57,109,1,Easy,true,false,false,26,5268,64,false,1,22.1,2454.6,9,6,3,Holi,Pav Bhaji,40,false,9,32533939,false,4,2,true,23,3,true,true,August
DST3429,Place_2429,Maharashtra,Central,Hill Station,Food,Pune,Malayalam,755949,Netaji Subhas Chandra Bose International Airport,33784,Monsoon,Monsoon,14.7,14,58.12,60.34,11.06,56.13,142,3,Difficult,true,false,false,89,6447,35,true,4,11,1768.9,4,1,2,Durga Puja,Vada Pav,11,true,8,40846182,false,4,3,false,21,3,false,true,January
DST3430,Place_2430,Rajasthan,East,Hill Station,Wildlife,Bengaluru,Tamil,946476,Sardar Vallabhbhai Patel International Airport,32601,Summer,Summer,11.04,14,46.42,84.99,33.2,37.55,394,5,Moderate,true,true,false,73,5218,53,true,3,18.5,2488.3,4,2,6,Lohri,Vada Pav,63,false,6,32868642,true,5,1,false,77,2,false,false,March
DST3431,Place_2431,Kerala,South,Urban,Temples,Ahmedabad,Malayalam,825959,Rajiv Gandhi International Airport,40865,Winter,Monsoon,4.51,14,45.09,68.22,23.82,38.94,154,3,Difficult,false,false,false,25,1635,78,true,2,38.6,2230.4,7,7,10,Navratri,Kebabs,57,true,5,48081292,false,3,2,true,81,1,true,true,August
DST3432,Place_2432,Tamil Nadu,Central,Heritage,Culture,Indore,Hindi,971985,Chhatrapati Shivaji Maharaj International Airport,32545,Monsoon,Winter,9.27,3,86.61,73.3,32.79,10.41,206,1,Moderate,true,true,false,60,3737,47,true,2,10.6,911.2,1,6,1,Onam,Kebabs,10,true,4,48461667,true,4,4,false,79,1,false,true,October
DST3433,Place_2433,Goa,East,Hill Station,Scenery,Delhi,Malayalam,839270,Chennai International Airport,14165,Winter,Summer,8.48,7,49.5,73.32,9.48,42.64,428,4,Difficult,true,true,true,88,6350,89,false,2,31.5,2974.5,7,1,9,Onam,Chole Bhature,72,false,7,19099931,false,4,4,false,69,1,false,false,December
DST3434,Place_2434,Goa,East,Beach,Food,Pune,Malayalam,450579,Indira Gandhi International Airport,19616,Monsoon,Winter,12.82,10,56.66,89.62,33.72,25.32,165,4,Easy,true,false,false,35,3696,21,true,1,36.8,1522.5,8,10,10,Eid,Idli,43,false,7,40560185,false,3,4,false,93,4,true,false,December
DST3435,Place_2435,Assam,East,Beach,Wildlife,Bhopal,Hindi,149008,Pune Airport,12654,Summer,Summer,11.21,5,66.46,63.57,38.54,35.67,259,4,Moderate,true,false,false,63,9692,114,true,4,32.9,1796.5,2,7,3,Diwali,Idli,96,false,5,23716915,true,5,3,true,96,2,true,false,August
DST3436,Place_2436,Maharashtra,Northeast,Wildlife,Culture,Ahmedabad,Tamil,623343,Rajiv Gandhi International Airport,18830,Winter,Monsoon,12.64,11,57.39,83.34,17.34,36.55,461,4,Easy,true,false,true,74,2656,117,false,1,19.7,1667.3,4,4,3,Diwali,Dosa,74,true,4,32077663,false,5,2,true,90,4,true,false,December
DST3437,Place_2437,Rajasthan,Northeast,Hill Station,Wildlife,Cochin,Malayalam,691082,Chhatrapati Shivaji Maharaj International Airport,17205,Summer,Summer,3.96,3,83.51,94.34,14.94,39.61,172,4,Moderate,true,true,false,99,4358,26,true,5,25.6,2667,4,1,8,Lohri,Idli,20,false,7,49007915,false,3,5,false,74,5,false,true,October
DST3438,Place_2438,Rajasthan,East,Urban,Wildlife,Chennai,Marathi,179134,Chaudhary Charan Singh International Airport,43425,Monsoon,Summer,9.96,4,85.04,60.78,27.64,51.18,393,2,Difficult,false,true,true,47,7464,34,true,4,36,911.7,10,9,6,Ganesh Chaturthi,Rogan Josh,18,true,8,2357005,true,5,2,false,62,3,false,false,May
DST3439,Place_2439,Goa,Northeast,Heritage,Scenery,Cochin,Malayalam,415034,Sardar Vallabhbhai Patel International Airport,12959,Summer,Summer,1.56,8,56.3,93.81,27.26,24.95,120,2,Easy,false,false,false,92,2896,97,true,5,39.3,279,10,3,3,Holi,Dosa,16,true,3,39647458,true,5,2,false,48,3,false,false,December
DST3440,Place_2440,Assam,West,Urban,Culture,Goa,Tamil,477403,Cochin International Airport,23158,Summer,Winter,1.97,5,44.6,60.64,8.94,22.81,437,5,Moderate,false,false,true,58,3108,148,true,4,12.9,1341.5,6,9,6,Ganesh Chaturthi,Sarson da Saag,55,true,7,41142181,false,1,1,false,58,4,true,false,January
DST3441,Place_2441,Assam,East,Beach,Food,Hyderabad,Hindi,534720,Goa International Airport,12819,Summer,Summer,10.99,8,50.51,89.44,37.44,49.79,412,4,Easy,false,true,true,22,1125,155,false,2,13.7,2763.1,7,7,6,Lohri,Idli,46,false,6,35870574,true,2,5,true,87,4,false,true,August
DST3442,Place_2442,Assam,West,Urban,Scenery,Mumbai,Tamil,546590,Indira Gandhi International Airport,36851,Winter,Monsoon,1.34,6,63.72,93.64,21.77,45.94,139,1,Easy,false,false,true,59,4775,173,true,1,38.7,1374,7,8,3,Navratri,Chole Bhature,97,false,6,33741691,false,3,4,true,11,3,true,true,October
DST3443,Place_2443,Tamil Nadu,West,Beach,Food,Chennai,Bengali,391548,Kempegowda International Airport,43503,Monsoon,Monsoon,9.12,9,54.42,94.76,31.75,21.28,439,1,Moderate,true,true,false,33,5287,12,false,5,36.2,904.9,4,7,6,Pongal,Kebabs,58,false,3,12065284,true,2,3,true,25,2,false,false,May
DST3444,Place_2444,Kerala,East,Beach,Temples,Cochin,Malayalam,427367,Raja Bhoj Airport,7952,Summer,Monsoon,12.77,9,62.67,76.07,17.58,10.04,167,3,Difficult,false,true,true,65,3240,92,false,2,16.3,1893.6,3,10,10,Diwali,Momos,17,true,4,22619199,true,3,5,true,57,2,true,true,March
DST3445,Place_2445,Tamil Nadu,South,Beach,Wildlife,Jaipur,Malayalam,887069,Jaipur International Airport,25225,Winter,Summer,6.32,6,77.94,90.34,14.15,43.3,83,4,Easy,true,true,false,55,1588,79,true,2,39.1,2238.9,4,9,8,Navratri,Idli,70,true,9,4909515,false,1,4,true,54,3,false,false,May
DST3446,Place_2446,Himachal Pradesh,East,Beach,Temples,Lucknow,Hindi,845512,Devi Ahilya Bai Holkar Airport,48405,Monsoon,Monsoon,1.63,8,61.03,64.28,8.89,17.86,420,1,Moderate,false,true,false,80,4094,96,true,5,16.3,1442,9,3,9,Eid,Vada Pav,45,true,4,12781030,false,3,3,true,35,5,true,false,March
DST3447,Place_2447,Himachal Pradesh,East,Beach,Wildlife,Hyderabad,Malayalam,465330,Lokpriya Gopinath Bordoloi International Airport,43231,Monsoon,Winter,10.99,12,49.85,74.89,14.61,57.85,193,5,Easy,true,true,true,16,9934,80,false,4,12.7,1202.1,10,8,3,Durga Puja,Vada Pav,11,false,6,49910451,true,3,5,false,20,4,false,true,October
DST3448,Place_2448,Kerala,Northeast,Wildlife,Scenery,Guwahati,Marathi,377972,Jaipur International Airport,6391,Monsoon,Monsoon,14.02,7,57.9,70.78,39.77,40.22,275,1,Easy,false,false,true,97,7526,120,true,5,30.5,1157.1,7,2,2,Pongal,Idli,54,true,2,13432573,false,3,3,true,64,1,true,true,January
DST3449,Place_2449,Goa,East,Urban,Food,Jaipur,Marathi,284616,Indira Gandhi International Airport,15468,Summer,Summer,11.04,14,77.15,73.83,28.03,52.48,267,5,Difficult,true,false,false,65,4227,117,true,1,26.2,1321.8,3,4,10,Lohri,Vada Pav,15,true,7,9482154,false,1,3,false,22,5,false,false,May
DST3450,Place_2450,Kerala,South,Wildlife,Food,Cochin,Tamil,584948,Kempegowda International Airport,16091,Summer,Monsoon,9.1,9,61.2,84.57,33.1,50.28,37,4,Moderate,true,false,true,75,2703,18,true,3,17.2,2543.7,3,10,10,Lohri,Biryani,46,false,8,26819640,true,5,4,false,36,2,false,true,December
DST3451,Place_2451,Rajasthan,Northeast,Wildlife,Scenery,Delhi,Hindi,726264,Goa International Airport,31237,Summer,Summer,4.22,10,52.48,63.06,38.55,37.89,413,3,Moderate,false,true,true,20,7847,137,true,4,37.8,1499.4,5,4,7,Lohri,Rogan Josh,66,true,4,10712816,false,4,1,true,71,1,false,false,October
DST3452,Place_2452,Himachal Pradesh,North,Hill Station,Culture,Hyderabad,Bengali,669385,Cochin International Airport,48732,Monsoon,Summer,1.22,6,61.37,94.94,7.76,31.92,302,3,Easy,false,false,false,16,7217,131,true,2,22.1,1011.6,8,6,8,Holi,Dosa,85,false,3,46413996,false,2,4,true,21,1,true,false,October
DST3453,Place_2453,Maharashtra,North,Hill Station,Temples,Jaipur,Tamil,737559,Jaipur International Airport,9964,Monsoon,Monsoon,10.73,8,62.74,82.23,10.76,34.84,337,2,Difficult,true,false,true,66,9043,56,true,5,22.1,628.7,5,3,9,Holi,Rogan Josh,28,false,9,6588817,false,2,5,false,72,5,true,false,October
DST3454,Place_2454,Maharashtra,West,Hill Station,Temples,Hyderabad,Hindi,918454,Chhatrapati Shivaji Maharaj International Airport,41682,Summer,Winter,4.23,2,54.82,90.57,37.48,50.15,241,4,Difficult,false,false,true,89,2505,187,false,3,29,919.6,6,1,1,Durga Puja,Rogan Josh,61,false,6,20282290,false,2,4,false,12,5,true,true,March
DST3455,Place_2455,Goa,West,Heritage,Food,Chennai,Hindi,656490,Indira Gandhi International Airport,48244,Summer,Winter,13.01,12,89.78,89.04,24.76,42.02,329,1,Difficult,false,true,true,72,8032,73,true,5,16.9,1441.9,9,10,1,Bihu,Sarson da Saag,92,false,9,3674505,true,4,4,true,13,4,true,false,January
DST3456,Place_2456,Rajasthan,South,Hill Station,Food,Goa,Tamil,128704,Goa International Airport,27968,Monsoon,Monsoon,7.53,9,78.38,86.81,27.22,20.29,198,3,Moderate,true,false,true,64,3244,118,false,3,27.6,1688.7,9,8,1,Eid,Sarson da Saag,40,false,8,17129221,false,5,4,false,24,5,false,true,May
DST3457,Place_2457,Tamil Nadu,Central,Urban,Food,Pune,Tamil,191411,Indira Gandhi International Airport,41205,Monsoon,Summer,8.43,4,74.62,61.37,19.97,40.47,297,5,Moderate,true,false,false,85,8080,121,false,4,20.9,1902.3,6,9,4,Holi,Sarson da Saag,56,false,3,10361516,true,1,5,false,56,3,true,false,December
DST3458,Place_2458,Rajasthan,North,Wildlife,Scenery,Mumbai,Malayalam,753976,Chaudhary Charan Singh International Airport,12371,Winter,Monsoon,11.56,2,82.74,78.08,33.51,30.23,4,5,Easy,true,true,true,32,4135,56,false,5,30.9,307,5,7,3,Lohri,Vada Pav,48,true,3,12387990,false,3,5,true,87,2,false,true,December
DST3459,Place_2459,Maharashtra,West,Urban,Culture,Mumbai,Bengali,647929,Raja Bhoj Airport,43541,Winter,Summer,11.91,7,73.32,71.49,23.1,13.06,431,1,Difficult,false,false,false,68,7085,84,true,5,17.4,1878.2,8,9,7,Ganesh Chaturthi,Dosa,60,false,4,27259206,true,3,3,true,33,4,true,false,March
DST3460,Place_2460,Maharashtra,North,Hill Station,Temples,Jaipur,Marathi,399623,Kempegowda International Airport,26681,Summer,Summer,10,14,79.55,63.95,33.91,29.06,476,1,Difficult,true,false,false,99,8232,134,false,3,15.6,1120.8,1,6,6,Ganesh Chaturthi,Chole Bhature,64,true,7,31043946,false,5,3,false,50,4,false,false,January
DST3461,Place_2461,Himachal Pradesh,South,Heritage,Wildlife,Jaipur,Malayalam,309843,Chaudhary Charan Singh International Airport,29285,Monsoon,Summer,14.14,9,60.63,72,39.73,21.38,370,4,Moderate,true,true,false,76,8942,51,false,1,17.5,845.2,3,3,3,Holi,Rogan Josh,30,true,3,20896184,true,1,5,true,79,3,false,false,January
DST3462,Place_2462,Rajasthan,South,Heritage,Scenery,Hyderabad,Hindi,908459,Kempegowda International Airport,38971,Monsoon,Winter,14.75,12,65.02,82.57,27.64,51.93,382,1,Easy,false,false,true,54,9360,58,false,2,38.1,1060.1,6,9,3,Navratri,Kebabs,42,false,6,5810028,true,3,3,false,84,1,true,false,March
DST3463,Place_2463,Rajasthan,Central,Wildlife,Temples,Guwahati,Bengali,405056,Chaudhary Charan Singh International Airport,16430,Winter,Winter,14.26,4,42.35,68.07,23.51,15.25,354,1,Moderate,true,true,false,30,1176,39,true,3,35.5,2375,8,1,5,Navratri,Vada Pav,30,false,2,42087684,true,1,4,true,25,5,false,true,May
DST3464,Place_2464,Maharashtra,Central,Urban,Culture,Delhi,Bengali,606313,Lokpriya Gopinath Bordoloi International Airport,46230,Monsoon,Monsoon,12.54,2,54.03,75.56,17.78,28.03,102,1,Moderate,true,false,false,44,2168,17,false,5,34.9,2429.5,6,1,4,Navratri,Dosa,19,true,6,27730270,true,5,2,false,86,1,false,true,March
DST3465,Place_2465,Tamil Nadu,Northeast,Beach,Scenery,Guwahati,Tamil,470371,Indira Gandhi International Airport,10033,Summer,Winter,10.88,4,58.4,74.16,11.81,44.77,434,3,Easy,false,true,true,59,1586,174,false,3,33.4,400.9,10,2,9,Holi,Idli,13,false,5,39332050,false,5,2,false,84,2,false,true,January
DST3466,Place_2466,Goa,South,Urban,Temples,Jaipur,Bengali,585774,Pune Airport,20918,Winter,Summer,10.29,6,71.27,61.84,27.98,54.87,395,4,Difficult,true,true,false,35,1054,94,true,3,29.1,1534.6,6,4,1,Durga Puja,Dosa,57,false,6,19611826,true,5,3,true,91,2,false,true,May
DST3467,Place_2467,Assam,West,Hill Station,Scenery,Bhopal,Bengali,302546,Pune Airport,19256,Monsoon,Summer,2.45,12,63.21,81.98,7.19,26.77,137,1,Difficult,false,true,true,87,7777,17,true,5,13,1635.5,4,3,1,Onam,Rogan Josh,66,false,5,8661681,false,3,3,true,66,4,false,false,December
DST3468,Place_2468,Goa,North,Beach,Temples,Hyderabad,Hindi,228773,Pune Airport,49522,Monsoon,Monsoon,4.8,9,70.39,81.66,38.47,40.32,292,1,Easy,false,true,true,75,9327,137,false,5,19.7,187.6,7,1,5,Bihu,Momos,21,false,4,47096674,true,1,1,true,50,5,false,true,October
DST3469,Place_2469,Rajasthan,East,Heritage,Temples,Kolkata,Malayalam,209658,Indira Gandhi International Airport,32188,Summer,Summer,1.08,10,75.67,93.82,27.66,28.68,380,5,Difficult,true,false,false,9,8539,20,false,1,26.9,2179.5,7,7,8,Holi,Dosa,19,true,5,47937770,true,2,4,true,56,1,true,false,October
DST3470,Place_2470,Goa,Central,Wildlife,Culture,Cochin,Bengali,666980,Devi Ahilya Bai Holkar Airport,37088,Monsoon,Monsoon,2.92,14,42.14,70.43,38.58,20.14,65,3,Easy,true,true,true,17,6142,130,true,1,13.2,1163.7,1,4,4,Pongal,Dosa,76,false,2,23500479,false,2,4,true,55,5,false,true,August
DST3471,Place_2471,Maharashtra,East,Wildlife,Wildlife,Mumbai,Tamil,723172,Lokpriya Gopinath Bordoloi International Airport,15979,Winter,Monsoon,7.15,13,52.91,74.66,14.53,26.29,66,1,Easy,false,true,false,22,9729,195,true,1,10.9,1312.2,3,1,9,Ganesh Chaturthi,Dosa,17,false,8,3228091,true,3,1,false,83,4,true,false,August
DST3472,Place_2472,Maharashtra,West,Heritage,Culture,Cochin,Malayalam,656497,Jaipur International Airport,3728,Winter,Summer,3.05,10,48.55,74.13,38.13,41.8,269,3,Moderate,false,false,true,86,8927,130,true,5,12.8,1868.8,9,6,7,Bihu,Vada Pav,78,true,8,14596375,false,4,1,true,71,4,false,false,October
DST3473,Place_2473,Rajasthan,Central,Hill Station,Temples,Jaipur,Tamil,812923,Goa International Airport,2595,Monsoon,Winter,13.62,5,49.37,92.19,26.42,45.82,46,4,Difficult,false,false,false,54,3207,171,false,4,13.2,1459.9,6,6,3,Navratri,Rogan Josh,31,false,4,38893265,true,4,2,true,45,1,false,false,March
DST3474,Place_2474,Rajasthan,East,Heritage,Scenery,Chennai,Bengali,943170,Sardar Vallabhbhai Patel International Airport,33624,Monsoon,Summer,12.28,9,65.16,74.3,33.36,28.53,403,4,Difficult,false,false,false,88,3565,176,true,1,13.3,2269.1,4,1,6,Holi,Momos,44,true,8,49355132,false,5,4,true,39,5,false,false,August
DST3475,Place_2475,Assam,West,Hill Station,Culture,Indore,Malayalam,399386,Cochin International Airport,32568,Monsoon,Summer,2,12,77,75.5,11.26,17.63,364,2,Easy,false,true,true,91,2728,153,false,2,15.7,1828,8,7,6,Onam,Chole Bhature,96,true,8,1329527,false,1,4,true,24,3,true,true,December
DST3476,Place_2476,Assam,North,Beach,Wildlife,Bengaluru,Bengali,207966,Chennai International Airport,3288,Monsoon,Monsoon,4.48,6,53.64,68.83,22.5,16.98,368,5,Moderate,false,false,false,40,6496,80,false,4,25,755.5,7,8,5,Bihu,Biryani,13,false,2,4608353,true,2,5,false,27,2,true,false,August
DST3477,Place_2477,Himachal Pradesh,West,Heritage,Temples,Hyderabad,Hindi,793187,Sardar Vallabhbhai Patel International Airport,40613,Winter,Winter,12.47,4,81.22,60.04,24.91,50.63,179,2,Moderate,false,true,false,56,1707,141,true,1,18.6,2624.4,10,5,8,Onam,Idli,25,false,9,17706208,false,5,4,true,38,2,false,true,May
DST3478,Place_2478,Rajasthan,Northeast,Hill Station,Culture,Mumbai,Malayalam,277297,Pune Airport,41431,Summer,Monsoon,12.24,6,84.62,63.87,18.75,42.66,67,3,Difficult,true,false,true,37,2240,105,false,2,35.8,725.8,6,10,1,Ganesh Chaturthi,Sarson da Saag,46,true,8,19888086,false,3,2,true,67,2,true,false,March
DST3479,Place_2479,Tamil Nadu,Central,Beach,Culture,Bhopal,Tamil,792456,Jaipur International Airport,30011,Winter,Summer,14.24,3,57.53,84.64,13.86,46.4,114,5,Easy,false,false,true,68,5359,110,false,5,36.3,2169.2,4,7,10,Holi,Momos,31,false,5,45263729,true,4,2,false,31,4,true,false,March
DST3480,Place_2480,Goa,South,Heritage,Culture,Jaipur,Hindi,805906,Indira Gandhi International Airport,18127,Monsoon,Monsoon,14.97,12,74.07,83.89,36.67,34.41,25,1,Difficult,true,false,true,75,2575,183,false,2,37.6,2397.4,4,8,4,Lohri,Pav Bhaji,94,false,4,10273251,true,3,1,false,64,3,false,true,March
DST3481,Place_2481,Rajasthan,North,Wildlife,Culture,Bhopal,Marathi,952889,Netaji Subhas Chandra Bose International Airport,18878,Monsoon,Monsoon,14.67,12,45.85,71.29,7.98,32.87,46,5,Difficult,false,true,false,73,3989,31,true,1,24.1,2096,8,7,7,Ganesh Chaturthi,Kebabs,71,false,5,14377241,true,1,2,true,32,4,true,true,May
DST3482,Place_2482,Kerala,East,Heritage,Scenery,Pune,Tamil,491401,Jaipur International Airport,7944,Winter,Summer,6.74,12,77.2,76.56,10.39,20.56,206,5,Moderate,true,true,true,77,7143,22,true,3,33.2,1323.2,3,3,6,Holi,Vada Pav,59,false,3,15468032,false,1,2,false,53,1,false,false,August
DST3483,Place_2483,Himachal Pradesh,Central,Urban,Wildlife,Hyderabad,Bengali,430453,Lokpriya Gopinath Bordoloi International Airport,13302,Winter,Monsoon,4.5,7,48.25,70.41,16.22,18.42,72,4,Moderate,true,true,false,34,5979,91,false,3,27.7,2646.1,9,10,7,Bihu,Biryani,69,false,2,27193190,false,1,5,false,79,5,false,true,December
DST3484,Place_2484,Kerala,South,Heritage,Wildlife,Delhi,Tamil,710784,Netaji Subhas Chandra Bose International Airport,43948,Monsoon,Summer,11.62,2,74.37,85.58,37.19,17.7,258,2,Moderate,false,true,true,72,7222,179,true,2,14.3,1050.3,8,10,3,Holi,Dosa,36,false,3,31503850,true,4,2,true,69,5,false,false,May
DST3485,Place_2485,Maharashtra,West,Urban,Temples,Bhopal,Marathi,785628,Indira Gandhi International Airport,1207,Winter,Monsoon,5.19,7,61.1,89.49,24.75,59.59,385,4,Moderate,false,true,false,93,6586,171,true,5,29.1,2092.5,4,2,3,Pongal,Rogan Josh,61,false,2,38828639,true,4,3,true,97,5,true,false,October
DST3486,Place_2486,Assam,South,Beach,Food,Jaipur,Tamil,840714,Chhatrapati Shivaji Maharaj International Airport,2083,Monsoon,Winter,12.29,14,86.42,91.47,18.06,51.04,486,4,Easy,true,true,true,26,5160,22,true,4,35.1,2645.2,3,9,1,Navratri,Kebabs,49,true,2,28715698,false,5,3,true,14,5,false,false,January
DST3487,Place_2487,Goa,Central,Heritage,Scenery,Hyderabad,Hindi,860397,Cochin International Airport,4311,Winter,Summer,8.48,6,63.22,66.09,19.09,41.31,424,2,Difficult,true,true,false,63,1568,166,true,3,20.4,550.7,4,5,7,Durga Puja,Dosa,81,false,4,6090139,false,3,1,false,96,4,true,false,October
DST3488,Place_2488,Rajasthan,Central,Beach,Temples,Jaipur,Tamil,210078,Kempegowda International Airport,24135,Monsoon,Winter,12.11,14,41.55,84.33,34.32,20.72,29,4,Moderate,true,true,true,12,2442,135,true,4,32.4,1992.6,2,9,4,Pongal,Idli,80,true,7,4463692,true,2,4,false,43,5,true,false,October
DST3489,Place_2489,Kerala,Northeast,Beach,Temples,Lucknow,Malayalam,888297,Goa International Airport,42356,Winter,Monsoon,4.86,10,64.03,93.71,5.94,26.88,420,5,Difficult,false,true,true,70,1946,184,true,5,33.2,2712.8,6,4,9,Durga Puja,Rogan Josh,39,false,3,34198011,false,2,4,true,21,1,true,true,December
DST3490,Place_2490,Goa,Northeast,Hill Station,Culture,Bengaluru,Marathi,196242,Chennai International Airport,32219,Monsoon,Winter,8.11,14,79.77,82.77,5.4,27.54,464,3,Easy,false,true,true,41,9243,104,true,3,29.3,398.9,3,1,5,Durga Puja,Momos,61,false,5,3549088,true,2,5,false,84,3,false,false,August
DST3491,Place_2491,Maharashtra,South,Beach,Food,Ahmedabad,Tamil,915319,Sardar Vallabhbhai Patel International Airport,17592,Summer,Winter,8.9,8,72.35,72.28,6.61,33.88,2,1,Moderate,false,true,true,60,7969,20,false,5,36.5,522.7,3,8,5,Diwali,Pav Bhaji,98,false,4,36861920,true,4,2,false,76,4,true,true,August
DST3492,Place_2492,Assam,West,Beach,Food,Ahmedabad,Marathi,543092,Chaudhary Charan Singh International Airport,47212,Summer,Winter,14.2,7,88.32,82.26,21.42,31.1,8,1,Easy,true,true,true,65,8193,72,true,1,14.3,1196.9,1,5,9,Holi,Sarson da Saag,47,false,7,6423740,false,5,2,true,97,1,false,false,January
DST3493,Place_2493,Tamil Nadu,South,Heritage,Scenery,Lucknow,Hindi,982479,Chaudhary Charan Singh International Airport,24932,Winter,Monsoon,4.73,12,82.16,84.09,25.34,56.71,7,4,Moderate,false,false,true,90,5487,111,true,4,35.3,2983.5,8,4,1,Lohri,Chole Bhature,24,false,2,17034828,true,1,2,true,50,1,false,true,August
DST3494,Place_2494,Himachal Pradesh,Central,Heritage,Food,Guwahati,Malayalam,788839,Kempegowda International Airport,20040,Summer,Summer,14.11,13,66.33,73.9,26.86,46.04,8,2,Difficult,false,false,false,69,1233,60,true,1,28.3,749.4,8,9,6,Onam,Vada Pav,37,true,5,48505071,false,1,2,true,17,2,false,true,March
DST3495,Place_2495,Goa,Central,Wildlife,Temples,Hyderabad,Bengali,228863,Jaipur International Airport,6850,Monsoon,Monsoon,12.27,8,50.33,63.64,30.59,14.07,375,5,Easy,false,false,true,46,5527,197,true,5,35.7,1041.7,9,9,8,Diwali,Vada Pav,68,false,2,49138300,false,5,2,true,11,3,true,true,October
DST3496,Place_2496,Goa,East,Hill Station,Food,Delhi,Tamil,140478,Chaudhary Charan Singh International Airport,32716,Winter,Monsoon,11.23,11,40.19,81.23,11.64,28,400,4,Moderate,true,false,true,53,5703,56,false,5,26,2521.8,5,2,1,Onam,Rogan Josh,49,false,2,40817534,true,4,3,false,67,2,true,false,January
DST3497,Place_2497,Tamil Nadu,Northeast,Beach,Food,Goa,Hindi,259574,Cochin International Airport,13719,Winter,Monsoon,12.02,6,89.03,88.07,14.18,16.65,151,5,Difficult,true,true,true,72,3551,13,true,2,19.8,479.2,4,1,10,Ganesh Chaturthi,Kebabs,82,true,5,21203448,true,2,5,false,46,5,true,true,January
DST3498,Place_2498,Goa,East,Hill Station,Wildlife,Jaipur,Marathi,875128,Rajiv Gandhi International Airport,22777,Monsoon,Summer,9.48,2,86.92,94.92,13.52,23.97,455,5,Difficult,true,false,true,13,5728,16,false,2,36.9,2989,9,8,9,Navratri,Rogan Josh,14,true,6,42637540,false,3,1,false,89,1,true,false,August
DST3499,Place_2499,Maharashtra,North,Urban,Temples,Hyderabad,Marathi,998182,Chaudhary Charan Singh International Airport,18022,Monsoon,Monsoon,4.42,10,53.71,67.81,10.22,57.94,141,1,Difficult,false,false,false,12,1615,96,true,3,36.3,2242.7,3,9,8,Bihu,Chole Bhature,95,false,5,29106074,false,4,1,false,69,2,false,true,January
DST3500,Place_2500,Maharashtra,Central,Beach,Food,Pune,Hindi,375538,Indira Gandhi International Airport,34996,Monsoon,Monsoon,3.65,6,71.91,84.51,13.55,45.26,437,3,Moderate,true,true,true,62,2924,40,true,1,18,2881.6,4,4,6,Bihu,Momos,48,true,9,27594947,false,2,3,true,50,1,false,true,January
DST3501,Place_2501,Tamil Nadu,East,Hill Station,Food,Bhopal,Tamil,329766,Kempegowda International Airport,28945,Winter,Summer,13.13,5,76.46,60.98,26.48,10.39,335,3,Difficult,true,true,false,90,8344,127,true,1,32.3,518.8,8,1,9,Holi,Vada Pav,65,false,8,35137319,true,1,2,false,81,5,false,false,March
DST3502,Place_2502,Himachal Pradesh,South,Wildlife,Culture,Delhi,Bengali,764622,Chennai International Airport,29788,Monsoon,Summer,11.15,7,68.9,93.94,17.82,26.44,273,2,Difficult,true,false,false,58,4928,95,true,5,12.7,774.1,2,7,3,Pongal,Sarson da Saag,88,true,9,44659448,true,5,2,false,45,5,true,false,October
DST3503,Place_2503,Rajasthan,Northeast,Wildlife,Food,Pune,Tamil,104487,Kempegowda International Airport,5019,Summer,Summer,3.98,6,82.15,60.44,31.88,31.94,496,3,Moderate,true,false,true,89,3345,39,false,2,12.6,1175.2,3,5,4,Ganesh Chaturthi,Pav Bhaji,44,false,4,11716989,true,5,4,false,87,3,true,true,January
DST3504,Place_2504,Kerala,Northeast,Beach,Food,Goa,Malayalam,782701,Chennai International Airport,10482,Winter,Winter,9.61,2,43.89,72.56,23.77,40.13,471,4,Easy,false,true,false,52,5889,166,true,4,25.3,247.9,3,5,3,Navratri,Rogan Josh,26,false,5,47122255,true,2,1,false,85,5,false,true,January
DST3505,Place_2505,Rajasthan,West,Urban,Wildlife,Lucknow,Tamil,358432,Rajiv Gandhi International Airport,47873,Monsoon,Summer,7.27,3,84.82,62.67,12.42,34.99,422,1,Difficult,true,false,false,58,3772,52,true,5,11.1,276,8,5,5,Onam,Chole Bhature,28,true,4,37317222,true,4,4,false,28,3,true,false,January
DST3506,Place_2506,Goa,South,Wildlife,Temples,Chennai,Malayalam,208924,Lokpriya Gopinath Bordoloi International Airport,19580,Winter,Winter,3.22,5,59.6,81.73,21.36,13.49,371,1,Moderate,false,true,true,32,1918,94,false,1,23,2721.1,2,10,1,Lohri,Rogan Josh,27,true,3,17637758,false,2,1,true,60,5,true,true,December
DST3507,Place_2507,Kerala,West,Wildlife,Scenery,Ahmedabad,Marathi,885484,Goa International Airport,10895,Summer,Winter,8.45,9,64.03,71.88,25.77,35.78,430,5,Easy,true,false,true,70,6195,159,false,1,33.7,224,8,9,1,Ganesh Chaturthi,Dosa,83,false,5,22861969,true,4,4,false,63,5,true,true,May
DST3508,Place_2508,Tamil Nadu,East,Urban,Temples,Ahmedabad,Malayalam,506786,Chaudhary Charan Singh International Airport,15135,Summer,Monsoon,4.94,6,62.24,85.65,35.32,16.51,26,4,Difficult,false,true,false,85,8718,185,false,5,36.7,2274.9,7,7,2,Pongal,Rogan Josh,11,true,7,33234255,true,1,2,true,86,3,false,true,December
DST3509,Place_2509,Tamil Nadu,North,Hill Station,Culture,Cochin,Bengali,681556,Lokpriya Gopinath Bordoloi International Airport,11387,Monsoon,Winter,2.35,8,66.56,77.02,34.18,35.96,347,4,Moderate,true,true,false,35,5855,113,false,5,17.6,2181.2,1,2,1,Holi,Vada Pav,75,false,3,31824110,true,5,2,false,38,2,true,true,March
DST3510,Place_2510,Himachal Pradesh,South,Wildlife,Temples,Jaipur,Hindi,129605,Kempegowda International Airport,30136,Winter,Monsoon,7.54,3,69.91,74.68,19.93,22.3,70,5,Moderate,true,false,false,17,7243,185,false,5,12.3,311.2,8,10,3,Holi,Kebabs,58,true,5,6827038,false,4,2,true,76,4,false,true,December
DST3511,Place_2511,Kerala,South,Heritage,Food,Bengaluru,Malayalam,695890,Cochin International Airport,18359,Monsoon,Winter,9.26,9,75.52,72.2,27.67,17.21,481,5,Difficult,false,false,false,63,1273,121,false,1,28.9,644.1,1,9,2,Navratri,Kebabs,89,false,9,36506198,false,1,5,false,17,2,true,false,October
DST3512,Place_2512,Maharashtra,South,Wildlife,Culture,Lucknow,Tamil,782083,Netaji Subhas Chandra Bose International Airport,48672,Winter,Summer,1.66,6,66.25,63.01,15.42,24.4,218,1,Easy,true,false,false,86,3345,194,true,4,17.9,1419,9,4,10,Navratri,Pav Bhaji,41,true,7,44373175,true,3,4,true,70,5,false,true,May
DST3513,Place_2513,Kerala,West,Hill Station,Temples,Hyderabad,Malayalam,300180,Pune Airport,7121,Monsoon,Monsoon,6.63,5,74.24,67.17,27.16,14.98,289,4,Easy,true,true,true,92,4073,159,true,1,10.7,1960.8,1,5,7,Navratri,Chole Bhature,47,true,9,6318009,false,2,5,false,65,1,false,false,January
DST3514,Place_2514,Goa,East,Hill Station,Culture,Lucknow,Marathi,964638,Lokpriya Gopinath Bordoloi International Airport,34796,Monsoon,Winter,4.61,10,56.91,82.37,36.95,24.2,255,3,Easy,false,false,true,35,4757,164,true,5,13.9,2697.9,5,2,8,Pongal,Biryani,35,true,4,45616055,true,4,5,true,87,4,false,false,August
DST3515,Place_2515,Maharashtra,South,Beach,Scenery,Hyderabad,Malayalam,193375,Cochin International Airport,17909,Winter,Monsoon,1.43,7,86.83,77.39,26.86,53.35,102,3,Difficult,false,true,true,37,7352,72,false,2,38.2,1627.8,8,3,2,Holi,Momos,62,true,7,32018095,true,2,4,false,16,5,false,true,January
DST3516,Place_2516,Assam,South,Heritage,Temples,Indore,Bengali,541923,Rajiv Gandhi International Airport,3327,Winter,Summer,2.76,5,43.23,62.45,15.63,25.36,146,1,Difficult,true,true,false,57,6690,13,true,4,36.3,2815.5,4,5,4,Eid,Pav Bhaji,59,false,9,2136321,true,2,2,true,77,3,true,false,March
DST3517,Place_2517,Assam,Northeast,Hill Station,Food,Guwahati,Malayalam,804388,Jaipur International Airport,19930,Summer,Winter,2.95,9,67.28,79.04,27.54,33.51,389,3,Easy,true,false,false,99,5792,99,false,3,34.9,651.7,6,1,8,Navratri,Kebabs,81,false,7,17457016,false,5,3,false,30,1,true,true,January
DST3518,Place_2518,Assam,North,Urban,Culture,Lucknow,Bengali,980369,Netaji Subhas Chandra Bose International Airport,36251,Summer,Winter,3.56,4,44.37,61.89,36.6,35.99,157,3,Easy,true,false,false,95,7589,131,true,1,20.2,1906.1,1,1,10,Onam,Sarson da Saag,78,true,3,33831653,true,2,1,true,54,4,false,false,December
DST3519,Place_2519,Tamil Nadu,Northeast,Heritage,Wildlife,Chennai,Tamil,681209,Chennai International Airport,36502,Winter,Summer,12.25,14,62.14,77.91,9.8,18.91,347,4,Easy,true,true,false,40,3888,12,true,4,31.4,2549.5,3,1,1,Ganesh Chaturthi,Biryani,41,false,6,6577674,true,3,4,true,21,4,false,false,August
DST3520,Place_2520,Kerala,Northeast,Heritage,Culture,Bhopal,Marathi,422904,Kempegowda International Airport,32547,Summer,Winter,7.15,11,52.88,93.77,21.89,32.09,139,4,Easy,true,false,true,89,3718,90,true,4,38.7,776.6,5,7,8,Eid,Rogan Josh,81,false,5,17777006,false,5,2,true,82,4,false,false,May
DST3521,Place_2521,Assam,North,Urban,Wildlife,Kolkata,Hindi,765609,Chennai International Airport,32688,Summer,Winter,3.06,3,86.85,70.76,16.24,52.65,142,2,Moderate,false,true,true,73,9788,177,true,5,27,2386.8,2,10,8,Bihu,Kebabs,31,true,4,37288719,true,2,5,false,16,1,false,false,March
DST3522,Place_2522,Rajasthan,East,Wildlife,Food,Indore,Tamil,692135,Chennai International Airport,43498,Winter,Monsoon,2.4,8,40.65,85.32,13.45,14.03,108,4,Difficult,true,true,false,79,5384,92,true,4,20,1260.8,1,4,2,Eid,Rogan Josh,56,false,4,10710639,false,3,2,true,54,1,false,true,May
DST3523,Place_2523,Himachal Pradesh,Northeast,Urban,Scenery,Bengaluru,Tamil,721835,Raja Bhoj Airport,43870,Winter,Winter,5.17,13,59.56,86.09,18.87,56.14,422,2,Easy,true,false,true,38,3239,91,false,1,34,2998.9,9,4,3,Lohri,Rogan Josh,10,true,8,44014696,false,4,4,true,44,3,false,false,August
DST3524,Place_2524,Rajasthan,East,Urban,Wildlife,Guwahati,Hindi,405983,Devi Ahilya Bai Holkar Airport,8304,Winter,Summer,12.17,5,79.1,74.17,18.79,53.56,358,4,Moderate,true,true,true,65,5361,165,false,2,22.9,365.5,8,3,9,Durga Puja,Biryani,84,false,2,19826418,true,1,4,true,49,1,false,false,October
DST3525,Place_2525,Assam,Northeast,Wildlife,Scenery,Hyderabad,Malayalam,860437,Cochin International Airport,5049,Monsoon,Winter,6.1,5,49.42,80.77,12.37,52.79,319,5,Easy,true,true,false,64,4844,126,true,4,27.3,1704.5,3,2,10,Holi,Vada Pav,47,true,4,34947684,false,3,1,false,20,1,true,false,May
DST3526,Place_2526,Himachal Pradesh,Central,Wildlife,Culture,Bengaluru,Malayalam,663961,Cochin International Airport,15947,Winter,Monsoon,3.24,11,80.78,76.52,19.13,19.93,63,4,Easy,true,false,false,7,7386,152,false,1,26.2,2370.8,6,4,5,Holi,Rogan Josh,64,false,8,10993364,false,4,1,false,51,2,true,false,December
DST3527,Place_2527,Goa,North,Wildlife,Food,Delhi,Malayalam,627930,Rajiv Gandhi International Airport,10495,Winter,Winter,6.66,10,82.99,69.92,27.18,34.22,270,2,Moderate,false,true,false,10,5773,60,true,5,16.5,2061,8,2,7,Durga Puja,Biryani,15,false,4,7965384,true,4,4,false,11,3,true,true,May
DST3528,Place_2528,Rajasthan,Northeast,Wildlife,Wildlife,Lucknow,Marathi,607866,Cochin International Airport,25707,Winter,Monsoon,8.77,3,75.4,86.42,5.9,40.81,185,3,Easy,true,true,true,24,5776,163,true,4,10,1566.2,6,7,5,Lohri,Idli,93,false,5,25549771,true,4,1,false,43,3,false,true,January
DST3529,Place_2529,Kerala,Central,Wildlife,Culture,Cochin,Tamil,413905,Netaji Subhas Chandra Bose International Airport,34160,Summer,Winter,1.41,2,50.45,84.6,39.62,15,355,4,Easy,true,true,true,8,9892,44,true,3,40,1588,8,10,10,Navratri,Sarson da Saag,29,true,3,45054040,true,1,5,false,63,4,false,false,March
DST3530,Place_2530,Kerala,West,Urban,Temples,Jaipur,Bengali,633910,Kempegowda International Airport,45544,Winter,Monsoon,9.79,8,53.6,91.52,15.36,37.84,322,3,Moderate,false,false,false,57,5915,135,false,3,22.5,1275.7,3,6,2,Onam,Vada Pav,71,false,7,13471060,true,2,2,false,89,5,true,false,March
DST3531,Place_2531,Rajasthan,Central,Beach,Culture,Mumbai,Hindi,148423,Chaudhary Charan Singh International Airport,44635,Summer,Monsoon,6.53,13,48.35,81.63,26.83,52,0,3,Moderate,true,false,true,75,6559,89,true,2,18.5,1092.7,4,6,2,Durga Puja,Chole Bhature,27,true,8,46997593,true,2,3,false,60,4,true,false,October
DST3532,Place_2532,Assam,South,Beach,Scenery,Delhi,Tamil,667161,Chhatrapati Shivaji Maharaj International Airport,31706,Monsoon,Winter,1.14,9,49.2,73.61,14.92,56.83,6,4,Moderate,true,true,false,66,2633,24,false,5,33,1821.6,8,2,1,Lohri,Biryani,91,false,5,36251453,true,2,2,true,41,3,true,true,December
DST3533,Place_2533,Kerala,Northeast,Hill Station,Food,Pune,Malayalam,859904,Sardar Vallabhbhai Patel International Airport,36234,Winter,Summer,10.43,4,41.82,84.99,18.77,23.92,392,4,Moderate,true,false,true,85,5681,142,false,1,27.8,2270.3,10,5,6,Durga Puja,Idli,80,false,5,12649141,true,3,2,false,88,3,false,true,October
DST3534,Place_2534,Goa,Central,Beach,Food,Indore,Hindi,147565,Sardar Vallabhbhai Patel International Airport,34993,Winter,Summer,10.97,3,82.87,81.67,24.22,24.44,0,5,Moderate,false,false,true,42,9269,183,true,4,36.4,909.9,10,10,7,Navratri,Biryani,41,false,9,7326424,false,1,4,false,83,5,false,true,May
DST3535,Place_2535,Maharashtra,East,Beach,Culture,Ahmedabad,Bengali,763166,Cochin International Airport,15987,Summer,Winter,9.8,5,66.43,81.58,26.41,23.54,260,2,Easy,false,false,true,40,4745,33,false,1,33.4,2845.2,8,8,5,Onam,Momos,99,false,6,7471079,true,5,3,false,21,5,false,true,October
DST3536,Place_2536,Assam,West,Urban,Temples,Cochin,Tamil,887189,Rajiv Gandhi International Airport,20089,Monsoon,Winter,5.79,3,56.39,89.74,31.97,17.67,46,4,Difficult,false,false,false,38,3746,11,true,3,18.5,1158,6,2,3,Navratri,Sarson da Saag,33,true,9,38754977,true,1,1,true,22,5,false,true,March
DST3537,Place_2537,Goa,Northeast,Wildlife,Scenery,Mumbai,Tamil,585462,Jaipur International Airport,1461,Winter,Winter,8.41,13,54.48,91.87,32.71,31.54,355,3,Moderate,true,true,false,10,4285,196,true,5,27.8,1358.5,10,8,10,Holi,Rogan Josh,63,true,7,37792497,true,5,1,false,39,5,true,false,March
DST3538,Place_2538,Himachal Pradesh,South,Wildlife,Culture,Chennai,Marathi,106220,Cochin International Airport,10993,Monsoon,Winter,6.42,3,67.23,66.31,23.15,49.22,265,3,Difficult,true,false,false,70,4250,173,false,1,25.1,1292.3,6,9,10,Navratri,Dosa,60,true,6,25798533,true,4,2,true,95,4,false,false,May
DST3539,Place_2539,Goa,Central,Urban,Culture,Lucknow,Tamil,994840,Indira Gandhi International Airport,12465,Monsoon,Winter,10.81,6,56.33,70.99,7.65,45.6,1,4,Easy,true,false,true,22,8997,54,false,4,38.7,422.9,9,3,9,Navratri,Idli,21,true,5,30101007,true,2,4,true,80,1,true,false,May
DST3540,Place_2540,Assam,West,Beach,Food,Kolkata,Tamil,716139,Devi Ahilya Bai Holkar Airport,17535,Winter,Summer,9.17,11,83.19,82.76,24.52,55.02,22,2,Moderate,true,true,false,31,8196,104,true,5,17.2,436.1,8,4,8,Eid,Momos,99,true,6,45395104,true,5,3,false,89,4,true,true,August
DST3541,Place_2541,Himachal Pradesh,Northeast,Urban,Scenery,Chennai,Bengali,810114,Lokpriya Gopinath Bordoloi International Airport,33640,Monsoon,Monsoon,2.15,6,50.55,79.5,21.72,27.79,358,3,Difficult,false,true,true,43,3652,103,false,4,18.5,2406.3,3,8,2,Durga Puja,Pav Bhaji,91,true,2,36329928,false,2,4,false,54,5,true,true,December
DST3542,Place_2542,Assam,West,Hill Station,Temples,Hyderabad,Bengali,979761,Chhatrapati Shivaji Maharaj International Airport,11461,Monsoon,Monsoon,10,9,84.12,82.83,12.54,38.61,476,5,Difficult,false,false,true,55,7571,132,true,4,37.6,1205.8,7,2,3,Holi,Kebabs,77,true,4,23331733,true,1,3,false,96,4,false,false,March
DST3543,Place_2543,Kerala,South,Wildlife,Food,Bhopal,Hindi,227636,Devi Ahilya Bai Holkar Airport,13366,Winter,Summer,10.62,10,73.2,75.16,5.36,48.33,439,3,Difficult,true,true,false,23,5925,46,true,5,23.7,726.4,9,2,7,Lohri,Idli,43,false,9,36100961,false,2,3,false,79,4,false,false,October
DST3544,Place_2544,Maharashtra,Central,Heritage,Culture,Guwahati,Malayalam,600846,Kempegowda International Airport,30895,Summer,Summer,6.19,3,87.83,74.44,16.06,54.91,402,2,Difficult,false,false,true,92,2764,127,false,5,23.7,2152.3,10,1,9,Ganesh Chaturthi,Kebabs,96,true,7,17817134,true,2,1,true,55,4,true,true,December
DST3545,Place_2545,Assam,West,Hill Station,Food,Mumbai,Bengali,515721,Sardar Vallabhbhai Patel International Airport,2785,Winter,Monsoon,13.26,2,40.76,64.12,14.08,53.59,421,1,Difficult,true,true,true,38,6187,194,true,4,36,2883.2,3,2,2,Eid,Rogan Josh,70,false,9,31923602,false,3,2,true,41,5,false,false,August
DST3546,Place_2546,Assam,West,Hill Station,Food,Ahmedabad,Hindi,914720,Jaipur International Airport,7242,Monsoon,Summer,12.8,4,42.95,81.83,21.9,33.28,302,5,Moderate,true,true,true,93,6581,94,false,3,18.9,2816.7,9,9,10,Diwali,Kebabs,72,true,8,47351652,false,5,1,true,92,5,false,false,January
DST3547,Place_2547,Kerala,North,Urban,Wildlife,Jaipur,Tamil,698780,Indira Gandhi International Airport,25529,Winter,Winter,3.45,7,65.04,66.15,31.66,55.34,83,5,Moderate,false,false,true,28,1764,149,true,4,30.9,2197.9,5,5,7,Pongal,Chole Bhature,82,true,8,11053699,true,3,4,false,45,5,false,true,December
DST3548,Place_2548,Tamil Nadu,West,Beach,Food,Kolkata,Hindi,381253,Netaji Subhas Chandra Bose International Airport,48080,Summer,Summer,13.66,6,85.62,83.49,20.37,32.2,203,1,Moderate,false,false,true,29,7597,131,true,5,31.6,655.7,10,4,8,Durga Puja,Kebabs,48,true,5,48801675,false,1,1,false,39,2,true,false,October
DST3549,Place_2549,Kerala,North,Wildlife,Food,Bengaluru,Hindi,873416,Kempegowda International Airport,7356,Monsoon,Summer,7.17,9,76.54,93.85,38.3,55.14,458,5,Difficult,false,false,false,80,5112,172,true,2,23.3,546.9,9,2,6,Ganesh Chaturthi,Momos,85,true,3,48339104,true,4,2,true,12,1,false,true,January
DST3550,Place_2550,Himachal Pradesh,Central,Heritage,Scenery,Indore,Hindi,496713,Chennai International Airport,24229,Monsoon,Summer,11.13,9,71.11,68.97,12.75,48.85,226,5,Difficult,true,true,false,98,8088,159,true,1,20,2625.9,1,2,6,Navratri,Vada Pav,46,true,9,24895090,false,4,5,false,46,3,true,true,August
DST3551,Place_2551,Kerala,Northeast,Hill Station,Food,Lucknow,Hindi,157326,Cochin International Airport,20844,Summer,Summer,12.4,3,41.58,64.98,12.73,21.08,435,5,Easy,true,false,false,74,5247,126,false,4,32.4,2892.2,4,6,8,Ganesh Chaturthi,Chole Bhature,21,false,6,5381754,false,2,1,false,91,2,true,true,March
DST3552,Place_2552,Kerala,Northeast,Heritage,Temples,Bhopal,Bengali,109864,Jaipur International Airport,19220,Summer,Monsoon,8.07,10,57.71,60.85,26.16,56.48,251,3,Difficult,false,true,true,34,9652,81,true,1,17.7,1904.7,9,7,3,Ganesh Chaturthi,Rogan Josh,25,true,8,42762760,false,4,4,true,89,2,false,false,March
DST3553,Place_2553,Maharashtra,Central,Beach,Culture,Hyderabad,Malayalam,848877,Kempegowda International Airport,43357,Monsoon,Monsoon,6.59,5,57.29,73.26,36.37,22.12,304,3,Easy,false,true,false,83,9791,164,true,4,34.6,2713.6,9,4,8,Eid,Rogan Josh,28,true,2,9726142,true,3,2,true,13,2,false,true,January
DST3554,Place_2554,Kerala,Central,Beach,Scenery,Lucknow,Hindi,449706,Chhatrapati Shivaji Maharaj International Airport,26651,Summer,Monsoon,13.82,2,67.1,67.51,28.52,55.42,454,4,Easy,false,true,true,97,8485,109,false,4,22.5,2463.2,6,7,10,Durga Puja,Dosa,85,false,9,45362615,false,2,4,false,77,2,true,false,March
DST3555,Place_2555,Assam,East,Heritage,Food,Chennai,Marathi,174310,Chennai International Airport,32686,Winter,Monsoon,4.23,3,52.89,77.22,28.58,40.76,150,4,Moderate,false,false,true,58,6197,16,true,2,10.6,546.6,10,1,1,Lohri,Rogan Josh,10,true,6,26106012,true,2,3,true,52,4,false,true,May
DST3556,Place_2556,Maharashtra,Central,Wildlife,Temples,Indore,Tamil,481598,Chhatrapati Shivaji Maharaj International Airport,23127,Summer,Winter,4.6,12,53.36,78.35,33.22,43.37,246,3,Difficult,false,true,true,82,5634,12,false,5,27.1,746.6,6,8,2,Pongal,Pav Bhaji,74,true,2,16553581,true,5,2,false,16,2,true,true,December
DST3557,Place_2557,Rajasthan,West,Beach,Culture,Cochin,Tamil,343415,Pune Airport,23662,Winter,Winter,6.06,7,71.04,72.23,28.4,15.47,305,5,Difficult,true,false,true,29,9487,13,true,3,15.8,296.5,3,3,6,Bihu,Rogan Josh,28,false,9,30794211,true,2,3,false,91,1,true,false,August
DST3558,Place_2558,Tamil Nadu,Northeast,Heritage,Scenery,Cochin,Tamil,907449,Sardar Vallabhbhai Patel International Airport,35261,Monsoon,Monsoon,13.03,6,87.23,86.25,31.58,13.29,16,2,Easy,true,true,false,9,7543,17,false,5,24,1474.8,10,7,2,Navratri,Biryani,61,true,7,10088003,false,4,2,false,52,5,false,true,October
DST3559,Place_2559,Maharashtra,South,Hill Station,Temples,Mumbai,Tamil,495037,Devi Ahilya Bai Holkar Airport,26360,Monsoon,Monsoon,14.14,13,73.01,91.67,35.31,58.42,303,1,Easy,false,true,true,6,5533,54,true,1,34.3,1039.4,5,7,10,Eid,Idli,53,false,9,13401468,true,5,5,true,46,3,false,false,August
DST3560,Place_2560,Himachal Pradesh,Northeast,Heritage,Food,Chennai,Tamil,674625,Goa International Airport,38931,Monsoon,Monsoon,4.08,8,73.41,67.4,5.28,26.85,376,4,Difficult,false,true,false,84,2422,157,false,1,15.7,1335.5,8,3,2,Navratri,Momos,53,true,2,17952512,true,3,5,true,75,1,false,false,December
DST3561,Place_2561,Rajasthan,North,Heritage,Wildlife,Mumbai,Hindi,538701,Indira Gandhi International Airport,43380,Monsoon,Summer,13.09,10,89.31,89.27,36,52.22,1,5,Easy,true,true,false,67,9856,142,true,4,16.2,125.1,2,5,3,Lohri,Momos,11,false,7,32837226,true,4,2,false,55,2,false,true,January
DST3562,Place_2562,Maharashtra,Northeast,Urban,Wildlife,Jaipur,Malayalam,183557,Raja Bhoj Airport,15297,Monsoon,Winter,4.61,7,47.67,64.59,12.53,45.22,196,4,Difficult,true,true,false,58,8211,183,false,5,24.2,2191.6,2,2,3,Diwali,Idli,86,false,7,10324251,false,4,3,false,78,5,false,false,January
DST3563,Place_2563,Maharashtra,East,Beach,Scenery,Ahmedabad,Marathi,287460,Goa International Airport,39472,Summer,Winter,14.59,7,41.69,68,36.92,40.21,445,2,Difficult,false,false,false,42,4443,78,false,2,24.3,681.7,4,9,4,Diwali,Dosa,13,false,8,12689048,true,4,3,true,12,2,true,false,March
DST3564,Place_2564,Tamil Nadu,Central,Wildlife,Temples,Bengaluru,Bengali,110372,Jaipur International Airport,23788,Summer,Summer,9.36,3,77.28,79.65,14.32,44.26,340,5,Easy,true,true,true,21,9750,44,true,3,23.6,1168,9,5,9,Bihu,Dosa,28,true,2,2074135,false,3,4,false,44,3,true,false,January
DST3565,Place_2565,Assam,Central,Wildlife,Culture,Jaipur,Marathi,599900,Chennai International Airport,40456,Monsoon,Summer,1.1,8,61.94,70.73,20.93,14.47,268,3,Moderate,false,false,true,35,3532,152,false,5,30.8,1266.9,5,4,9,Ganesh Chaturthi,Kebabs,54,true,9,19689473,false,5,2,true,24,2,false,true,October
DST3566,Place_2566,Himachal Pradesh,Northeast,Urban,Temples,Delhi,Bengali,200050,Sardar Vallabhbhai Patel International Airport,28011,Summer,Summer,1.48,3,61.44,61.46,37.69,30.62,60,2,Difficult,true,false,true,5,2107,26,true,4,18.1,292.1,3,10,2,Navratri,Rogan Josh,42,true,5,27951446,false,5,3,true,89,4,false,false,August
DST3567,Place_2567,Goa,South,Wildlife,Wildlife,Cochin,Bengali,980370,Rajiv Gandhi International Airport,49603,Summer,Winter,3.06,14,51.27,70.32,8.84,40.35,266,4,Easy,true,false,true,10,5761,85,true,1,17.8,1160,8,3,2,Diwali,Sarson da Saag,26,false,4,3253106,true,4,2,true,36,4,true,true,October
DST3568,Place_2568,Goa,South,Heritage,Scenery,Ahmedabad,Marathi,433477,Cochin International Airport,29057,Monsoon,Summer,3.63,8,65.34,91.67,31.08,53.38,471,5,Easy,false,true,false,99,7060,183,false,5,10.7,2709.6,7,1,6,Navratri,Rogan Josh,66,false,5,44615573,false,2,5,true,85,2,false,true,August
DST3569,Place_2569,Maharashtra,East,Urban,Food,Jaipur,Hindi,378427,Lokpriya Gopinath Bordoloi International Airport,19447,Summer,Summer,11.75,9,62.11,66.1,18.74,45.73,96,5,Easy,false,false,true,74,1105,198,true,1,21.5,2690.3,9,7,5,Pongal,Biryani,26,false,4,47881975,false,2,3,true,78,5,false,true,December
DST3570,Place_2570,Kerala,North,Hill Station,Temples,Kolkata,Tamil,140857,Chhatrapati Shivaji Maharaj International Airport,19404,Monsoon,Summer,4.12,13,57.27,86.73,5.84,22.64,282,1,Difficult,true,true,true,40,4678,180,true,4,15.9,171.3,10,3,5,Holi,Biryani,13,true,3,32945523,true,4,3,false,62,3,true,true,December
DST3571,Place_2571,Himachal Pradesh,Northeast,Beach,Wildlife,Lucknow,Hindi,938204,Raja Bhoj Airport,22141,Monsoon,Monsoon,14.57,2,62.14,85.28,37.87,59.25,246,1,Difficult,false,true,true,12,9135,131,false,1,27.7,186.4,6,10,7,Lohri,Idli,17,false,8,46309071,false,2,5,true,76,2,false,true,March
DST3572,Place_2572,Rajasthan,Central,Beach,Culture,Chennai,Tamil,815030,Pune Airport,23307,Monsoon,Summer,9.91,10,59.19,63.72,9.12,42.15,34,1,Difficult,false,false,true,97,1790,88,true,4,15.4,1822.5,2,1,9,Holi,Rogan Josh,46,false,6,40418079,false,3,4,true,84,3,true,true,January
DST3573,Place_2573,Kerala,Northeast,Beach,Scenery,Cochin,Malayalam,828493,Lokpriya Gopinath Bordoloi International Airport,11341,Monsoon,Monsoon,10.7,9,86.99,71.53,32.09,35.07,273,3,Easy,false,true,false,77,5945,100,false,3,36.8,694,1,10,1,Onam,Idli,11,false,5,32689313,false,5,2,true,48,2,true,false,August
DST3574,Place_2574,Kerala,East,Heritage,Food,Ahmedabad,Bengali,195856,Chhatrapati Shivaji Maharaj International Airport,41121,Summer,Winter,4.05,10,89.01,66.63,18.45,49.07,468,5,Moderate,false,true,true,90,9361,123,false,2,35.5,2705.7,5,10,5,Onam,Pav Bhaji,98,false,6,44787756,true,3,2,true,15,3,true,true,May
DST3575,Place_2575,Himachal Pradesh,West,Hill Station,Temples,Bhopal,Marathi,524477,Kempegowda International Airport,10142,Summer,Winter,13.5,6,82,60.81,33.37,40.14,67,5,Moderate,true,true,true,14,7923,31,false,1,33,1500.3,7,8,5,Pongal,Rogan Josh,35,false,7,35622361,true,4,2,true,23,2,true,true,May
DST3576,Place_2576,Assam,West,Urban,Culture,Indore,Malayalam,812514,Netaji Subhas Chandra Bose International Airport,49034,Winter,Winter,10.35,14,89.52,66.06,31.26,45.5,188,4,Difficult,true,true,false,28,5445,146,false,5,34.3,1044.8,7,8,5,Bihu,Dosa,50,false,6,48972199,false,2,2,true,96,4,true,true,December
DST3577,Place_2577,Maharashtra,East,Urban,Food,Indore,Tamil,892539,Pune Airport,41984,Winter,Monsoon,13.1,5,53.29,67.06,27.16,40.86,40,3,Difficult,true,true,true,67,7609,56,true,3,38.8,2864.5,2,3,9,Holi,Idli,22,true,7,27845627,true,4,1,false,13,2,true,true,May
DST3578,Place_2578,Maharashtra,Central,Beach,Wildlife,Kolkata,Hindi,322368,Pune Airport,16932,Monsoon,Summer,14.39,2,82.15,65.81,37.87,18.94,95,1,Difficult,true,false,true,44,7104,12,true,2,19.6,1022,6,10,6,Navratri,Biryani,92,true,7,33454597,false,3,5,false,25,4,false,true,May
DST3579,Place_2579,Maharashtra,East,Hill Station,Wildlife,Chennai,Marathi,921993,Indira Gandhi International Airport,13017,Winter,Winter,2.76,10,60.33,63.19,8.46,37.17,170,5,Moderate,true,false,true,6,2932,189,false,5,39.4,1030.4,1,3,8,Ganesh Chaturthi,Rogan Josh,33,true,3,14694251,false,5,4,false,16,5,true,true,December
DST3580,Place_2580,Maharashtra,Central,Hill Station,Culture,Bhopal,Bengali,307746,Jaipur International Airport,34337,Summer,Summer,2.35,5,77.31,78.42,32.95,24.16,432,1,Moderate,true,true,true,24,2751,40,false,5,36.7,486,1,2,8,Durga Puja,Vada Pav,82,true,6,9457224,false,1,5,true,36,2,true,true,December
DST3581,Place_2581,Goa,South,Hill Station,Wildlife,Delhi,Malayalam,790628,Rajiv Gandhi International Airport,38880,Summer,Monsoon,12.25,5,50.07,71.29,28.48,38.51,394,2,Difficult,false,true,false,85,6200,22,false,4,20.9,744.5,2,8,6,Lohri,Kebabs,71,false,4,33496544,true,4,2,false,76,3,true,true,October
DST3582,Place_2582,Maharashtra,East,Wildlife,Scenery,Pune,Bengali,524824,Rajiv Gandhi International Airport,2355,Winter,Winter,13.13,5,80.6,91.79,16.02,16.28,66,3,Easy,true,false,false,37,9640,11,false,2,35.9,2305.4,5,9,6,Onam,Rogan Josh,74,false,5,42378101,false,4,1,true,12,5,true,false,January
DST3583,Place_2583,Goa,Central,Wildlife,Culture,Indore,Tamil,637426,Devi Ahilya Bai Holkar Airport,41824,Winter,Summer,9.17,3,44.17,66.55,24.11,21.6,434,1,Moderate,false,false,true,18,3679,120,false,5,36.9,2303.3,10,4,10,Eid,Pav Bhaji,40,false,3,31024899,false,4,1,true,41,4,true,false,August
DST3584,Place_2584,Goa,East,Beach,Wildlife,Guwahati,Bengali,530909,Raja Bhoj Airport,17086,Summer,Summer,6.12,13,53.53,81.1,27.56,50.44,307,3,Difficult,false,false,true,58,2392,16,true,5,11.1,1221.1,10,4,8,Onam,Chole Bhature,27,false,7,18354053,true,4,5,false,57,5,false,true,December
DST3585,Place_2585,Assam,East,Hill Station,Temples,Ahmedabad,Hindi,880985,Indira Gandhi International Airport,22515,Winter,Winter,10.14,12,81.1,91.52,30.77,30.26,118,5,Moderate,false,true,false,59,2818,38,true,5,36.3,1113.2,2,5,1,Diwali,Momos,24,false,8,34062602,false,5,3,true,77,2,false,false,May
DST3586,Place_2586,Maharashtra,Central,Hill Station,Wildlife,Kolkata,Malayalam,838360,Chhatrapati Shivaji Maharaj International Airport,15220,Summer,Summer,5.28,14,77.36,61.65,11.55,43.69,340,2,Easy,true,false,true,41,2683,141,false,3,23,1313.3,10,3,9,Pongal,Rogan Josh,33,true,7,12143884,true,5,4,true,19,1,true,true,May
DST3587,Place_2587,Tamil Nadu,Central,Urban,Scenery,Chennai,Malayalam,748431,Chaudhary Charan Singh International Airport,48266,Summer,Monsoon,4.34,5,65.06,78.07,8.57,34.89,170,4,Easy,true,false,true,92,3249,141,false,2,34.3,972.4,3,5,9,Bihu,Pav Bhaji,74,false,4,30312328,false,3,1,false,10,2,false,false,August
DST3588,Place_2588,Rajasthan,North,Urban,Food,Chennai,Hindi,776608,Sardar Vallabhbhai Patel International Airport,34602,Winter,Winter,7.83,3,73.64,75.77,8.57,27.03,185,2,Moderate,false,false,true,88,2048,97,true,4,13.3,1862.6,9,4,8,Pongal,Vada Pav,24,false,7,37245042,false,1,2,false,27,4,true,false,March
DST3589,Place_2589,Kerala,East,Beach,Food,Jaipur,Bengali,333829,Goa International Airport,12308,Winter,Winter,4.03,9,49.28,92.51,15.29,34.76,461,3,Difficult,true,true,false,10,6690,158,false,3,15.2,2526.1,5,8,4,Bihu,Sarson da Saag,96,false,4,49093209,true,4,3,false,37,5,false,true,October
DST3590,Place_2590,Goa,West,Hill Station,Wildlife,Mumbai,Hindi,905064,Chaudhary Charan Singh International Airport,1969,Monsoon,Winter,7.77,8,73.39,83.23,10.4,50.69,69,2,Moderate,true,false,false,37,7051,182,false,3,39.4,127.2,3,5,1,Durga Puja,Pav Bhaji,60,false,9,25013874,true,3,4,true,52,1,false,false,October
DST3591,Place_2591,Himachal Pradesh,East,Beach,Food,Jaipur,Marathi,147547,Kempegowda International Airport,34360,Monsoon,Winter,14.39,12,40.4,72.22,23.75,24.08,498,5,Difficult,false,true,false,54,8214,136,false,3,22.5,2814.4,5,7,2,Holi,Kebabs,29,false,7,40528637,false,5,2,true,89,3,true,true,January
DST3592,Place_2592,Himachal Pradesh,East,Urban,Wildlife,Kolkata,Hindi,374244,Rajiv Gandhi International Airport,1254,Monsoon,Monsoon,12.76,11,81.66,84.9,20.3,31.07,244,3,Moderate,false,true,false,96,8584,165,false,4,34,442.1,3,4,1,Pongal,Pav Bhaji,61,true,7,47228910,true,2,5,true,31,5,false,true,May
DST3593,Place_2593,Rajasthan,Central,Urban,Scenery,Hyderabad,Bengali,410074,Goa International Airport,11306,Monsoon,Monsoon,14.18,3,65.81,80.39,36.26,20.13,412,3,Easy,true,true,false,79,5629,17,true,4,32.5,2709.1,5,2,3,Bihu,Chole Bhature,86,false,3,29515367,true,5,1,false,73,5,false,false,January
DST3594,Place_2594,Himachal Pradesh,East,Wildlife,Food,Lucknow,Hindi,307977,Jaipur International Airport,28541,Monsoon,Summer,12.29,3,87.19,72.15,30.11,27.56,158,5,Moderate,true,true,false,88,5202,51,true,3,33.6,777.3,10,8,9,Eid,Kebabs,14,true,3,8794386,false,5,5,false,39,2,false,false,January
DST3595,Place_2595,Tamil Nadu,Northeast,Beach,Temples,Bhopal,Tamil,939457,Netaji Subhas Chandra Bose International Airport,3661,Summer,Monsoon,5.97,3,63.91,87.48,12.2,54.26,494,1,Difficult,true,true,true,74,9901,154,true,3,32.9,2759.4,6,4,6,Bihu,Pav Bhaji,63,false,6,44029262,false,2,3,false,50,3,true,true,January
DST3596,Place_2596,Himachal Pradesh,East,Beach,Wildlife,Ahmedabad,Hindi,569092,Raja Bhoj Airport,16309,Winter,Summer,12.37,2,61.65,83.39,6.6,49.29,283,4,Difficult,true,false,true,76,6088,146,false,1,37.4,2383.3,9,9,5,Pongal,Sarson da Saag,46,true,2,14158802,false,2,1,false,48,1,false,false,January
DST3597,Place_2597,Kerala,Northeast,Hill Station,Food,Jaipur,Hindi,178944,Chhatrapati Shivaji Maharaj International Airport,42562,Summer,Summer,13.92,14,62.5,60.19,29.82,28.68,106,2,Easy,false,true,false,87,1446,198,false,4,27.8,880.6,2,6,8,Holi,Biryani,71,false,7,41318787,false,3,2,true,83,5,false,true,August
DST3598,Place_2598,Kerala,West,Hill Station,Scenery,Chennai,Bengali,544056,Jaipur International Airport,19223,Monsoon,Winter,14.26,7,57.99,90.28,34.6,16.62,433,4,Difficult,true,true,false,83,3509,93,false,5,22.8,182,3,8,10,Diwali,Biryani,20,true,4,20826530,false,1,3,true,34,2,true,true,August
DST3599,Place_2599,Goa,Central,Wildlife,Scenery,Bhopal,Marathi,715929,Jaipur International Airport,6905,Monsoon,Summer,10.56,7,48.33,73.9,29.53,31,35,4,Difficult,false,false,true,90,8549,78,false,2,37.8,2175.9,6,9,3,Eid,Vada Pav,51,false,7,11027172,true,1,4,false,20,2,true,true,December
DST3600,Place_2600,Maharashtra,East,Heritage,Temples,Chennai,Marathi,721208,Chennai International Airport,3431,Winter,Winter,3.96,2,82.1,82.59,27.53,48.59,347,5,Easy,false,false,false,55,2072,108,true,2,20.7,2483.1,2,9,10,Bihu,Idli,15,false,4,13553419,true,5,2,true,96,1,false,true,August
DST3601,Place_2601,Assam,Northeast,Heritage,Scenery,Pune,Bengali,666650,Pune Airport,8756,Summer,Summer,1.56,12,59.45,73.89,13.73,12.19,402,1,Difficult,false,true,false,70,4128,50,false,2,28.9,2071.3,8,9,3,Diwali,Chole Bhature,98,true,8,39632222,true,2,4,true,31,3,true,true,January
DST3602,Place_2602,Tamil Nadu,Northeast,Heritage,Scenery,Ahmedabad,Bengali,591592,Sardar Vallabhbhai Patel International Airport,6353,Monsoon,Monsoon,3.06,2,66.46,90.85,22.31,47.27,194,4,Difficult,false,false,false,65,8175,166,true,3,35.7,1206.8,10,7,5,Diwali,Vada Pav,54,false,2,38963599,false,5,1,true,29,3,true,false,May
DST3603,Place_2603,Goa,Northeast,Beach,Food,Guwahati,Bengali,915042,Goa International Airport,2737,Monsoon,Winter,14.52,7,40.99,82.78,30.37,44,267,3,Moderate,true,false,true,32,7839,63,false,4,37.5,469.4,7,3,1,Bihu,Dosa,66,true,9,40214015,true,1,4,true,14,2,false,false,October
DST3604,Place_2604,Tamil Nadu,South,Beach,Wildlife,Guwahati,Tamil,990766,Pune Airport,17868,Monsoon,Summer,7.47,12,43.01,80.28,11.77,13.23,483,1,Moderate,false,true,false,48,5118,169,true,1,38.5,1106.4,1,8,7,Diwali,Momos,48,false,4,14231591,false,1,1,false,31,3,true,true,December
DST3605,Place_2605,Maharashtra,North,Urban,Culture,Pune,Malayalam,776355,Jaipur International Airport,33476,Monsoon,Monsoon,12.97,7,69.86,94.31,21.68,41.78,471,5,Moderate,true,true,true,86,8745,130,false,1,29.8,878.9,5,7,3,Holi,Momos,46,false,7,21227411,true,4,4,true,90,3,true,false,May
DST3606,Place_2606,Himachal Pradesh,West,Beach,Scenery,Goa,Hindi,369861,Raja Bhoj Airport,25325,Summer,Monsoon,7.51,5,83.96,69.82,9.1,24.93,75,4,Moderate,true,false,true,16,6890,52,true,2,31.6,2197,5,9,2,Diwali,Vada Pav,49,false,5,20501177,false,1,5,false,27,2,true,false,January
DST3607,Place_2607,Himachal Pradesh,East,Beach,Scenery,Cochin,Bengali,309939,Indira Gandhi International Airport,13326,Summer,Winter,10.25,4,64.67,62.28,23.58,18.86,279,5,Moderate,false,false,true,87,9628,78,true,5,24.9,562.1,1,5,7,Lohri,Rogan Josh,67,false,6,33544945,false,4,5,true,88,5,false,false,December
DST3608,Place_2608,Assam,South,Beach,Culture,Lucknow,Bengali,310544,Chaudhary Charan Singh International Airport,25586,Monsoon,Winter,1.34,10,48.25,78.06,25.07,29.24,320,2,Moderate,false,true,true,61,6004,124,false,5,18.5,2476.7,6,4,1,Onam,Vada Pav,16,false,6,1511893,false,5,3,false,85,5,true,true,March
DST3609,Place_2609,Maharashtra,East,Wildlife,Scenery,Delhi,Bengali,688310,Chennai International Airport,13911,Summer,Winter,4.5,7,45.81,74.84,23.74,20.27,347,5,Moderate,true,false,true,30,2092,109,false,5,10.5,1874.6,2,2,1,Onam,Vada Pav,91,true,5,15263595,true,3,4,false,11,3,true,true,December
DST3610,Place_2610,Goa,East,Beach,Food,Jaipur,Marathi,284740,Pune Airport,30080,Monsoon,Summer,7.11,2,84.99,75.9,21.43,51.23,79,3,Easy,false,false,true,29,1593,25,false,5,16.7,1499.4,3,7,9,Onam,Pav Bhaji,49,true,2,45004676,true,1,1,false,12,2,false,true,August
DST3611,Place_2611,Assam,Central,Hill Station,Food,Bengaluru,Bengali,151645,Kempegowda International Airport,23635,Winter,Winter,9.83,4,75.08,81.7,25.56,47.1,404,5,Moderate,false,true,false,96,1276,158,true,1,39.4,1144.7,5,6,7,Pongal,Vada Pav,44,false,3,22950087,false,4,2,false,53,5,false,false,December
DST3612,Place_2612,Maharashtra,Central,Hill Station,Culture,Kolkata,Hindi,915982,Goa International Airport,6213,Winter,Monsoon,3.4,2,88.31,81.53,39.89,59.04,477,1,Difficult,true,true,false,19,5587,170,false,1,34.2,1571.7,6,6,3,Ganesh Chaturthi,Pav Bhaji,83,false,4,16612679,true,3,1,false,87,5,false,false,May
DST3613,Place_2613,Rajasthan,Central,Urban,Scenery,Kolkata,Bengali,579367,Devi Ahilya Bai Holkar Airport,39995,Winter,Monsoon,11.7,4,44.12,73.73,26.79,36.7,97,2,Easy,false,true,true,78,9274,163,true,4,24.4,1666.4,2,10,5,Pongal,Pav Bhaji,96,true,4,24772122,true,3,5,true,45,2,true,false,August
DST3614,Place_2614,Kerala,South,Wildlife,Scenery,Delhi,Hindi,665156,Goa International Airport,28940,Summer,Winter,6.1,3,85.13,90.2,31.34,14.46,281,3,Moderate,false,false,false,81,4383,140,true,1,20.3,787.3,4,8,2,Eid,Vada Pav,23,false,3,45478493,false,5,2,false,46,1,false,true,May
DST3615,Place_2615,Assam,East,Hill Station,Wildlife,Cochin,Tamil,198039,Netaji Subhas Chandra Bose International Airport,45047,Monsoon,Winter,12.44,6,82.28,82.8,11.72,28.39,117,2,Moderate,false,false,false,84,8553,32,true,4,11.9,2967.4,3,1,5,Holi,Vada Pav,92,false,3,9178151,true,2,4,true,87,3,true,false,March
DST3616,Place_2616,Assam,North,Wildlife,Scenery,Guwahati,Malayalam,277452,Netaji Subhas Chandra Bose International Airport,49604,Winter,Monsoon,2.37,4,84.66,91.15,23.55,51.93,418,3,Difficult,true,true,false,57,1467,98,false,4,10.3,2737.7,1,1,9,Navratri,Sarson da Saag,18,false,2,12618001,true,3,5,true,32,3,false,false,December
DST3617,Place_2617,Goa,West,Wildlife,Food,Ahmedabad,Marathi,498944,Sardar Vallabhbhai Patel International Airport,24365,Winter,Summer,10.52,8,40.29,91.96,5.26,29.84,222,2,Easy,false,false,false,99,6260,191,false,3,32.7,1233.3,4,4,10,Navratri,Vada Pav,78,true,7,43403961,true,5,4,false,62,5,false,true,May
DST3618,Place_2618,Tamil Nadu,Central,Urban,Temples,Jaipur,Hindi,394944,Lokpriya Gopinath Bordoloi International Airport,9796,Summer,Monsoon,5.11,9,77.1,65.86,6.1,32.78,251,4,Difficult,true,false,false,69,1997,93,false,1,39.6,836.7,6,8,5,Ganesh Chaturthi,Kebabs,48,false,4,15414217,true,2,5,false,88,2,true,false,August
DST3619,Place_2619,Rajasthan,Central,Wildlife,Temples,Cochin,Tamil,635174,Goa International Airport,18352,Summer,Monsoon,12.14,8,67.45,83.82,16.29,30.6,79,5,Difficult,true,true,false,58,3379,56,false,5,17.6,990.4,10,5,1,Onam,Kebabs,54,false,3,19003111,true,3,4,true,71,4,false,false,March
DST3620,Place_2620,Goa,East,Beach,Temples,Lucknow,Malayalam,572830,Kempegowda International Airport,17820,Winter,Monsoon,6.63,3,68.66,71.11,21.33,21.77,313,1,Easy,false,false,false,91,6048,127,true,2,18.2,2942.5,7,9,8,Durga Puja,Rogan Josh,70,true,4,44642124,true,5,5,true,80,4,false,true,August
DST3621,Place_2621,Maharashtra,East,Wildlife,Temples,Goa,Malayalam,300981,Pune Airport,11966,Monsoon,Winter,10.31,11,63.46,89.28,25.15,13.66,169,1,Difficult,true,true,true,82,5095,173,false,4,38,1280.5,6,3,6,Eid,Momos,59,true,7,42828324,false,5,3,false,67,2,true,true,October
DST3622,Place_2622,Maharashtra,South,Urban,Scenery,Mumbai,Malayalam,278308,Pune Airport,47735,Monsoon,Summer,14.08,11,77.13,85.65,36.08,19.03,412,4,Easy,false,true,false,43,8821,44,true,2,28.1,2744.6,1,6,2,Bihu,Biryani,49,false,5,30758122,true,4,1,true,42,2,false,true,January
DST3623,Place_2623,Maharashtra,South,Urban,Scenery,Pune,Hindi,670093,Jaipur International Airport,2809,Monsoon,Summer,1.29,8,89.99,66.96,32.01,28.2,156,2,Difficult,false,false,false,98,8025,180,false,5,15.2,271.2,5,6,6,Diwali,Rogan Josh,37,false,9,27524726,false,5,1,false,66,1,false,true,October
DST3624,Place_2624,Maharashtra,Central,Urban,Wildlife,Delhi,Tamil,918964,Pune Airport,40314,Winter,Winter,1.16,11,75.53,92.86,15.5,22.27,392,5,Easy,true,false,true,55,1093,170,false,4,11.4,2352.7,5,4,9,Bihu,Pav Bhaji,45,true,8,2182183,true,3,4,false,58,4,true,true,January
DST3625,Place_2625,Tamil Nadu,East,Hill Station,Scenery,Bhopal,Bengali,212765,Kempegowda International Airport,41875,Summer,Monsoon,11.78,4,73.9,83.92,31.02,38.64,333,4,Moderate,true,false,true,24,8293,14,true,4,26.9,2310.2,6,2,3,Pongal,Idli,19,true,7,33925106,true,3,4,false,47,2,false,false,January
DST3626,Place_2626,Rajasthan,North,Beach,Temples,Mumbai,Tamil,128688,Netaji Subhas Chandra Bose International Airport,6505,Monsoon,Winter,10.05,8,72.72,93.2,24.23,40.7,376,2,Easy,false,true,true,68,2909,13,false,1,23.6,1987.9,5,6,5,Diwali,Vada Pav,70,false,3,22410902,false,1,2,false,85,2,true,false,October
DST3627,Place_2627,Himachal Pradesh,West,Hill Station,Culture,Pune,Tamil,385233,Jaipur International Airport,31649,Winter,Winter,5.1,2,74.76,67.07,32.27,38.5,327,5,Difficult,true,true,false,93,8054,67,true,3,23,451.2,9,10,7,Bihu,Biryani,77,true,2,30229686,false,3,2,true,60,3,false,true,March
DST3628,Place_2628,Kerala,East,Heritage,Culture,Delhi,Tamil,549158,Chhatrapati Shivaji Maharaj International Airport,6257,Winter,Summer,7.92,3,57.11,90.44,19.39,14.25,1,2,Difficult,true,false,true,15,2879,189,true,2,39.1,2946.1,6,3,10,Durga Puja,Momos,46,true,2,1955282,false,2,1,true,67,4,true,true,January
DST3629,Place_2629,Tamil Nadu,East,Beach,Food,Kolkata,Hindi,657873,Kempegowda International Airport,16051,Summer,Summer,1.59,13,56.01,83.38,8.22,43.34,202,1,Moderate,true,true,true,94,2158,116,false,5,17.9,717.1,9,8,2,Navratri,Rogan Josh,33,false,7,34927221,false,1,1,false,33,2,false,false,May
DST3630,Place_2630,Tamil Nadu,Northeast,Wildlife,Food,Indore,Hindi,814364,Indira Gandhi International Airport,5909,Monsoon,Winter,3.69,11,79.22,79.33,26.65,29.23,257,5,Moderate,false,false,true,56,6221,187,false,3,24.6,2158.2,4,2,1,Durga Puja,Biryani,43,true,4,13077885,false,5,3,false,87,4,true,false,October
DST3631,Place_2631,Himachal Pradesh,South,Urban,Scenery,Kolkata,Hindi,350322,Cochin International Airport,28345,Winter,Winter,6.94,2,42.65,88.72,24.5,53.91,250,1,Moderate,false,false,true,89,1357,164,true,3,16.4,2279.3,3,3,5,Durga Puja,Biryani,10,false,4,34265487,false,1,4,true,51,2,true,true,May
DST3632,Place_2632,Himachal Pradesh,West,Heritage,Culture,Chennai,Tamil,350483,Pune Airport,15866,Monsoon,Summer,12.68,10,77.96,82.15,38.38,36.28,366,1,Easy,false,false,false,58,9333,147,false,1,19.7,2303.8,6,9,4,Lohri,Idli,30,true,7,1063203,false,2,4,false,80,4,false,false,March
DST3633,Place_2633,Kerala,Central,Beach,Temples,Pune,Hindi,102438,Netaji Subhas Chandra Bose International Airport,43789,Monsoon,Summer,7.72,14,80.69,83.44,10.67,14.23,145,5,Easy,false,false,false,73,3218,132,false,4,33,2495.4,1,2,9,Diwali,Pav Bhaji,80,true,2,28318403,false,1,1,true,29,1,true,false,March
DST3634,Place_2634,Kerala,East,Hill Station,Temples,Bengaluru,Malayalam,455239,Chaudhary Charan Singh International Airport,25868,Monsoon,Monsoon,9.21,14,66.08,68.88,27.96,10.46,324,4,Easy,false,true,false,11,8532,71,true,5,15.9,2968.5,10,10,10,Eid,Momos,53,false,4,23318091,true,2,4,true,53,1,false,false,December
DST3635,Place_2635,Himachal Pradesh,Central,Urban,Temples,Guwahati,Hindi,516428,Goa International Airport,49126,Winter,Winter,13.23,3,85.51,88.6,21.59,45.13,377,2,Easy,true,false,true,16,8906,131,true,3,30.3,378.4,5,1,4,Eid,Idli,49,false,2,45803482,false,5,2,true,63,1,true,true,December
DST3636,Place_2636,Maharashtra,East,Hill Station,Scenery,Lucknow,Marathi,805722,Goa International Airport,29527,Monsoon,Monsoon,5.32,3,63.65,82.76,18.26,30.03,440,5,Easy,true,true,false,6,9693,157,true,3,13.9,1469.3,2,3,7,Navratri,Sarson da Saag,88,false,9,7212623,true,1,4,true,56,5,true,true,December
DST3637,Place_2637,Tamil Nadu,Central,Beach,Scenery,Indore,Hindi,565393,Pune Airport,1461,Summer,Monsoon,10.81,7,48.9,89.55,32.81,24.4,454,1,Difficult,false,false,false,25,7074,41,false,2,15.7,2927,6,10,5,Onam,Sarson da Saag,87,false,6,37996188,true,3,2,false,16,2,false,false,October
DST3638,Place_2638,Goa,West,Beach,Wildlife,Hyderabad,Hindi,248055,Indira Gandhi International Airport,29460,Winter,Monsoon,13.06,8,58.07,72.3,33.37,32.36,406,2,Difficult,false,true,false,73,8925,57,false,5,10.7,2658,3,6,5,Pongal,Rogan Josh,61,false,2,24031673,false,3,5,false,14,3,false,false,May
DST3639,Place_2639,Kerala,South,Heritage,Temples,Ahmedabad,Hindi,900458,Goa International Airport,49500,Winter,Summer,3.84,14,85.29,71.61,30.01,13.62,274,5,Difficult,true,false,false,95,1885,186,false,5,28.9,2972.8,9,8,6,Pongal,Dosa,10,true,7,9947083,true,2,4,true,61,5,false,true,August
DST3640,Place_2640,Kerala,West,Wildlife,Temples,Indore,Hindi,482312,Netaji Subhas Chandra Bose International Airport,4233,Monsoon,Monsoon,5.99,3,89.69,60.84,7.93,29.6,18,4,Easy,false,true,false,99,3939,35,true,3,39.7,1789.1,2,10,8,Onam,Sarson da Saag,62,false,9,3732302,false,2,5,false,86,4,true,true,January
DST3641,Place_2641,Himachal Pradesh,Northeast,Hill Station,Scenery,Ahmedabad,Marathi,937430,Sardar Vallabhbhai Patel International Airport,13128,Monsoon,Summer,14.72,5,61.09,86.9,17.08,25.73,441,5,Moderate,false,true,false,80,9794,131,false,4,29.7,2051.3,1,5,4,Diwali,Idli,76,true,8,16323136,false,2,1,true,41,2,true,false,August
DST3642,Place_2642,Rajasthan,North,Heritage,Scenery,Guwahati,Bengali,617951,Pune Airport,6202,Monsoon,Summer,14.77,4,48.34,71.56,6.64,50.01,367,5,Difficult,true,false,false,40,6818,172,false,5,37.7,865,7,2,9,Durga Puja,Sarson da Saag,42,true,7,38625607,true,5,4,false,36,2,false,false,August
DST3643,Place_2643,Goa,South,Urban,Wildlife,Cochin,Hindi,943445,Jaipur International Airport,36707,Winter,Summer,4.13,14,54.32,71.45,17.03,18.74,466,3,Difficult,false,false,true,25,2724,37,true,5,25.8,1429.2,5,8,6,Navratri,Vada Pav,20,false,6,23908791,false,2,3,false,59,5,true,true,December
DST3644,Place_2644,Goa,West,Wildlife,Wildlife,Bhopal,Malayalam,151039,Chennai International Airport,32258,Summer,Winter,1.93,6,67.66,84.1,27.68,47.82,432,2,Easy,false,true,true,57,6929,74,false,2,30.4,160.8,1,2,8,Holi,Dosa,96,true,9,42289304,true,3,3,false,75,2,false,false,October
DST3645,Place_2645,Kerala,Northeast,Heritage,Food,Pune,Marathi,805191,Goa International Airport,48965,Summer,Monsoon,4.79,10,68.6,68.85,23.15,35.02,428,5,Easy,false,false,false,23,1171,128,false,2,37.8,2187.2,5,4,4,Navratri,Dosa,50,true,8,40291618,true,3,5,false,86,2,true,true,August
DST3646,Place_2646,Maharashtra,North,Hill Station,Culture,Delhi,Bengali,578388,Kempegowda International Airport,32238,Winter,Summer,6.57,3,71.5,91.82,29.6,14.09,251,1,Easy,false,true,false,7,5676,163,true,2,12.6,2785,4,9,9,Onam,Pav Bhaji,98,true,8,7305867,true,2,3,true,47,4,false,false,December
DST3647,Place_2647,Rajasthan,Northeast,Beach,Temples,Goa,Hindi,789963,Indira Gandhi International Airport,14722,Summer,Winter,7.17,14,81.77,78.83,24.3,58.48,487,1,Difficult,true,true,true,64,2301,195,false,4,27.9,425.2,1,7,9,Ganesh Chaturthi,Kebabs,77,false,5,8734405,true,4,2,false,65,3,true,false,December
DST3648,Place_2648,Goa,East,Urban,Temples,Cochin,Bengali,730734,Pune Airport,46766,Monsoon,Winter,9.66,6,75.56,93.93,24.45,46.71,283,3,Moderate,false,true,false,85,1083,15,true,4,27.3,1417.7,8,3,1,Navratri,Vada Pav,58,false,7,12662558,false,2,1,true,72,4,false,false,August
DST3649,Place_2649,Kerala,East,Hill Station,Wildlife,Delhi,Malayalam,984884,Chhatrapati Shivaji Maharaj International Airport,19047,Winter,Winter,13.59,9,53.04,62.68,22.88,23,330,1,Easy,false,false,false,98,7231,59,false,5,11,1907.2,4,1,1,Navratri,Idli,69,true,5,30631482,false,4,2,false,39,5,false,true,January
DST3650,Place_2650,Goa,Central,Wildlife,Wildlife,Hyderabad,Marathi,506321,Chaudhary Charan Singh International Airport,4301,Summer,Summer,5.62,7,59.75,71.79,17.75,39.09,49,5,Easy,true,true,false,77,5828,58,false,4,14.7,1933.3,10,6,7,Onam,Chole Bhature,55,false,8,7015097,true,1,1,false,55,2,true,false,December
DST3651,Place_2651,Assam,South,Wildlife,Food,Guwahati,Marathi,331120,Devi Ahilya Bai Holkar Airport,33544,Winter,Summer,12.9,5,81.99,73.35,20.63,55,394,2,Moderate,true,true,true,38,7679,195,true,2,26.6,988.9,7,9,3,Holi,Kebabs,93,false,8,1590344,true,1,3,true,79,2,true,true,March
DST3652,Place_2652,Rajasthan,East,Beach,Culture,Lucknow,Bengali,429326,Netaji Subhas Chandra Bose International Airport,32583,Summer,Summer,2.31,11,71.67,85.56,8.94,56.54,310,3,Moderate,false,true,true,33,2786,55,false,4,24.9,157.4,6,4,7,Navratri,Sarson da Saag,25,false,5,32477043,false,3,1,false,76,3,false,true,January
DST3653,Place_2653,Rajasthan,Northeast,Beach,Food,Guwahati,Hindi,676435,Indira Gandhi International Airport,28513,Winter,Winter,1.59,9,48.32,67.45,34.21,46.56,136,3,Moderate,false,false,true,78,5309,99,false,5,20.3,2674.7,9,7,1,Lohri,Momos,93,false,3,8080408,true,1,2,true,60,3,false,false,January
DST3654,Place_2654,Assam,South,Urban,Culture,Jaipur,Tamil,876691,Kempegowda International Airport,16640,Summer,Summer,8.06,4,56.28,73.14,36.12,46.38,397,4,Easy,true,true,false,61,9998,158,true,3,30.9,366.2,1,3,1,Holi,Vada Pav,43,true,9,35901813,true,1,5,false,68,1,false,true,October
DST3655,Place_2655,Tamil Nadu,East,Urban,Temples,Lucknow,Marathi,699688,Pune Airport,23413,Winter,Monsoon,1.84,5,79.55,91.87,31.82,23.87,225,4,Easy,true,false,true,77,9502,105,false,1,20.8,615.3,10,1,7,Lohri,Chole Bhature,33,true,2,2742233,true,1,5,false,92,3,true,true,December
DST3656,Place_2656,Assam,Central,Beach,Food,Cochin,Tamil,670722,Chhatrapati Shivaji Maharaj International Airport,17805,Winter,Summer,6.49,12,48.6,64.01,25.43,59.49,220,2,Difficult,true,true,false,44,2760,34,true,4,33.1,2892.1,9,5,4,Diwali,Idli,17,false,6,25683364,false,5,4,false,68,4,true,false,March
DST3657,Place_2657,Himachal Pradesh,West,Beach,Wildlife,Jaipur,Marathi,126515,Netaji Subhas Chandra Bose International Airport,21133,Winter,Summer,13.55,10,74.55,86.09,24.92,22.17,112,2,Difficult,true,false,true,54,6491,105,true,3,34.3,1551.1,8,1,2,Bihu,Idli,77,true,8,2477616,true,5,2,true,59,2,true,false,May
DST3658,Place_2658,Himachal Pradesh,Central,Wildlife,Food,Guwahati,Hindi,320370,Kempegowda International Airport,49899,Winter,Monsoon,4.38,6,68.18,84.59,21.46,14.47,148,3,Difficult,true,true,true,79,3230,134,false,5,29.3,2634.7,5,2,5,Lohri,Vada Pav,39,true,6,22612200,false,2,2,false,89,4,false,true,May
DST3659,Place_2659,Kerala,North,Beach,Food,Guwahati,Hindi,682289,Netaji Subhas Chandra Bose International Airport,22355,Winter,Summer,10.88,7,47.37,64.57,13.1,58.87,47,5,Difficult,true,false,true,23,7341,114,false,3,18.4,2701.1,3,7,5,Holi,Rogan Josh,62,false,6,38493258,true,4,5,false,77,4,true,true,August
DST3660,Place_2660,Rajasthan,East,Heritage,Temples,Hyderabad,Marathi,813757,Kempegowda International Airport,24229,Monsoon,Summer,5.23,13,74.44,84.1,18.43,17.64,57,5,Difficult,true,false,true,26,2982,72,false,3,34.1,2969.4,10,1,4,Holi,Kebabs,62,false,9,39491198,false,3,3,false,61,4,true,false,October
DST3661,Place_2661,Tamil Nadu,North,Hill Station,Wildlife,Jaipur,Bengali,816775,Goa International Airport,5433,Winter,Summer,1.63,12,47.12,79.94,39.65,36.08,196,4,Difficult,true,false,true,55,7553,92,true,3,17.6,218,2,6,9,Navratri,Kebabs,74,false,7,21882196,false,5,5,true,54,4,true,true,March
DST3662,Place_2662,Tamil Nadu,North,Beach,Wildlife,Indore,Hindi,471735,Goa International Airport,34033,Winter,Summer,8.79,3,59.92,70.06,10.1,33.41,224,2,Easy,false,false,false,53,7864,75,true,2,19.1,253.7,9,7,2,Holi,Sarson da Saag,36,true,2,24658100,false,5,4,false,18,4,false,false,October
DST3663,Place_2663,Goa,Northeast,Urban,Scenery,Bhopal,Hindi,324215,Pune Airport,36618,Winter,Winter,12.69,10,55.43,70.89,23.99,52.41,136,2,Difficult,false,false,false,56,1356,172,true,4,28.3,653.1,3,4,4,Eid,Kebabs,22,true,7,21130693,true,3,4,false,73,4,false,false,March
DST3664,Place_2664,Goa,South,Heritage,Scenery,Bengaluru,Malayalam,932210,Chennai International Airport,2378,Summer,Summer,6.73,9,74.5,89.15,35.33,29.83,194,5,Easy,false,false,false,26,5951,89,true,3,30.7,2003.6,4,4,2,Holi,Pav Bhaji,95,true,9,35673453,true,5,2,true,17,2,false,false,March
DST3665,Place_2665,Assam,Northeast,Urban,Scenery,Cochin,Hindi,786301,Rajiv Gandhi International Airport,7503,Winter,Monsoon,9.64,8,79.12,68.09,20.86,35.11,205,4,Easy,false,true,false,66,6060,42,false,5,21.1,859.7,6,2,10,Pongal,Pav Bhaji,16,true,5,14501854,true,3,2,false,58,4,false,true,January
DST3666,Place_2666,Tamil Nadu,East,Heritage,Temples,Chennai,Malayalam,590073,Jaipur International Airport,40925,Monsoon,Monsoon,13.6,10,48.42,77.95,26.2,12.19,17,5,Moderate,false,false,false,64,5734,59,false,1,27.7,1537.3,5,5,4,Onam,Chole Bhature,89,true,3,36338167,false,2,4,false,64,5,false,false,March
DST3667,Place_2667,Assam,North,Beach,Food,Lucknow,Hindi,720137,Devi Ahilya Bai Holkar Airport,43774,Winter,Winter,12.06,6,80.6,83.84,33.97,20.39,267,5,Easy,false,true,true,84,3311,161,true,1,17.4,2380.4,6,7,6,Diwali,Dosa,36,false,2,32346250,false,2,2,false,99,4,true,true,March
DST3668,Place_2668,Assam,West,Hill Station,Wildlife,Jaipur,Hindi,989515,Chennai International Airport,34617,Summer,Summer,3.71,6,40.36,64.55,24.16,51.65,214,3,Easy,true,true,true,85,6610,104,true,1,33.8,638.8,2,4,5,Navratri,Sarson da Saag,45,true,7,38196594,true,1,1,false,18,1,true,false,May
DST3669,Place_2669,Goa,North,Urban,Wildlife,Kolkata,Bengali,534171,Cochin International Airport,5814,Summer,Monsoon,11.27,12,66.5,92.63,30.6,33.92,205,2,Easy,false,false,false,11,9718,160,true,2,39.8,929.1,5,8,10,Onam,Pav Bhaji,76,true,8,46851271,true,3,4,false,21,4,true,false,August
DST3670,Place_2670,Rajasthan,West,Heritage,Food,Bengaluru,Bengali,309637,Raja Bhoj Airport,24763,Winter,Winter,8.03,12,65.84,69.12,17.15,21.55,123,3,Moderate,true,true,false,57,4244,90,false,4,31,2209.8,4,8,10,Ganesh Chaturthi,Dosa,65,false,3,45408287,true,3,4,true,78,1,true,false,May
DST3671,Place_2671,Assam,Northeast,Wildlife,Wildlife,Lucknow,Hindi,987708,Rajiv Gandhi International Airport,11000,Winter,Summer,11.44,10,71.19,71.16,30.66,28.45,15,3,Easy,false,false,false,35,7884,106,false,1,19.6,122.3,1,7,6,Holi,Momos,91,false,3,40882969,false,2,2,true,89,2,true,false,December
DST3672,Place_2672,Maharashtra,Northeast,Beach,Food,Jaipur,Marathi,419052,Pune Airport,16288,Winter,Winter,7.92,12,51.99,83.31,6.44,24.25,164,5,Moderate,false,true,false,8,1364,46,false,2,20.5,2296.4,4,3,2,Holi,Biryani,23,true,3,22129965,true,5,1,false,28,5,false,true,January
DST3673,Place_2673,Rajasthan,South,Hill Station,Temples,Kolkata,Marathi,557283,Pune Airport,4274,Winter,Summer,2.79,6,40.49,62.74,10.35,37.81,147,4,Difficult,false,false,true,97,8562,109,true,5,10.9,2061.2,2,10,1,Bihu,Chole Bhature,10,true,9,41155108,false,3,4,true,96,2,false,false,January
DST3674,Place_2674,Tamil Nadu,North,Beach,Temples,Hyderabad,Hindi,349708,Pune Airport,15227,Summer,Winter,8.98,10,62.74,81.97,27.31,12.57,275,5,Easy,false,true,true,11,4331,72,true,5,29.4,475.8,7,9,5,Holi,Momos,48,true,2,23639786,false,3,1,true,17,2,true,false,October
DST3675,Place_2675,Tamil Nadu,Central,Wildlife,Temples,Bhopal,Marathi,548912,Rajiv Gandhi International Airport,18279,Winter,Winter,7.89,2,43.57,92.06,20.71,21.25,398,4,Difficult,false,false,false,98,1112,193,true,2,28,807.2,7,8,3,Holi,Rogan Josh,28,false,5,47785057,false,5,4,true,27,4,false,true,January
DST3676,Place_2676,Assam,Northeast,Hill Station,Food,Hyderabad,Hindi,980480,Lokpriya Gopinath Bordoloi International Airport,10368,Summer,Monsoon,8.25,11,84.61,68.72,33.99,27.75,232,2,Easy,false,false,false,7,5574,72,false,4,38.6,144.7,5,10,3,Bihu,Sarson da Saag,76,false,7,1731694,false,2,1,false,35,1,false,false,August
DST3677,Place_2677,Rajasthan,Northeast,Wildlife,Food,Pune,Bengali,307748,Chhatrapati Shivaji Maharaj International Airport,45713,Summer,Monsoon,13.3,11,48.68,72.67,16.97,56.41,24,1,Moderate,false,false,true,29,3529,28,false,5,22.1,1786.1,1,1,10,Bihu,Chole Bhature,95,true,5,17018703,false,3,5,true,52,5,false,false,March
DST3678,Place_2678,Goa,South,Beach,Culture,Ahmedabad,Tamil,347387,Indira Gandhi International Airport,43736,Monsoon,Winter,13.53,12,61.26,68.13,31.85,41.16,400,2,Difficult,false,true,true,38,7571,158,true,4,38,1251.6,1,9,5,Navratri,Kebabs,56,true,4,35007776,true,3,4,true,35,4,false,true,May
DST3679,Place_2679,Goa,West,Heritage,Wildlife,Mumbai,Malayalam,770207,Rajiv Gandhi International Airport,32006,Summer,Summer,7.35,9,61.7,88.66,9.87,35.21,267,5,Easy,true,true,false,37,8684,48,true,2,32.8,1328,7,7,3,Eid,Sarson da Saag,60,true,6,43943650,false,5,1,false,88,1,true,false,October
DST3680,Place_2680,Himachal Pradesh,South,Beach,Wildlife,Kolkata,Marathi,802551,Chaudhary Charan Singh International Airport,28380,Winter,Summer,7.38,4,67.64,65.87,37.56,19.54,364,4,Easy,false,false,true,99,9151,113,false,5,18.6,399.2,10,10,6,Diwali,Vada Pav,74,false,6,33998153,false,1,5,true,23,4,false,false,January
DST3681,Place_2681,Tamil Nadu,North,Beach,Culture,Pune,Marathi,920688,Indira Gandhi International Airport,28968,Winter,Summer,8.21,14,79.13,72.13,19.65,37.89,425,1,Moderate,false,false,false,92,9772,92,true,5,10.5,1121.7,1,10,7,Diwali,Sarson da Saag,16,false,5,23685923,true,5,2,true,16,2,false,true,January
DST3682,Place_2682,Kerala,East,Beach,Culture,Bengaluru,Bengali,521990,Goa International Airport,10651,Winter,Summer,8.27,9,63.61,81.04,13.08,56.45,294,4,Easy,false,true,true,42,9567,163,false,3,31.8,2765.1,2,4,6,Lohri,Sarson da Saag,56,true,6,49306518,false,5,3,true,98,1,false,true,August
DST3683,Place_2683,Himachal Pradesh,East,Urban,Temples,Bhopal,Marathi,751631,Chaudhary Charan Singh International Airport,14903,Winter,Summer,14.31,6,41.29,74.16,32.62,38.32,439,4,Difficult,true,true,false,8,3977,114,true,5,24.9,287.7,4,5,10,Ganesh Chaturthi,Pav Bhaji,16,false,5,14812534,true,1,1,true,11,3,false,true,May
DST3684,Place_2684,Goa,West,Wildlife,Culture,Jaipur,Hindi,633415,Raja Bhoj Airport,19927,Monsoon,Monsoon,10.09,3,78.56,62.29,38.18,18.24,436,1,Moderate,true,true,true,52,3613,188,true,1,38.9,2927.4,5,7,8,Lohri,Idli,82,true,8,2083516,true,3,5,true,57,4,true,true,December
DST3685,Place_2685,Rajasthan,Northeast,Wildlife,Food,Lucknow,Hindi,218251,Raja Bhoj Airport,8771,Monsoon,Winter,4.88,10,44.11,93.17,37.13,59.86,70,1,Difficult,true,true,false,78,1484,69,true,3,10.7,2559.2,1,8,4,Onam,Idli,67,false,3,42322799,false,1,4,true,79,2,true,true,October
DST3686,Place_2686,Goa,West,Wildlife,Scenery,Delhi,Tamil,783565,Kempegowda International Airport,14460,Monsoon,Monsoon,8.44,5,72.08,71.83,13.33,34.94,199,2,Difficult,true,true,true,93,7880,91,false,2,25.7,688.7,1,4,6,Ganesh Chaturthi,Chole Bhature,65,true,7,34613059,true,4,5,false,82,1,true,false,December
DST3687,Place_2687,Rajasthan,Northeast,Urban,Food,Bhopal,Tamil,863570,Jaipur International Airport,5637,Monsoon,Summer,9.78,8,80.17,75.6,28.52,25.98,471,3,Easy,true,false,false,65,4760,101,false,1,33.7,2145.7,3,7,3,Bihu,Idli,89,true,8,37901650,false,1,3,true,65,2,true,true,December
DST3688,Place_2688,Himachal Pradesh,Northeast,Heritage,Culture,Kolkata,Tamil,593322,Devi Ahilya Bai Holkar Airport,46690,Summer,Winter,9.96,13,54.13,65.86,24.14,35.17,46,1,Easy,true,false,true,69,6632,131,true,1,33.7,363.7,1,6,10,Eid,Momos,78,true,4,30672507,true,2,3,true,30,4,false,true,May
DST3689,Place_2689,Tamil Nadu,East,Beach,Wildlife,Cochin,Hindi,967595,Jaipur International Airport,41834,Monsoon,Summer,9.19,9,62.46,90.29,30.38,23.18,24,3,Moderate,false,true,true,85,2710,133,true,4,30.2,563,3,9,7,Diwali,Rogan Josh,43,false,6,35615081,false,3,3,false,84,4,false,true,December
DST3690,Place_2690,Goa,West,Heritage,Food,Mumbai,Tamil,289836,Raja Bhoj Airport,4553,Summer,Summer,3.49,8,40.72,70.2,22.04,11.52,212,3,Moderate,false,true,false,75,2160,106,false,3,21.8,1515.1,5,4,6,Bihu,Pav Bhaji,57,false,9,46763049,true,4,2,true,16,4,false,true,December
DST3691,Place_2691,Assam,South,Urban,Wildlife,Cochin,Tamil,726112,Devi Ahilya Bai Holkar Airport,35117,Winter,Winter,1.47,12,80.19,60.69,21.44,54.48,433,3,Moderate,false,false,false,82,7417,143,false,4,12,1261.3,3,4,6,Eid,Vada Pav,47,true,8,15939917,true,4,1,false,49,5,true,false,May
DST3692,Place_2692,Rajasthan,Northeast,Wildlife,Food,Goa,Hindi,662952,Goa International Airport,36754,Summer,Summer,5.73,7,75.16,71.07,35.89,31.44,373,3,Difficult,false,false,false,65,1230,144,true,3,19.1,2463.6,10,3,3,Bihu,Chole Bhature,49,false,9,29038176,false,1,4,true,36,5,false,true,December
DST3693,Place_2693,Tamil Nadu,Central,Beach,Wildlife,Indore,Bengali,156795,Jaipur International Airport,24580,Summer,Monsoon,6.99,13,51.57,94.44,35.49,47.64,32,1,Difficult,true,true,true,5,7374,197,false,3,29.5,2823.8,8,8,1,Diwali,Idli,92,true,3,46838767,true,4,1,true,86,4,false,false,December
DST3694,Place_2694,Kerala,Central,Hill Station,Food,Delhi,Marathi,221729,Sardar Vallabhbhai Patel International Airport,12522,Monsoon,Monsoon,1.87,8,59.51,65.14,32.57,58.56,457,4,Difficult,true,true,true,10,4186,198,true,1,33.1,2834.2,5,8,2,Navratri,Pav Bhaji,38,false,6,41903076,true,3,1,false,11,5,false,false,December
DST3695,Place_2695,Rajasthan,South,Hill Station,Wildlife,Guwahati,Malayalam,787693,Devi Ahilya Bai Holkar Airport,35890,Winter,Monsoon,12.41,5,74.77,61.09,29.67,41.63,213,1,Difficult,false,true,false,78,7853,142,true,5,34.5,526.3,5,4,10,Pongal,Biryani,94,false,9,21712301,false,3,2,true,22,2,true,false,October
DST3696,Place_2696,Himachal Pradesh,Central,Heritage,Scenery,Chennai,Hindi,344620,Rajiv Gandhi International Airport,29204,Winter,Summer,5.82,11,57.91,80.24,28.74,44.58,210,1,Easy,false,false,false,25,3562,100,false,4,33.2,2090.1,6,3,10,Onam,Rogan Josh,46,true,4,3298833,true,5,4,true,13,1,false,false,January
DST3697,Place_2697,Kerala,North,Wildlife,Temples,Mumbai,Hindi,136079,Chhatrapati Shivaji Maharaj International Airport,14892,Monsoon,Monsoon,13.79,2,48.12,73.01,6.97,57.16,28,5,Moderate,true,true,false,71,3031,145,false,4,19.7,1755.3,4,6,3,Eid,Sarson da Saag,16,true,2,38993607,false,5,2,false,77,5,true,true,August
DST3698,Place_2698,Kerala,Northeast,Hill Station,Food,Pune,Malayalam,184225,Kempegowda International Airport,9689,Summer,Summer,3.16,6,65.93,87.82,31.23,35.83,258,5,Easy,true,false,true,87,1111,111,false,1,30.8,1173.7,5,9,1,Diwali,Momos,89,false,4,20035977,false,2,4,false,35,5,false,false,August
DST3699,Place_2699,Maharashtra,South,Heritage,Scenery,Mumbai,Malayalam,648547,Devi Ahilya Bai Holkar Airport,29063,Monsoon,Summer,1.8,9,76.18,85.62,27.33,25.99,38,2,Easy,true,true,false,32,4217,170,true,5,39.1,2985,6,8,8,Pongal,Pav Bhaji,86,false,3,34532062,false,1,5,false,96,5,false,true,August
DST3700,Place_2700,Goa,West,Urban,Temples,Guwahati,Tamil,388715,Raja Bhoj Airport,15062,Summer,Monsoon,7.75,11,56.04,66.49,15.58,56.07,259,3,Difficult,false,true,false,70,6907,194,false,3,14.1,1422.5,6,7,9,Diwali,Sarson da Saag,48,false,4,40662589,true,4,4,true,29,5,true,true,October
DST3701,Place_2701,Rajasthan,Northeast,Heritage,Food,Jaipur,Malayalam,151119,Pune Airport,2363,Monsoon,Monsoon,3.65,7,46.09,79.76,33.7,13.45,164,3,Moderate,true,false,true,31,9195,149,true,3,31.9,2029.5,5,7,7,Durga Puja,Idli,27,false,3,40133622,false,5,2,true,98,3,false,true,May
DST3702,Place_2702,Kerala,South,Heritage,Scenery,Lucknow,Marathi,370153,Rajiv Gandhi International Airport,17691,Monsoon,Summer,14.12,6,81.48,61.14,34.14,20.73,94,5,Difficult,true,true,false,36,7252,110,false,5,22.3,1558.2,10,5,7,Eid,Kebabs,19,false,4,31355160,true,3,5,false,66,1,false,false,August
DST3703,Place_2703,Maharashtra,East,Heritage,Scenery,Goa,Marathi,210210,Chaudhary Charan Singh International Airport,3751,Winter,Summer,1.14,3,52.64,75.38,37.63,27.06,389,4,Difficult,false,false,true,16,4149,134,false,3,16.7,398.4,6,2,3,Diwali,Chole Bhature,65,true,8,14540504,true,4,4,true,36,2,true,true,August
DST3704,Place_2704,Himachal Pradesh,West,Beach,Scenery,Bengaluru,Marathi,603747,Chaudhary Charan Singh International Airport,8782,Winter,Summer,6.78,11,65.64,84.99,19.64,49.11,219,2,Moderate,false,true,true,69,2720,46,true,4,19.6,509.2,9,9,9,Eid,Kebabs,32,true,6,8506791,true,1,3,false,73,5,true,false,December
DST3705,Place_2705,Tamil Nadu,East,Heritage,Culture,Cochin,Marathi,423973,Indira Gandhi International Airport,18648,Winter,Summer,13.97,13,74.57,74.52,24.29,55.2,393,4,Moderate,false,false,true,50,5834,152,true,4,15,2275.4,8,3,9,Durga Puja,Kebabs,96,false,7,28530260,false,4,2,true,29,3,false,true,May
DST3706,Place_2706,Assam,Northeast,Heritage,Wildlife,Delhi,Marathi,400374,Raja Bhoj Airport,13540,Monsoon,Monsoon,6.38,6,55.85,64.13,36.71,32.59,267,5,Easy,false,false,false,44,3096,26,true,4,34.5,2424.9,4,9,5,Holi,Sarson da Saag,65,false,4,5405817,false,4,5,true,89,4,false,true,January
DST3707,Place_2707,Assam,West,Beach,Temples,Indore,Tamil,211364,Pune Airport,46991,Winter,Summer,2.3,11,72.43,62.15,16.09,24.31,493,4,Difficult,true,true,true,97,1521,46,true,1,21.6,1155.1,2,10,7,Onam,Pav Bhaji,42,true,4,4537818,false,2,3,false,13,4,true,false,January
DST3708,Place_2708,Rajasthan,Central,Beach,Wildlife,Mumbai,Hindi,418193,Sardar Vallabhbhai Patel International Airport,6339,Winter,Summer,5.24,13,62.99,89.88,32.88,27.66,117,3,Difficult,true,true,true,13,3423,188,true,3,38.1,294.2,4,2,1,Lohri,Kebabs,54,false,5,29611341,true,1,5,false,82,3,true,true,August
DST3709,Place_2709,Kerala,South,Urban,Wildlife,Jaipur,Malayalam,463906,Goa International Airport,28020,Monsoon,Summer,7.97,4,68.52,91.2,39.72,42.83,65,5,Difficult,false,false,false,86,6242,166,true,1,39,2875.3,6,1,6,Diwali,Momos,85,true,4,27889507,false,4,4,true,80,2,false,true,May
DST3710,Place_2710,Assam,Northeast,Wildlife,Wildlife,Indore,Hindi,485417,Chaudhary Charan Singh International Airport,28609,Winter,Summer,3.59,14,69.53,72.01,27.82,17.9,386,4,Moderate,true,true,true,66,7731,12,false,3,39,1541.5,10,10,10,Lohri,Sarson da Saag,93,false,6,18130728,false,3,4,true,56,3,false,true,January
DST3711,Place_2711,Goa,North,Hill Station,Scenery,Hyderabad,Malayalam,481610,Jaipur International Airport,6848,Summer,Summer,7.53,3,81.21,65.75,39.43,37.37,192,2,Difficult,true,false,true,20,1634,163,false,4,14.7,489,7,7,1,Bihu,Dosa,43,true,9,14153374,true,3,5,false,29,4,false,false,December
DST3712,Place_2712,Assam,West,Hill Station,Wildlife,Cochin,Tamil,791858,Indira Gandhi International Airport,17877,Winter,Winter,12.71,4,72.82,94.25,23.05,39.42,319,2,Difficult,false,false,false,72,9840,113,true,4,20.4,675.5,4,1,10,Onam,Vada Pav,15,false,3,4277294,true,2,5,true,50,5,true,false,March
DST3713,Place_2713,Assam,West,Heritage,Culture,Mumbai,Tamil,743341,Devi Ahilya Bai Holkar Airport,19405,Summer,Winter,13.22,5,53.22,79.11,10.36,45.39,34,1,Difficult,false,true,true,44,8685,130,true,5,19.3,231.5,3,8,6,Ganesh Chaturthi,Vada Pav,19,true,2,20374649,true,5,4,false,70,4,true,false,March
DST3714,Place_2714,Assam,Northeast,Urban,Food,Mumbai,Bengali,533531,Chennai International Airport,49629,Winter,Winter,1.69,3,42.98,76.68,11.15,40.19,407,5,Difficult,true,false,false,39,1366,54,false,3,37.7,2158.6,1,3,6,Lohri,Biryani,83,true,2,49594587,true,1,1,true,74,1,true,false,October
DST3715,Place_2715,Maharashtra,Northeast,Heritage,Scenery,Ahmedabad,Bengali,981450,Netaji Subhas Chandra Bose International Airport,47233,Monsoon,Monsoon,3.25,5,40.1,85.96,30.6,14.85,174,5,Easy,false,true,true,87,7289,143,false,2,12.6,2141.9,7,3,7,Eid,Chole Bhature,76,true,9,14260611,false,4,5,true,82,1,false,true,October
DST3716,Place_2716,Kerala,East,Hill Station,Temples,Delhi,Tamil,919227,Lokpriya Gopinath Bordoloi International Airport,22471,Monsoon,Summer,4.85,5,85.22,65.91,5.03,44.44,111,5,Moderate,false,true,true,64,4783,108,true,1,27.7,1847.3,1,9,7,Eid,Biryani,47,true,2,37884209,true,2,1,true,49,4,false,true,August
DST3717,Place_2717,Goa,Central,Beach,Food,Ahmedabad,Tamil,738100,Indira Gandhi International Airport,4302,Winter,Monsoon,9.33,7,87.11,80.3,28.17,11.09,307,3,Easy,true,false,false,74,7026,191,true,4,24.6,1684.3,8,1,10,Pongal,Sarson da Saag,88,true,8,36403183,false,3,4,true,92,4,true,true,May
DST3718,Place_2718,Kerala,East,Wildlife,Food,Cochin,Malayalam,709699,Devi Ahilya Bai Holkar Airport,15437,Summer,Summer,6.05,13,44.71,91.16,10.29,29.52,289,3,Moderate,false,false,true,99,4988,156,false,5,39.3,1206.3,5,7,3,Holi,Rogan Josh,53,false,9,46454866,false,4,3,false,49,5,true,false,October
DST3719,Place_2719,Rajasthan,East,Urban,Food,Indore,Tamil,401335,Indira Gandhi International Airport,48930,Winter,Winter,12.82,6,64.35,60.81,39.45,30.85,339,5,Difficult,true,true,false,95,5307,22,true,5,38.9,2856.8,8,2,7,Diwali,Pav Bhaji,18,true,9,1279783,false,3,3,true,63,5,true,true,May
DST3720,Place_2720,Rajasthan,Central,Beach,Wildlife,Ahmedabad,Hindi,285525,Lokpriya Gopinath Bordoloi International Airport,15512,Monsoon,Summer,11.03,8,47.58,83.55,10.71,15.83,79,4,Moderate,false,false,false,7,6377,66,false,4,22.7,2421.5,2,3,10,Holi,Momos,77,false,2,41233029,true,4,2,false,32,1,false,true,March
DST3721,Place_2721,Rajasthan,North,Wildlife,Wildlife,Indore,Malayalam,112453,Devi Ahilya Bai Holkar Airport,33436,Winter,Monsoon,2.41,12,87.44,79.3,24.34,10.49,477,3,Easy,true,false,true,57,9816,82,true,3,23.2,2732.1,3,10,2,Ganesh Chaturthi,Momos,39,true,7,44526578,true,1,2,false,74,2,true,false,May
DST3722,Place_2722,Himachal Pradesh,East,Urban,Scenery,Lucknow,Tamil,220848,Raja Bhoj Airport,24511,Monsoon,Monsoon,9.74,8,52.34,93.28,28.43,13.56,110,5,Difficult,false,true,false,63,2803,92,true,5,21.5,1003.8,4,8,2,Holi,Sarson da Saag,71,false,3,23961481,false,3,4,true,45,4,true,true,August
DST3723,Place_2723,Assam,East,Urban,Wildlife,Bhopal,Malayalam,543541,Raja Bhoj Airport,6022,Summer,Summer,2.58,4,65.08,69.05,33.68,32.31,486,3,Easy,false,true,true,40,2234,94,false,3,33.7,2937,2,3,1,Pongal,Sarson da Saag,42,false,7,40781135,false,2,5,false,65,5,false,false,January
DST3724,Place_2724,Himachal Pradesh,West,Hill Station,Wildlife,Jaipur,Malayalam,674281,Chaudhary Charan Singh International Airport,44239,Summer,Monsoon,4.57,10,48.28,90.06,21.07,22.02,408,1,Easy,true,true,true,70,8250,194,true,5,13,579.5,4,2,2,Navratri,Momos,21,true,3,40955201,true,2,3,true,96,4,true,true,October
DST3725,Place_2725,Maharashtra,Central,Beach,Wildlife,Guwahati,Marathi,472924,Raja Bhoj Airport,7155,Monsoon,Winter,3.49,8,56.64,70.81,37.68,13.45,452,2,Easy,true,false,false,41,1761,183,false,1,13.5,263.2,6,7,2,Navratri,Dosa,73,true,2,19996935,false,2,5,false,73,1,true,false,May
DST3726,Place_2726,Rajasthan,South,Urban,Scenery,Ahmedabad,Bengali,145706,Rajiv Gandhi International Airport,32480,Summer,Summer,3.42,8,53.34,75.05,21.81,22.82,412,1,Moderate,false,false,true,83,9540,21,false,3,31.1,1027.5,7,3,9,Ganesh Chaturthi,Biryani,85,true,8,9364648,true,2,1,false,96,5,true,true,August
DST3727,Place_2727,Goa,North,Urban,Scenery,Guwahati,Malayalam,623324,Devi Ahilya Bai Holkar Airport,39022,Monsoon,Winter,9.63,3,63.77,67.47,13.82,36.44,484,5,Easy,true,true,true,91,7331,166,true,5,10.5,683.7,6,8,3,Onam,Kebabs,44,true,4,15199462,false,5,4,true,56,3,true,true,May
DST3728,Place_2728,Kerala,North,Wildlife,Culture,Bhopal,Malayalam,608197,Pune Airport,26332,Monsoon,Winter,8.89,13,60.99,90.23,25.76,47.11,91,2,Moderate,true,true,true,48,8585,106,true,4,30.1,1600.8,7,4,1,Eid,Pav Bhaji,71,false,9,38013725,true,4,2,false,96,1,true,false,August
DST3729,Place_2729,Assam,Central,Hill Station,Culture,Mumbai,Marathi,273889,Devi Ahilya Bai Holkar Airport,5354,Monsoon,Monsoon,3.46,11,56.54,66.84,28.03,30.6,447,4,Easy,false,true,true,68,7970,74,false,2,13.9,1115.6,2,6,2,Lohri,Idli,26,false,4,11913799,false,4,4,true,51,4,true,false,August
DST3730,Place_2730,Tamil Nadu,Northeast,Heritage,Culture,Cochin,Tamil,715722,Raja Bhoj Airport,32847,Winter,Summer,14.86,4,45.29,90.07,22.76,40.66,436,5,Easy,false,true,true,55,1895,58,false,4,33.6,598.1,1,8,10,Ganesh Chaturthi,Dosa,43,false,7,10745500,true,4,2,true,36,5,true,false,October
DST3731,Place_2731,Goa,Northeast,Hill Station,Culture,Guwahati,Malayalam,811070,Devi Ahilya Bai Holkar Airport,36284,Summer,Winter,6.91,4,64.22,75.95,30.66,39.84,185,4,Moderate,true,false,true,10,8451,136,false,3,32.2,2548.3,9,4,8,Lohri,Idli,92,false,5,25149836,false,5,4,true,32,1,true,false,December
DST3732,Place_2732,Assam,West,Heritage,Food,Pune,Marathi,675087,Lokpriya Gopinath Bordoloi International Airport,49640,Winter,Winter,2.36,13,82.51,89.23,19.72,54.82,40,4,Moderate,false,false,true,73,1330,141,false,4,15.5,1573.1,7,5,10,Diwali,Kebabs,70,false,3,10165747,false,2,4,false,96,4,true,true,January
DST3733,Place_2733,Himachal Pradesh,West,Beach,Food,Pune,Hindi,743874,Goa International Airport,11156,Winter,Summer,2.69,14,76.51,69.26,5.15,18.97,86,3,Easy,false,true,false,25,4551,37,true,4,32.7,417.6,2,3,2,Bihu,Sarson da Saag,93,true,9,8208730,false,1,2,true,94,2,false,true,May
DST3734,Place_2734,Himachal Pradesh,Central,Beach,Culture,Hyderabad,Marathi,160964,Chennai International Airport,23453,Summer,Monsoon,9.17,7,76.03,64.65,14.26,33.82,223,3,Easy,false,false,true,61,1922,59,true,2,33.7,318.5,7,4,4,Holi,Chole Bhature,99,false,9,16983410,true,2,1,false,80,5,false,false,March
DST3735,Place_2735,Goa,West,Urban,Culture,Guwahati,Bengali,546894,Jaipur International Airport,33689,Winter,Winter,14.71,5,58.3,79.42,38.11,41.59,493,2,Difficult,true,false,false,32,2518,21,false,4,37.8,1211.2,4,10,9,Lohri,Chole Bhature,71,true,5,20811111,true,5,4,true,94,2,true,false,October
DST3736,Place_2736,Himachal Pradesh,North,Beach,Temples,Pune,Bengali,302222,Rajiv Gandhi International Airport,24758,Monsoon,Summer,9.01,5,75.42,77.83,31.71,35.99,50,2,Easy,true,false,false,89,6428,92,false,5,31.7,2733.2,3,8,9,Ganesh Chaturthi,Vada Pav,19,false,6,4352306,true,1,3,false,54,1,false,false,October
DST3737,Place_2737,Rajasthan,North,Urban,Food,Hyderabad,Tamil,459523,Kempegowda International Airport,9838,Winter,Summer,14.29,2,63.28,72.48,11.63,32.52,125,3,Easy,false,true,false,28,4450,27,false,1,36,1573.2,4,7,7,Lohri,Vada Pav,59,false,3,12160325,true,5,4,false,93,5,false,true,October
DST3738,Place_2738,Maharashtra,South,Hill Station,Temples,Indore,Tamil,815798,Chaudhary Charan Singh International Airport,46502,Monsoon,Winter,7.22,7,47.51,83.2,7.33,58.67,145,2,Difficult,true,true,true,96,6113,116,false,2,29.1,503.5,5,6,1,Navratri,Momos,81,false,2,14404774,false,3,5,true,41,4,false,true,May
DST3739,Place_2739,Kerala,Northeast,Beach,Temples,Pune,Bengali,734275,Devi Ahilya Bai Holkar Airport,44790,Summer,Winter,7.1,9,60.95,63.33,17.28,57.1,40,1,Easy,false,false,false,79,4338,120,false,3,28.8,815.2,9,5,10,Holi,Chole Bhature,61,true,2,46593648,true,4,3,false,48,2,true,false,October
DST3740,Place_2740,Maharashtra,Central,Hill Station,Wildlife,Chennai,Bengali,948358,Pune Airport,38976,Winter,Winter,8,9,46.64,81.77,34.27,40.57,354,5,Easy,true,true,true,67,9196,120,false,5,30.3,243.5,4,9,5,Eid,Momos,16,false,5,48602830,true,4,5,false,63,1,false,true,October
DST3741,Place_2741,Assam,East,Hill Station,Scenery,Hyderabad,Malayalam,628089,Chhatrapati Shivaji Maharaj International Airport,14725,Summer,Monsoon,10.76,9,45.72,67.41,8.71,31.98,444,1,Moderate,false,true,false,26,9097,143,false,3,22.2,2512.3,9,4,5,Pongal,Chole Bhature,51,true,3,47534317,false,5,2,true,53,4,false,false,October
DST3742,Place_2742,Kerala,Northeast,Beach,Food,Kolkata,Bengali,534264,Jaipur International Airport,10337,Monsoon,Monsoon,6.15,6,41.15,64.51,24.02,47.77,362,5,Moderate,true,false,false,38,7461,77,false,2,16.9,2843.6,4,3,2,Eid,Dosa,66,false,4,31463354,false,1,2,true,73,4,true,false,October
DST3743,Place_2743,Kerala,East,Hill Station,Culture,Delhi,Tamil,926576,Rajiv Gandhi International Airport,11701,Winter,Summer,13.09,11,54.14,91.84,14.63,35.65,23,3,Moderate,true,false,true,41,9238,85,true,2,22.4,325.7,1,6,7,Diwali,Vada Pav,42,true,3,30010023,true,3,2,true,79,4,false,true,January
DST3744,Place_2744,Maharashtra,South,Beach,Culture,Cochin,Bengali,980910,Goa International Airport,30811,Monsoon,Summer,1.41,7,56.54,76.09,30.42,59.78,302,1,Easy,true,true,false,45,6334,32,true,4,27.8,601.6,1,2,1,Durga Puja,Momos,63,true,5,37817018,false,3,5,true,91,4,true,true,May
DST3745,Place_2745,Goa,South,Beach,Scenery,Delhi,Tamil,765508,Jaipur International Airport,44043,Monsoon,Winter,7.16,6,74.97,86.72,5.01,44.3,283,4,Moderate,false,false,false,85,9490,165,false,2,30.7,596.1,4,9,1,Diwali,Kebabs,95,false,9,7950871,false,2,2,false,15,2,true,true,August
DST3746,Place_2746,Kerala,West,Beach,Food,Delhi,Hindi,212364,Pune Airport,39978,Monsoon,Summer,8.15,5,66.9,63.12,14.7,13.41,35,1,Easy,true,false,true,83,9252,49,false,3,23.7,2430.7,4,6,10,Holi,Dosa,64,false,5,33968351,false,2,3,false,17,4,false,false,March
DST3747,Place_2747,Maharashtra,South,Heritage,Culture,Jaipur,Bengali,969251,Kempegowda International Airport,30316,Summer,Monsoon,9.5,13,82.92,62.01,28.77,30.1,276,2,Difficult,false,false,true,97,8141,107,true,2,19.9,2533.9,10,3,1,Onam,Sarson da Saag,18,true,7,40023646,true,1,2,false,75,3,false,false,December
DST3748,Place_2748,Kerala,South,Hill Station,Culture,Indore,Tamil,775221,Kempegowda International Airport,12544,Summer,Summer,4.87,5,48.82,77.32,24.14,46.51,183,1,Moderate,false,true,true,47,4487,57,false,1,17.4,1315.9,7,2,10,Bihu,Sarson da Saag,54,true,9,15558082,false,2,4,false,49,5,false,true,August
DST3749,Place_2749,Tamil Nadu,East,Wildlife,Wildlife,Bhopal,Marathi,554933,Raja Bhoj Airport,22514,Summer,Summer,6.98,5,53.3,71.04,32.26,52.12,324,3,Difficult,true,false,true,26,6758,171,false,4,15.5,2911.1,1,9,7,Diwali,Kebabs,47,false,9,26069999,true,4,5,false,72,4,false,true,December
DST3750,Place_2750,Goa,West,Beach,Temples,Lucknow,Malayalam,253552,Jaipur International Airport,17327,Winter,Winter,7.78,5,87.05,60.17,10.52,50.67,153,3,Easy,false,false,false,95,2824,101,false,2,24.3,852.5,5,10,4,Ganesh Chaturthi,Pav Bhaji,28,true,7,5727522,true,5,5,false,93,4,true,true,October
DST3751,Place_2751,Rajasthan,South,Hill Station,Culture,Bengaluru,Tamil,118637,Kempegowda International Airport,47809,Monsoon,Winter,10.62,7,62.2,66.42,23.58,58.86,497,2,Easy,true,true,true,19,1755,199,false,1,31.2,1622.8,10,3,4,Diwali,Idli,53,false,8,43390924,true,4,5,true,51,3,false,true,May
DST3752,Place_2752,Kerala,Northeast,Urban,Food,Indore,Bengali,931053,Rajiv Gandhi International Airport,17705,Summer,Monsoon,11.83,7,79.45,67.66,11.85,34.46,181,5,Difficult,true,true,true,25,9767,195,true,3,34.9,2989.2,8,6,9,Navratri,Rogan Josh,71,true,2,41172026,false,3,5,false,86,5,true,false,March
DST3753,Place_2753,Tamil Nadu,South,Beach,Scenery,Lucknow,Bengali,553520,Jaipur International Airport,11479,Monsoon,Summer,11.33,6,64.61,70.1,27.37,17,470,2,Difficult,false,true,false,56,8110,171,false,3,20.4,2498.6,8,9,4,Diwali,Chole Bhature,22,true,2,32384703,true,3,1,true,81,4,false,true,August
DST3754,Place_2754,Rajasthan,West,Beach,Wildlife,Hyderabad,Hindi,671719,Cochin International Airport,12323,Summer,Summer,5.78,13,63.55,90.71,9.6,42.61,299,5,Difficult,false,true,false,8,3224,66,true,1,28.3,1512.8,7,3,8,Diwali,Chole Bhature,95,true,6,15914798,false,5,2,true,99,4,true,true,May
DST3755,Place_2755,Rajasthan,Central,Wildlife,Food,Lucknow,Marathi,724225,Rajiv Gandhi International Airport,13937,Monsoon,Summer,14.99,12,47.41,74.72,10.2,13.54,416,3,Difficult,false,false,false,51,7419,38,true,1,24.3,414.7,4,9,1,Navratri,Rogan Josh,44,true,8,35056360,false,1,4,true,71,4,true,true,October
DST3756,Place_2756,Assam,West,Heritage,Wildlife,Cochin,Tamil,418316,Goa International Airport,24089,Summer,Winter,12.88,12,82.56,83.78,16.49,58.68,153,3,Moderate,false,true,true,22,1533,99,true,2,39,2722.6,7,2,3,Holi,Kebabs,58,true,8,27320270,true,3,4,false,83,3,false,true,October
DST3757,Place_2757,Kerala,East,Heritage,Temples,Pune,Marathi,125437,Kempegowda International Airport,2702,Summer,Monsoon,4.64,10,43.92,60.64,19.07,47.93,376,5,Difficult,false,true,true,75,2991,133,true,4,36.5,1672.2,1,4,1,Diwali,Chole Bhature,50,true,5,43122649,true,1,5,true,82,5,true,true,October
DST3758,Place_2758,Maharashtra,Central,Beach,Culture,Hyderabad,Hindi,501365,Raja Bhoj Airport,11404,Summer,Summer,3.73,9,55.51,88.49,22.45,59.11,149,1,Moderate,true,true,false,84,1863,189,true,4,36.5,994.2,6,10,1,Lohri,Sarson da Saag,64,true,8,13874379,false,4,4,true,16,1,false,true,December
DST3759,Place_2759,Kerala,Northeast,Hill Station,Food,Goa,Malayalam,507887,Sardar Vallabhbhai Patel International Airport,34598,Summer,Summer,5.4,11,73.67,68.41,25.32,28.86,403,1,Difficult,false,false,false,39,5507,107,true,5,27.4,1408.5,7,3,3,Diwali,Idli,88,true,9,39472443,true,2,2,false,10,5,true,true,March
DST3760,Place_2760,Tamil Nadu,North,Urban,Scenery,Lucknow,Marathi,596221,Netaji Subhas Chandra Bose International Airport,9380,Monsoon,Summer,7.33,7,65.36,70.82,21.41,10.79,1,2,Difficult,false,true,true,80,4026,17,true,1,23.1,1001.7,3,7,4,Onam,Dosa,24,true,6,19042587,true,5,3,true,52,3,true,false,March
DST3761,Place_2761,Rajasthan,West,Urban,Temples,Lucknow,Hindi,123119,Chhatrapati Shivaji Maharaj International Airport,22990,Summer,Summer,12.91,12,84.07,61.58,6.6,36.06,296,3,Moderate,false,true,true,11,6961,102,false,3,29.6,1698.1,8,4,6,Eid,Vada Pav,23,true,6,11803858,true,2,4,true,22,5,false,false,October
DST3762,Place_2762,Kerala,East,Hill Station,Temples,Guwahati,Tamil,801477,Raja Bhoj Airport,33859,Summer,Monsoon,11.9,10,41.96,74.34,17.02,16.06,53,1,Easy,false,false,true,45,2208,116,true,5,14.8,891.5,8,4,3,Eid,Sarson da Saag,68,false,8,28693512,false,1,1,true,20,4,false,true,December
DST3763,Place_2763,Maharashtra,Northeast,Beach,Wildlife,Ahmedabad,Malayalam,330389,Chaudhary Charan Singh International Airport,4877,Summer,Monsoon,12.92,6,72.47,89.84,7.15,43.98,440,3,Easy,true,false,false,14,2610,113,true,1,36.5,1393.4,8,1,8,Ganesh Chaturthi,Chole Bhature,55,true,2,27817634,true,1,5,true,44,3,false,false,March
DST3764,Place_2764,Assam,Central,Urban,Temples,Chennai,Bengali,509495,Pune Airport,43871,Monsoon,Monsoon,4.81,11,63.87,73.26,9.13,34.88,401,2,Easy,false,false,false,66,5327,153,true,1,18.1,1336.2,5,10,8,Eid,Dosa,87,true,4,16790371,false,4,3,true,47,3,false,false,August
DST3765,Place_2765,Kerala,Northeast,Heritage,Food,Jaipur,Hindi,955267,Chhatrapati Shivaji Maharaj International Airport,19720,Summer,Winter,9.31,5,47.72,91.8,8.25,47.67,388,4,Easy,false,false,false,69,2097,101,false,5,34.8,1886.6,7,3,3,Durga Puja,Biryani,37,false,2,2561631,false,4,3,true,98,5,true,false,January
DST3766,Place_2766,Goa,West,Hill Station,Wildlife,Hyderabad,Bengali,330882,Rajiv Gandhi International Airport,8676,Monsoon,Summer,4.97,7,77.16,90.36,10.53,24.55,245,3,Moderate,false,false,true,16,1252,167,false,4,19,141.1,5,5,3,Bihu,Idli,68,true,3,21706498,false,1,5,false,54,5,false,false,May
DST3767,Place_2767,Assam,South,Wildlife,Temples,Bengaluru,Malayalam,357157,Netaji Subhas Chandra Bose International Airport,32818,Winter,Summer,2.53,5,60.57,62.17,33.45,51.46,479,4,Easy,false,false,true,95,1433,96,false,1,25.7,1836.4,8,5,6,Eid,Idli,47,true,4,39042756,true,4,5,true,60,2,false,true,January
DST3768,Place_2768,Maharashtra,West,Beach,Scenery,Guwahati,Hindi,576113,Netaji Subhas Chandra Bose International Airport,35348,Monsoon,Summer,10.58,9,66.58,70.68,26.97,42.54,45,3,Moderate,true,false,false,32,2956,102,false,5,33.2,1820,9,4,1,Ganesh Chaturthi,Momos,49,false,7,43455355,true,5,4,false,24,5,false,false,December
DST3769,Place_2769,Tamil Nadu,North,Hill Station,Food,Delhi,Hindi,685093,Sardar Vallabhbhai Patel International Airport,49555,Winter,Summer,3,8,88.36,91.86,22.74,59.39,74,5,Moderate,false,true,false,62,3788,93,true,2,21.8,1237.6,4,7,1,Onam,Rogan Josh,60,true,5,35864883,false,3,5,false,68,5,false,false,January
DST3770,Place_2770,Rajasthan,West,Urban,Scenery,Mumbai,Malayalam,118201,Raja Bhoj Airport,43368,Summer,Monsoon,10.35,6,64.31,61.04,30.63,18.93,148,4,Moderate,true,true,true,60,1083,90,true,2,20.7,816,4,10,5,Durga Puja,Momos,78,false,4,43133480,true,5,1,false,75,4,true,true,May
DST3771,Place_2771,Kerala,Central,Beach,Scenery,Goa,Tamil,357636,Goa International Airport,49180,Summer,Winter,10.07,11,81.17,86.8,38.64,12.56,405,5,Moderate,false,true,false,22,9903,163,false,3,36.6,2533.8,7,10,10,Pongal,Chole Bhature,97,false,9,10999441,false,1,2,false,23,1,false,true,August
DST3772,Place_2772,Maharashtra,Central,Heritage,Wildlife,Kolkata,Hindi,128634,Cochin International Airport,25130,Monsoon,Winter,12.34,7,78.48,91.72,19.62,52.55,2,5,Moderate,true,false,true,69,6776,194,false,4,12.1,1099.9,7,4,7,Lohri,Kebabs,18,false,5,49290473,true,3,3,true,23,1,false,true,March
DST3773,Place_2773,Assam,West,Beach,Culture,Lucknow,Malayalam,504042,Raja Bhoj Airport,34241,Summer,Summer,2.95,12,73.14,86.97,17.86,26.92,8,2,Difficult,true,false,true,61,4045,48,false,5,35.2,1004,8,7,1,Pongal,Chole Bhature,20,false,5,48014263,false,1,5,true,50,1,false,false,January
DST3774,Place_2774,Goa,Central,Beach,Wildlife,Delhi,Marathi,448965,Chennai International Airport,45392,Summer,Monsoon,11.97,8,84.84,86.03,39.22,31.56,1,2,Moderate,true,true,true,54,9408,42,false,4,37.8,1443.2,7,6,2,Onam,Rogan Josh,29,false,6,43366258,true,5,4,true,33,5,true,false,January
DST3775,Place_2775,Maharashtra,South,Heritage,Food,Pune,Bengali,605341,Chennai International Airport,27620,Monsoon,Winter,14.99,3,52.58,89.52,32,56.28,237,1,Easy,false,false,true,91,8628,87,false,4,26.9,906.2,7,6,9,Diwali,Pav Bhaji,43,true,3,27574286,false,1,5,true,14,1,false,false,August
DST3776,Place_2776,Himachal Pradesh,Northeast,Heritage,Food,Kolkata,Hindi,407919,Rajiv Gandhi International Airport,18077,Summer,Winter,12.91,10,81.04,83.3,32.2,32.03,27,4,Moderate,false,true,false,85,6356,40,true,5,30.9,2509.2,6,5,1,Bihu,Rogan Josh,78,true,2,1740241,false,4,1,false,43,2,false,true,August
DST3777,Place_2777,Goa,West,Beach,Wildlife,Cochin,Marathi,488690,Netaji Subhas Chandra Bose International Airport,13663,Winter,Summer,11.53,8,58.89,74.81,26,24.9,289,1,Easy,true,true,true,49,5015,30,false,1,35.8,1738.3,6,8,3,Onam,Rogan Josh,42,true,8,37962758,false,1,5,false,41,3,false,true,October
DST3778,Place_2778,Assam,South,Heritage,Culture,Cochin,Hindi,214090,Sardar Vallabhbhai Patel International Airport,18799,Winter,Winter,10.27,9,80.62,62.2,22.75,12.97,180,4,Moderate,true,true,false,66,3558,187,true,2,23.1,2287.7,10,9,8,Bihu,Kebabs,37,true,6,23134037,true,5,1,true,55,2,false,false,October
DST3779,Place_2779,Tamil Nadu,Northeast,Hill Station,Wildlife,Chennai,Tamil,698964,Chaudhary Charan Singh International Airport,48285,Summer,Summer,6.9,6,64.69,87.58,24.27,32.15,314,2,Easy,true,false,false,69,3276,137,true,3,36.4,2261.6,3,9,2,Bihu,Chole Bhature,62,true,6,41587797,true,4,5,false,86,2,true,false,August
DST3780,Place_2780,Rajasthan,Northeast,Heritage,Food,Guwahati,Malayalam,106798,Devi Ahilya Bai Holkar Airport,18619,Summer,Monsoon,11.23,4,82.89,91.68,27.82,42.75,265,2,Moderate,true,true,true,59,5393,143,true,1,21.2,2385.8,4,6,10,Onam,Rogan Josh,45,true,3,5244865,false,3,2,true,25,1,false,true,January
DST3781,Place_2781,Assam,South,Heritage,Culture,Delhi,Hindi,608377,Chaudhary Charan Singh International Airport,4967,Winter,Summer,11.14,3,84.74,77.91,18.19,23.46,82,2,Difficult,true,false,false,42,3665,197,false,4,19.2,2620.7,10,5,7,Navratri,Rogan Josh,50,false,2,21176700,false,5,4,true,94,1,true,true,May
DST3782,Place_2782,Tamil Nadu,East,Beach,Food,Ahmedabad,Malayalam,559319,Chhatrapati Shivaji Maharaj International Airport,28488,Summer,Winter,9.84,3,69.88,78.64,32.38,45.89,348,4,Easy,false,true,false,8,1504,99,false,4,39.5,2766.4,4,1,2,Onam,Momos,39,true,6,39929098,true,2,1,false,31,2,true,true,January
DST3783,Place_2783,Kerala,West,Hill Station,Culture,Delhi,Hindi,701448,Jaipur International Airport,14211,Winter,Summer,12.15,4,65.38,74.12,36.82,33.91,252,2,Easy,false,true,false,19,5746,150,true,5,10.9,1212.5,9,3,3,Pongal,Biryani,36,false,4,10649401,true,2,5,false,96,2,true,false,October
DST3784,Place_2784,Maharashtra,Northeast,Wildlife,Culture,Guwahati,Tamil,177751,Devi Ahilya Bai Holkar Airport,22169,Monsoon,Summer,7.28,2,79.16,89.99,24.99,52.91,257,1,Moderate,true,true,false,25,4835,67,false,2,19.6,1386.8,6,8,10,Pongal,Vada Pav,59,true,2,1779673,true,5,3,false,41,2,false,false,January
DST3785,Place_2785,Himachal Pradesh,Northeast,Wildlife,Wildlife,Bhopal,Tamil,282482,Raja Bhoj Airport,31373,Winter,Summer,2.7,2,53.35,60.52,18.35,18.09,47,5,Easy,false,false,false,25,7583,181,false,2,23.8,245.2,10,1,9,Holi,Biryani,20,true,3,5712658,true,5,1,false,85,2,false,false,March
DST3786,Place_2786,Goa,Central,Urban,Wildlife,Chennai,Marathi,403032,Pune Airport,33669,Summer,Summer,8.83,8,40.77,81.86,29.35,47.85,133,4,Moderate,false,true,true,55,1940,41,false,3,19.3,2784.5,3,1,4,Navratri,Biryani,26,false,4,44458148,false,2,2,true,50,2,true,true,March
DST3787,Place_2787,Goa,Northeast,Heritage,Wildlife,Delhi,Tamil,411191,Sardar Vallabhbhai Patel International Airport,7634,Summer,Summer,4.71,11,60.35,91.76,11.38,56.63,299,5,Difficult,false,true,false,90,5257,68,false,1,18.5,1802.7,4,8,7,Navratri,Pav Bhaji,59,true,4,42877842,false,2,2,true,31,5,true,false,March
DST3788,Place_2788,Maharashtra,South,Heritage,Culture,Goa,Malayalam,471784,Jaipur International Airport,1840,Winter,Summer,6.38,13,65.39,63.61,38.9,47.07,437,1,Difficult,false,false,true,82,7137,112,false,3,21.1,2165.7,6,7,6,Eid,Rogan Josh,41,true,9,38497545,false,2,3,false,62,2,true,true,August
DST3789,Place_2789,Himachal Pradesh,Northeast,Hill Station,Culture,Lucknow,Tamil,464758,Kempegowda International Airport,35229,Winter,Winter,1.24,12,54.86,93.57,28.03,30.3,198,3,Moderate,false,true,false,39,5702,90,false,4,21.9,1364.4,6,2,7,Navratri,Momos,32,false,9,24500014,false,5,5,true,32,3,false,false,January
DST3790,Place_2790,Maharashtra,East,Wildlife,Food,Goa,Hindi,145955,Chaudhary Charan Singh International Airport,22318,Summer,Summer,6.36,9,59.17,93.87,7.36,21.52,291,2,Moderate,true,true,true,8,5953,182,true,4,12.1,1474.2,5,6,7,Diwali,Momos,54,false,9,36716062,false,4,5,false,44,1,true,true,May
DST3791,Place_2791,Kerala,West,Urban,Scenery,Goa,Tamil,343465,Rajiv Gandhi International Airport,16405,Summer,Winter,12.32,7,46.65,92.54,23.54,14.92,135,1,Difficult,false,true,false,36,2912,192,false,2,33.3,1675.2,1,9,2,Lohri,Biryani,27,false,6,34001936,true,1,5,true,98,3,false,false,October
DST3792,Place_2792,Tamil Nadu,West,Hill Station,Wildlife,Delhi,Malayalam,789224,Sardar Vallabhbhai Patel International Airport,48771,Summer,Summer,8.6,8,53.86,76.19,31.26,42.12,82,3,Easy,false,true,false,96,8239,186,false,4,15,2406.5,10,8,1,Durga Puja,Pav Bhaji,31,false,3,48725859,false,1,5,true,52,4,true,false,August
DST3793,Place_2793,Assam,Northeast,Heritage,Food,Indore,Hindi,572334,Netaji Subhas Chandra Bose International Airport,37240,Monsoon,Monsoon,1.14,2,52,73.4,14.72,17.14,265,4,Easy,false,false,false,16,7725,70,true,1,11.2,1877.6,6,6,10,Diwali,Biryani,37,false,3,15674580,false,4,5,false,71,1,true,true,August
DST3794,Place_2794,Goa,North,Wildlife,Food,Ahmedabad,Marathi,709778,Raja Bhoj Airport,16847,Monsoon,Summer,7.58,2,55.05,84.71,6.78,51.92,416,1,Easy,false,true,true,58,1401,49,true,1,27.7,2452.5,4,2,6,Pongal,Biryani,58,false,9,13075920,true,1,3,false,54,3,false,true,March
DST3795,Place_2795,Kerala,North,Urban,Temples,Jaipur,Marathi,401409,Lokpriya Gopinath Bordoloi International Airport,24547,Winter,Winter,5.08,10,54.95,71.15,22.12,58.04,484,4,Difficult,false,true,true,34,4444,91,true,3,30.1,728.4,8,3,7,Onam,Momos,51,true,6,14349545,false,4,2,true,66,2,true,false,March
DST3796,Place_2796,Tamil Nadu,South,Beach,Wildlife,Chennai,Marathi,670601,Indira Gandhi International Airport,7575,Winter,Winter,7.69,6,67.95,62.39,34.18,16.79,357,5,Moderate,false,false,false,13,4347,171,false,1,32.8,696.9,10,3,2,Lohri,Dosa,24,false,7,19181035,true,4,3,false,76,2,true,true,March
DST3797,Place_2797,Kerala,North,Wildlife,Food,Ahmedabad,Hindi,144350,Indira Gandhi International Airport,31123,Monsoon,Monsoon,6.67,8,52.53,91.55,13.8,28.8,218,5,Difficult,false,false,true,23,2349,122,false,4,12.6,699.8,1,9,2,Diwali,Biryani,29,true,2,11444018,true,1,4,false,64,1,true,false,October
DST3798,Place_2798,Himachal Pradesh,South,Urban,Temples,Hyderabad,Marathi,246450,Chaudhary Charan Singh International Airport,5843,Monsoon,Summer,14.05,7,87.05,82.22,30.1,56.86,348,4,Easy,false,true,true,84,4087,98,false,5,15.2,114,5,9,9,Diwali,Sarson da Saag,41,true,5,38502257,true,1,4,true,40,5,true,false,December
DST3799,Place_2799,Goa,Central,Hill Station,Wildlife,Delhi,Tamil,995600,Sardar Vallabhbhai Patel International Airport,28451,Winter,Monsoon,1.58,5,65.56,67.25,19.27,33.54,18,5,Moderate,false,true,false,34,7050,21,false,2,15.5,619.3,4,5,5,Navratri,Dosa,96,false,6,38268245,false,1,1,true,63,2,false,false,March
DST3800,Place_2800,Assam,South,Beach,Culture,Bengaluru,Hindi,349406,Jaipur International Airport,8739,Monsoon,Summer,10.57,2,46.45,60.64,7.09,36.77,17,5,Moderate,true,true,true,69,3230,152,true,2,27.8,444.4,5,5,7,Onam,Rogan Josh,65,true,4,49739165,true,3,5,true,45,3,false,false,August
DST3801,Place_2801,Maharashtra,North,Urban,Temples,Delhi,Hindi,872467,Goa International Airport,15852,Winter,Summer,12.91,5,53.98,85.32,15.64,47.38,370,2,Easy,true,false,false,49,5963,116,false,2,36.7,1415.9,9,8,1,Ganesh Chaturthi,Pav Bhaji,81,true,5,47124284,true,1,2,true,44,1,false,true,March
DST3802,Place_2802,Maharashtra,Northeast,Urban,Culture,Chennai,Hindi,300887,Devi Ahilya Bai Holkar Airport,10157,Summer,Winter,14.43,11,76.49,89.85,15.99,20.53,178,4,Moderate,false,false,true,27,2791,18,true,5,31.2,469,7,3,4,Eid,Kebabs,62,true,2,19869283,true,5,1,true,23,5,true,false,August
DST3803,Place_2803,Tamil Nadu,Central,Heritage,Scenery,Kolkata,Bengali,914356,Cochin International Airport,23406,Winter,Monsoon,3.49,11,40.68,74.2,36.66,58.96,22,4,Easy,false,false,true,80,8360,157,false,4,19.4,1306,3,9,2,Eid,Rogan Josh,52,true,7,27777156,false,5,4,true,31,2,false,false,December
DST3804,Place_2804,Assam,North,Wildlife,Scenery,Indore,Malayalam,969025,Jaipur International Airport,48284,Monsoon,Monsoon,8.44,9,86.89,62.83,39.36,49.04,384,3,Difficult,true,true,true,9,8181,98,true,1,35.6,2998.6,3,5,5,Pongal,Idli,91,true,8,26203970,true,3,1,true,24,5,false,false,January
DST3805,Place_2805,Rajasthan,South,Heritage,Scenery,Indore,Bengali,107312,Sardar Vallabhbhai Patel International Airport,46200,Monsoon,Winter,1.61,14,62.26,82.7,12.34,18.07,314,2,Moderate,false,true,true,88,5119,120,false,4,30.1,1559.8,7,9,1,Bihu,Sarson da Saag,96,false,2,13364272,true,5,4,true,96,3,false,false,December
DST3806,Place_2806,Himachal Pradesh,East,Beach,Scenery,Ahmedabad,Bengali,916785,Goa International Airport,8432,Monsoon,Winter,7.99,13,66.05,70.39,20.07,15.55,243,1,Easy,true,false,false,71,7949,58,false,3,30.7,2781.5,1,10,10,Holi,Idli,31,false,7,38409077,true,1,4,false,81,1,true,false,October
DST3807,Place_2807,Tamil Nadu,West,Urban,Food,Bengaluru,Bengali,213744,Pune Airport,19837,Winter,Monsoon,2.76,12,89.42,65.04,39.18,56.75,106,2,Easy,true,false,true,70,5350,23,false,4,38.7,2135.5,8,9,7,Durga Puja,Sarson da Saag,29,false,8,20710938,false,3,3,true,59,2,true,false,January
DST3808,Place_2808,Rajasthan,North,Heritage,Scenery,Hyderabad,Malayalam,331745,Chaudhary Charan Singh International Airport,16148,Monsoon,Winter,12.73,14,65.17,77.86,19.25,44.25,130,1,Difficult,true,true,true,47,5044,142,false,4,38.5,2693.5,3,4,2,Lohri,Chole Bhature,89,false,8,21781184,true,2,1,true,33,5,false,false,January
DST3809,Place_2809,Kerala,South,Wildlife,Food,Pune,Bengali,317522,Kempegowda International Airport,12194,Winter,Summer,2.59,2,87.39,76.86,17.22,11.93,9,4,Moderate,true,false,false,88,8474,135,false,2,21.6,1914.2,8,2,3,Lohri,Chole Bhature,10,false,8,2391749,false,2,4,true,51,1,false,true,May
DST3810,Place_2810,Himachal Pradesh,Central,Beach,Food,Hyderabad,Marathi,378336,Chhatrapati Shivaji Maharaj International Airport,33591,Summer,Monsoon,8.19,3,85.76,78.09,8.85,17.1,378,2,Moderate,false,true,false,6,2341,57,false,4,29.1,2449.3,8,7,5,Bihu,Kebabs,60,true,8,40004699,true,4,2,true,49,3,false,true,May
DST3811,Place_2811,Kerala,North,Hill Station,Wildlife,Ahmedabad,Hindi,772810,Sardar Vallabhbhai Patel International Airport,15819,Summer,Monsoon,8.3,9,87.07,88.84,31.36,12.39,198,3,Moderate,true,false,false,52,3814,66,true,5,16.1,978.1,2,1,9,Onam,Kebabs,66,false,2,6931467,false,1,4,false,58,1,true,false,March
DST3812,Place_2812,Assam,North,Heritage,Food,Cochin,Hindi,760792,Pune Airport,7625,Monsoon,Winter,14.6,3,80.62,76.96,20.65,58.7,304,5,Moderate,false,true,false,62,8945,102,true,2,22.4,1178.5,3,7,10,Eid,Pav Bhaji,51,false,5,42031532,true,4,3,true,80,2,true,true,March
DST3813,Place_2813,Goa,West,Beach,Food,Kolkata,Tamil,288297,Indira Gandhi International Airport,8404,Winter,Summer,10.17,12,54.82,91.52,27.35,34.89,311,1,Difficult,false,false,true,44,9613,69,true,3,18.2,2884.8,10,1,4,Onam,Idli,61,false,9,32557619,false,2,1,true,18,4,false,false,August
DST3814,Place_2814,Himachal Pradesh,South,Hill Station,Scenery,Ahmedabad,Marathi,982980,Devi Ahilya Bai Holkar Airport,15674,Winter,Monsoon,5.03,14,57.32,89.46,22.84,33.11,89,5,Difficult,false,true,true,57,9322,90,true,5,21,875.8,1,5,8,Navratri,Kebabs,86,false,6,17815097,false,5,4,true,52,1,false,true,August
DST3815,Place_2815,Rajasthan,East,Heritage,Food,Mumbai,Malayalam,198991,Jaipur International Airport,11507,Monsoon,Monsoon,4.37,13,58.25,82.79,11.11,57.79,143,4,Moderate,true,false,true,63,6544,52,false,5,30.3,1322,6,1,8,Ganesh Chaturthi,Momos,35,true,9,27204394,true,3,5,false,71,2,false,true,October
DST3816,Place_2816,Goa,Central,Beach,Culture,Bengaluru,Hindi,178711,Rajiv Gandhi International Airport,21387,Winter,Summer,2.8,11,88.96,61.99,11.17,35.23,294,4,Easy,true,false,false,72,8312,91,true,3,16.3,1988.4,3,8,10,Navratri,Idli,97,false,7,18455115,true,2,5,false,29,5,false,true,January
DST3817,Place_2817,Maharashtra,South,Beach,Scenery,Kolkata,Bengali,820964,Chaudhary Charan Singh International Airport,19697,Monsoon,Winter,11.59,10,58.04,90.27,37.89,35.89,108,4,Moderate,true,false,false,67,5314,100,false,1,15.4,1238,9,1,4,Navratri,Momos,72,false,3,2943657,true,4,4,true,28,1,false,true,December
DST3818,Place_2818,Rajasthan,Central,Heritage,Temples,Bengaluru,Tamil,765655,Goa International Airport,38391,Monsoon,Winter,10.67,4,45.43,91.7,36.13,59.2,351,5,Moderate,false,false,true,40,9388,73,false,4,21.4,160.7,1,6,4,Pongal,Kebabs,70,false,6,36140783,false,5,1,true,30,1,true,true,January
DST3819,Place_2819,Tamil Nadu,North,Beach,Scenery,Indore,Tamil,106774,Jaipur International Airport,20547,Summer,Winter,9.54,4,78.92,73.13,26.37,15.57,203,4,Easy,false,false,false,44,7738,11,true,4,12.9,2397.5,8,1,2,Holi,Momos,97,true,6,29220601,false,3,3,true,99,4,false,true,October
DST3820,Place_2820,Maharashtra,West,Urban,Food,Bhopal,Hindi,739395,Lokpriya Gopinath Bordoloi International Airport,24570,Monsoon,Winter,1.57,7,58.3,78.42,5.04,59.29,43,4,Moderate,true,false,false,10,6980,10,false,1,34.4,1073.4,7,2,8,Eid,Pav Bhaji,71,true,5,17867116,false,5,2,true,18,4,true,true,December
DST3821,Place_2821,Maharashtra,West,Heritage,Culture,Indore,Marathi,767550,Kempegowda International Airport,40783,Winter,Summer,11.68,4,71.05,69.84,20.17,18.28,7,5,Easy,false,true,true,18,7926,127,true,3,38.8,760.2,7,4,1,Holi,Chole Bhature,76,true,4,37393248,false,2,1,true,70,4,true,true,March
DST3822,Place_2822,Tamil Nadu,Northeast,Beach,Scenery,Bhopal,Tamil,524502,Pune Airport,29037,Monsoon,Summer,9.99,10,86.22,60.52,23.56,33.65,391,4,Difficult,true,false,true,83,5713,73,true,1,34,1566.1,8,8,5,Holi,Pav Bhaji,70,true,8,44523220,true,5,3,false,43,4,true,true,December
DST3823,Place_2823,Himachal Pradesh,East,Hill Station,Culture,Ahmedabad,Hindi,831685,Goa International Airport,31083,Summer,Monsoon,14.49,12,68.78,76.78,20.73,26.88,300,1,Easy,true,true,false,37,2635,81,false,2,25.9,124.5,9,3,8,Bihu,Rogan Josh,55,false,5,27505320,true,5,4,false,79,2,false,false,March
DST3824,Place_2824,Maharashtra,West,Hill Station,Temples,Jaipur,Marathi,328552,Indira Gandhi International Airport,49029,Summer,Monsoon,9.22,9,71.89,64.53,37.39,57.77,394,2,Difficult,false,false,false,23,2394,94,true,2,30.2,2605.3,8,8,6,Eid,Momos,58,true,4,12601144,false,4,2,false,42,4,false,true,March
DST3825,Place_2825,Assam,North,Urban,Temples,Bengaluru,Hindi,696715,Devi Ahilya Bai Holkar Airport,41550,Winter,Summer,5.26,5,72.14,66.42,6.43,34.28,352,1,Moderate,false,false,true,80,3436,33,true,2,34.2,857.9,6,7,10,Pongal,Pav Bhaji,33,false,5,38707354,false,5,1,false,88,4,true,true,March
DST3826,Place_2826,Rajasthan,East,Heritage,Wildlife,Bhopal,Hindi,187513,Raja Bhoj Airport,38982,Monsoon,Monsoon,6.34,7,70.62,76.82,27.92,11.15,152,4,Easy,true,true,true,47,2835,139,false,1,12,2776,1,6,4,Onam,Sarson da Saag,55,false,9,2385521,false,3,4,true,91,3,true,false,December
DST3827,Place_2827,Goa,South,Beach,Wildlife,Mumbai,Marathi,426158,Kempegowda International Airport,40706,Winter,Summer,3.46,9,47.99,90.35,15.98,21.08,16,4,Easy,true,true,false,58,9238,68,true,5,22.5,2065.5,1,10,9,Onam,Chole Bhature,66,true,4,29243295,true,2,2,true,96,4,true,true,August
DST3828,Place_2828,Maharashtra,West,Beach,Scenery,Lucknow,Marathi,851247,Chhatrapati Shivaji Maharaj International Airport,3988,Winter,Winter,11.12,5,62.82,89.56,24.58,31.54,478,4,Moderate,false,true,true,77,6277,111,false,2,14.3,1691.1,7,1,3,Navratri,Biryani,81,false,3,4815967,false,1,4,true,68,2,false,false,March
DST3829,Place_2829,Rajasthan,East,Hill Station,Wildlife,Indore,Marathi,306924,Chennai International Airport,6156,Monsoon,Summer,10.91,14,40.38,93.78,27.96,43.82,338,4,Difficult,false,false,true,87,8947,171,false,1,12.7,2438.1,3,6,9,Eid,Idli,23,true,7,47191810,false,5,5,true,80,2,false,true,March
DST3830,Place_2830,Kerala,North,Urban,Culture,Guwahati,Hindi,941688,Rajiv Gandhi International Airport,39280,Summer,Summer,3.81,6,71.31,76.89,20.43,38.1,236,5,Easy,false,false,false,96,7565,65,true,2,32.8,2980.4,3,6,1,Holi,Pav Bhaji,11,false,3,47886272,false,2,5,false,23,2,true,false,January
DST3831,Place_2831,Rajasthan,Northeast,Hill Station,Wildlife,Kolkata,Tamil,883837,Lokpriya Gopinath Bordoloi International Airport,10788,Winter,Monsoon,3.22,8,68.77,79.32,10.19,52.5,438,2,Easy,false,true,false,96,2051,123,false,2,35.7,828.5,9,10,4,Pongal,Idli,15,false,2,27862738,true,5,3,true,87,5,true,true,May
DST3832,Place_2832,Goa,Central,Hill Station,Culture,Cochin,Malayalam,873940,Chhatrapati Shivaji Maharaj International Airport,15185,Winter,Summer,2.08,9,55.91,88.77,23.17,51.42,334,5,Moderate,true,true,false,99,6296,14,false,4,12.5,1129.8,10,8,10,Lohri,Rogan Josh,85,true,8,15896017,true,5,2,false,62,5,true,false,October
DST3833,Place_2833,Rajasthan,Central,Urban,Wildlife,Mumbai,Malayalam,723031,Chaudhary Charan Singh International Airport,19734,Summer,Winter,13.77,8,66.19,84.49,37.65,39.53,55,5,Difficult,true,true,true,65,9878,118,true,1,15.4,1504.8,4,6,3,Lohri,Idli,70,false,2,45715103,false,4,5,false,63,3,false,true,December
DST3834,Place_2834,Tamil Nadu,North,Heritage,Wildlife,Mumbai,Hindi,289702,Jaipur International Airport,10971,Monsoon,Winter,4.26,9,64.65,66.4,23.76,38.57,43,4,Moderate,true,false,false,17,7862,133,false,4,16.6,1664.5,3,2,2,Navratri,Biryani,45,true,9,10956741,false,2,4,false,93,5,true,true,October
DST3835,Place_2835,Goa,North,Beach,Wildlife,Bhopal,Hindi,346968,Netaji Subhas Chandra Bose International Airport,44408,Monsoon,Monsoon,5.82,5,52.55,73.94,9.3,23.91,308,1,Easy,true,true,false,46,3909,192,true,3,35.7,1703.6,2,10,4,Durga Puja,Sarson da Saag,99,true,4,17427019,false,3,3,true,53,3,false,true,October
DST3836,Place_2836,Himachal Pradesh,Central,Heritage,Food,Pune,Tamil,977622,Netaji Subhas Chandra Bose International Airport,7487,Monsoon,Monsoon,4.93,2,54.66,92.52,33.85,57.9,240,1,Moderate,true,true,false,22,1757,128,false,2,37.4,1692,5,3,4,Holi,Pav Bhaji,77,false,6,9748705,true,1,5,true,38,5,true,false,May
DST3837,Place_2837,Kerala,Northeast,Wildlife,Food,Jaipur,Marathi,938147,Raja Bhoj Airport,21997,Summer,Summer,6.79,7,78.13,65.11,12.76,13.84,418,3,Moderate,true,false,false,97,8435,45,true,2,32.9,2501.9,9,2,9,Navratri,Rogan Josh,39,true,8,22495715,true,5,3,true,16,1,true,false,August
DST3838,Place_2838,Tamil Nadu,East,Wildlife,Wildlife,Delhi,Hindi,107466,Goa International Airport,47456,Winter,Monsoon,11,6,77.79,67.33,17.96,29.85,38,2,Difficult,true,true,false,76,9245,81,true,4,33.9,1273.3,8,3,10,Ganesh Chaturthi,Chole Bhature,57,false,2,40682150,false,2,2,true,55,3,true,false,October
DST3839,Place_2839,Himachal Pradesh,Central,Wildlife,Culture,Jaipur,Bengali,881863,Indira Gandhi International Airport,13452,Summer,Winter,13.19,12,63.49,74.02,20.01,43.04,129,3,Difficult,true,false,true,90,7528,103,false,1,20.3,131.8,8,1,6,Diwali,Momos,25,true,5,20068993,false,2,5,false,99,5,true,true,October
DST3840,Place_2840,Rajasthan,North,Urban,Scenery,Chennai,Marathi,904069,Devi Ahilya Bai Holkar Airport,16372,Winter,Monsoon,3.56,5,75.88,92.9,16.89,57.28,97,5,Moderate,false,true,false,69,7666,192,false,5,22.2,2639.5,1,7,6,Ganesh Chaturthi,Pav Bhaji,73,false,3,20701139,true,5,5,true,78,1,false,true,October
DST3841,Place_2841,Goa,West,Hill Station,Temples,Guwahati,Hindi,492568,Raja Bhoj Airport,45767,Winter,Monsoon,10.61,3,62.54,63.98,19.16,35.08,280,3,Moderate,false,true,false,52,7366,147,true,5,18.4,2020.5,9,5,6,Navratri,Vada Pav,17,false,2,22360311,true,1,1,true,98,3,true,false,October
DST3842,Place_2842,Kerala,South,Heritage,Food,Pune,Bengali,168745,Sardar Vallabhbhai Patel International Airport,14434,Monsoon,Winter,5.94,2,82.57,83.55,32.84,54.8,421,3,Moderate,true,true,true,99,4638,94,true,3,38.8,649.5,8,9,6,Lohri,Chole Bhature,44,false,2,41451502,true,5,1,false,43,3,false,false,December
DST3843,Place_2843,Tamil Nadu,Northeast,Beach,Wildlife,Ahmedabad,Tamil,660605,Cochin International Airport,13416,Monsoon,Summer,14.73,10,56.64,64.62,12.82,15.24,451,3,Easy,false,true,false,88,9099,183,true,1,31.8,185.8,3,7,8,Navratri,Pav Bhaji,33,false,2,37959782,true,1,2,false,55,1,true,false,August
DST3844,Place_2844,Himachal Pradesh,Northeast,Wildlife,Temples,Ahmedabad,Bengali,805126,Cochin International Airport,20248,Monsoon,Summer,5.18,13,86.36,78.36,21.46,36.58,79,2,Difficult,true,true,true,40,3333,61,true,1,20.2,1015.8,8,1,4,Durga Puja,Kebabs,40,false,5,13861750,false,2,2,false,28,3,false,false,March
DST3845,Place_2845,Himachal Pradesh,West,Heritage,Food,Hyderabad,Hindi,234150,Devi Ahilya Bai Holkar Airport,47713,Summer,Monsoon,1.1,3,67.11,78.78,5.7,25.8,287,1,Easy,true,false,true,91,2603,199,false,4,14.1,460.9,9,1,1,Holi,Pav Bhaji,43,false,5,39122552,false,5,1,true,39,1,true,true,December
DST3846,Place_2846,Kerala,West,Wildlife,Scenery,Delhi,Malayalam,857154,Jaipur International Airport,29194,Monsoon,Winter,8.22,10,66.78,61.49,22.77,49.78,334,1,Difficult,false,true,false,85,7967,141,false,2,15.8,2700.8,2,2,3,Onam,Chole Bhature,14,true,2,41159538,false,2,5,false,17,1,true,true,August
DST3847,Place_2847,Assam,North,Wildlife,Culture,Chennai,Hindi,627831,Netaji Subhas Chandra Bose International Airport,34785,Summer,Winter,3.11,7,73.54,93.39,8.91,32.25,233,3,Difficult,true,true,false,49,9635,193,true,2,16.1,905.8,1,7,8,Lohri,Vada Pav,23,true,6,9924735,true,5,3,false,95,3,false,false,August
DST3848,Place_2848,Rajasthan,Central,Beach,Wildlife,Bhopal,Malayalam,484934,Goa International Airport,38458,Monsoon,Winter,1.62,14,57.04,88.23,14.88,33.76,333,2,Easy,false,true,true,14,7910,20,false,1,28.4,2146.4,1,7,1,Holi,Momos,46,true,7,25125791,true,5,2,false,27,3,true,false,January
DST3849,Place_2849,Kerala,East,Urban,Scenery,Goa,Tamil,587843,Pune Airport,9373,Monsoon,Summer,10.78,7,76.22,70.6,16.37,13.24,168,1,Easy,true,true,false,13,5364,114,false,5,37.1,2008.2,1,9,5,Lohri,Sarson da Saag,90,false,7,41088450,true,3,1,false,96,4,false,true,December
DST3850,Place_2850,Himachal Pradesh,Northeast,Hill Station,Food,Goa,Tamil,151052,Cochin International Airport,31283,Monsoon,Winter,11.25,3,56.02,64.57,7.88,31.9,78,4,Moderate,true,false,false,50,1907,187,true,3,36.1,2170.5,5,3,2,Lohri,Biryani,29,false,7,30359016,true,4,3,true,69,4,false,false,August
DST3851,Place_2851,Maharashtra,Northeast,Urban,Wildlife,Bengaluru,Marathi,646352,Chennai International Airport,30415,Summer,Winter,7.45,7,59.88,72.1,17.62,14.04,70,1,Difficult,false,true,false,21,4451,198,true,4,12.1,1637.1,2,3,10,Eid,Idli,74,false,8,29774603,false,5,1,true,97,2,false,false,December
DST3852,Place_2852,Tamil Nadu,West,Heritage,Temples,Indore,Marathi,696575,Indira Gandhi International Airport,27414,Winter,Summer,10.48,4,73.74,91.3,22.43,24.98,262,1,Difficult,false,false,false,71,3140,160,true,1,31.3,2216.1,4,8,4,Ganesh Chaturthi,Dosa,25,true,6,23750107,false,5,4,true,53,2,true,true,December
DST3853,Place_2853,Kerala,Central,Urban,Culture,Bhopal,Malayalam,704730,Lokpriya Gopinath Bordoloi International Airport,15378,Summer,Winter,8.54,8,58.92,64.64,20.09,16.34,199,2,Difficult,true,false,false,37,1594,135,false,3,15,1585.9,1,6,3,Durga Puja,Momos,96,false,8,25722632,false,2,5,true,61,1,true,true,January
DST3854,Place_2854,Assam,Northeast,Heritage,Food,Jaipur,Malayalam,744838,Devi Ahilya Bai Holkar Airport,19336,Summer,Summer,9.82,14,50,72.23,14.81,26.72,210,2,Moderate,false,false,true,69,8947,122,false,1,19.3,1195.1,2,3,1,Ganesh Chaturthi,Pav Bhaji,20,false,5,48157721,true,1,3,false,89,3,true,true,August
DST3855,Place_2855,Himachal Pradesh,East,Heritage,Culture,Kolkata,Tamil,576848,Rajiv Gandhi International Airport,5700,Summer,Monsoon,9.35,11,83.6,77.3,15.32,21.37,17,1,Difficult,false,false,true,24,2539,39,false,3,26.3,2589.5,7,8,5,Lohri,Kebabs,77,false,8,22267716,false,2,1,true,17,1,false,true,December
DST3856,Place_2856,Rajasthan,West,Hill Station,Wildlife,Mumbai,Bengali,114425,Cochin International Airport,14901,Winter,Monsoon,10.32,5,86.11,61.15,27.18,24.26,272,4,Difficult,false,true,true,70,9345,132,true,3,35.2,1430.3,9,3,9,Navratri,Vada Pav,53,false,5,22675501,false,4,3,false,22,4,true,false,December
DST3857,Place_2857,Himachal Pradesh,East,Beach,Scenery,Bengaluru,Malayalam,413625,Chhatrapati Shivaji Maharaj International Airport,25838,Summer,Monsoon,3.79,10,71.34,69.38,30.14,17.42,209,4,Easy,false,false,true,20,8871,97,false,2,17.1,1747.3,6,6,3,Durga Puja,Sarson da Saag,96,false,8,48788385,true,5,4,true,51,2,false,true,December
DST3858,Place_2858,Rajasthan,Central,Hill Station,Culture,Cochin,Malayalam,177347,Chhatrapati Shivaji Maharaj International Airport,23597,Monsoon,Monsoon,4.76,6,80.56,80.85,25.18,31.98,466,3,Easy,false,true,true,77,8039,34,false,4,36.2,1448.5,10,1,1,Pongal,Momos,70,false,3,33497627,false,2,4,true,87,1,false,true,May
DST3859,Place_2859,Kerala,Northeast,Urban,Temples,Hyderabad,Bengali,576330,Netaji Subhas Chandra Bose International Airport,34428,Winter,Monsoon,7.16,13,89.33,71.34,39.17,34.88,116,3,Moderate,true,false,true,18,8033,39,true,4,32,2348.9,10,4,1,Lohri,Pav Bhaji,40,true,6,34421849,true,1,5,false,29,3,true,true,January
DST3860,Place_2860,Rajasthan,South,Heritage,Food,Jaipur,Marathi,696605,Devi Ahilya Bai Holkar Airport,41149,Summer,Summer,7.25,11,70.74,90.47,38.07,51.83,103,1,Difficult,true,false,false,5,1417,176,true,2,30.2,1665.3,5,6,1,Navratri,Dosa,78,true,7,2571128,false,4,1,false,44,2,false,true,May
DST3861,Place_2861,Goa,Northeast,Wildlife,Temples,Goa,Marathi,616066,Indira Gandhi International Airport,36687,Summer,Summer,11.84,4,85.44,92.79,8.45,36.94,76,1,Moderate,false,false,false,39,5348,83,false,5,14,1465.3,10,5,4,Bihu,Pav Bhaji,86,true,9,40217146,true,4,1,false,81,1,true,true,August
DST3862,Place_2862,Goa,Central,Wildlife,Culture,Kolkata,Malayalam,580042,Netaji Subhas Chandra Bose International Airport,30493,Winter,Summer,6.14,2,57.96,75.45,14.15,21.44,314,1,Easy,false,false,true,86,7911,133,false,4,24.2,847.7,7,4,5,Bihu,Chole Bhature,70,true,8,49949502,false,5,1,false,75,2,false,false,May
DST3863,Place_2863,Goa,Northeast,Heritage,Scenery,Hyderabad,Marathi,150530,Chhatrapati Shivaji Maharaj International Airport,32852,Summer,Winter,3.28,2,75.02,78.62,35.39,46.79,10,4,Difficult,true,false,true,5,5407,148,false,2,18.3,2743.5,9,10,8,Pongal,Rogan Josh,18,true,2,26403837,true,4,2,false,96,3,true,false,August
DST3864,Place_2864,Assam,Northeast,Hill Station,Scenery,Mumbai,Marathi,443243,Goa International Airport,11932,Winter,Monsoon,4.52,14,42.79,82.08,6.04,24.86,380,5,Difficult,false,true,false,47,7942,82,false,3,27.6,2603.2,2,1,10,Onam,Sarson da Saag,59,false,4,25668258,true,1,5,false,58,2,false,false,January
DST3865,Place_2865,Assam,North,Beach,Temples,Pune,Marathi,388032,Chaudhary Charan Singh International Airport,24009,Monsoon,Winter,4.01,5,79.45,83.26,25.73,47.82,50,3,Moderate,false,true,false,73,4863,173,true,3,30.2,1351.3,6,4,7,Lohri,Vada Pav,27,false,8,18818048,false,2,4,false,75,1,false,true,May
DST3866,Place_2866,Maharashtra,Northeast,Hill Station,Wildlife,Bhopal,Tamil,782851,Kempegowda International Airport,34583,Summer,Winter,11.24,11,81.49,62.21,38.41,29.36,6,3,Difficult,false,true,false,79,5530,121,false,4,12,2013.2,3,1,10,Eid,Kebabs,24,false,3,49571258,false,4,5,false,78,1,false,true,August
DST3867,Place_2867,Assam,Northeast,Heritage,Wildlife,Goa,Hindi,608653,Raja Bhoj Airport,48278,Summer,Winter,7.58,11,60.06,61.88,28.76,35.68,410,5,Difficult,true,false,true,92,5032,189,true,3,29.3,1573.5,10,10,4,Pongal,Pav Bhaji,33,false,7,33777063,false,3,2,true,98,2,true,false,March
DST3868,Place_2868,Kerala,East,Heritage,Scenery,Delhi,Malayalam,777036,Jaipur International Airport,28994,Monsoon,Monsoon,10.92,5,71.95,90.3,8.22,35.19,442,1,Easy,true,false,true,59,4425,14,true,4,24.9,610.9,10,4,2,Navratri,Momos,56,false,3,2500084,true,2,1,true,10,3,true,false,March
DST3869,Place_2869,Himachal Pradesh,South,Beach,Temples,Goa,Malayalam,427980,Indira Gandhi International Airport,30865,Summer,Winter,6.83,10,82.92,67.7,31.17,57.78,36,3,Moderate,true,true,false,20,2005,85,true,1,35.2,1190.5,4,3,2,Diwali,Pav Bhaji,80,true,9,13068372,false,1,4,false,60,1,false,false,August
DST3870,Place_2870,Himachal Pradesh,East,Urban,Temples,Indore,Tamil,268535,Pune Airport,13289,Summer,Monsoon,13.46,9,84.18,80.44,18.18,17.68,260,4,Easy,false,false,true,71,5360,151,false,2,33.8,2574.3,5,7,2,Navratri,Pav Bhaji,82,true,7,2926739,true,1,1,true,95,5,false,true,December
DST3871,Place_2871,Maharashtra,East,Urban,Temples,Goa,Hindi,996910,Netaji Subhas Chandra Bose International Airport,29293,Winter,Monsoon,14.77,5,45.33,81.86,37.25,56.93,61,5,Moderate,false,false,true,67,7250,157,true,5,22.4,2412.6,5,6,1,Pongal,Idli,89,false,2,35094723,false,5,2,true,80,2,false,true,January
DST3872,Place_2872,Assam,West,Beach,Culture,Pune,Hindi,935422,Cochin International Airport,5734,Summer,Monsoon,10.38,7,81.37,65.76,15.02,38.1,199,4,Easy,true,false,false,76,3979,29,false,4,39.3,397.2,10,6,6,Onam,Kebabs,43,false,8,3244703,false,4,2,false,63,4,false,true,October
DST3873,Place_2873,Rajasthan,North,Urban,Wildlife,Kolkata,Tamil,710832,Netaji Subhas Chandra Bose International Airport,21013,Monsoon,Winter,13.09,8,53.71,86.66,21.56,59.68,329,1,Moderate,false,true,false,26,1439,181,false,5,27.6,318.4,8,10,4,Bihu,Pav Bhaji,32,true,9,28794074,false,5,1,true,96,1,false,true,May
DST3874,Place_2874,Maharashtra,East,Wildlife,Wildlife,Pune,Bengali,687915,Sardar Vallabhbhai Patel International Airport,36521,Summer,Monsoon,8.11,11,76.37,90.31,31.13,38.66,484,3,Difficult,false,true,false,60,2837,109,false,2,38.9,2575.2,5,3,3,Lohri,Vada Pav,29,false,2,41824152,false,4,1,false,97,4,true,false,October
DST3875,Place_2875,Rajasthan,Central,Urban,Culture,Kolkata,Bengali,513437,Chennai International Airport,7505,Winter,Monsoon,14.08,9,56.26,69.99,14.01,42.82,89,4,Difficult,false,false,true,56,4209,34,false,2,31.6,2708,2,6,1,Durga Puja,Biryani,54,false,5,12117894,true,2,3,true,35,4,false,false,May
DST3876,Place_2876,Rajasthan,Central,Urban,Food,Chennai,Hindi,870325,Cochin International Airport,45327,Monsoon,Summer,12.64,5,42.82,90.72,11.36,47.48,78,5,Moderate,true,true,false,85,1894,178,false,1,22.2,953.3,2,3,7,Onam,Biryani,45,false,6,15673324,false,5,4,true,87,3,false,false,May
DST3877,Place_2877,Tamil Nadu,Northeast,Urban,Culture,Chennai,Bengali,850230,Goa International Airport,48673,Monsoon,Winter,14.88,2,50.49,62.84,5.09,51.09,54,1,Moderate,false,false,true,31,1650,119,true,2,17,1112.9,1,7,9,Lohri,Rogan Josh,55,true,9,6595478,true,5,4,false,31,3,true,false,March
DST3878,Place_2878,Himachal Pradesh,West,Wildlife,Temples,Bhopal,Bengali,602270,Rajiv Gandhi International Airport,5685,Monsoon,Summer,9.72,6,60.43,88.02,22.08,33.88,399,3,Moderate,true,true,false,68,8795,136,false,3,24,1073.8,2,2,4,Lohri,Momos,18,false,8,9311928,false,5,5,false,58,3,false,false,December
DST3879,Place_2879,Goa,North,Urban,Culture,Bhopal,Bengali,228345,Netaji Subhas Chandra Bose International Airport,19409,Monsoon,Summer,11.91,2,77.06,82.4,37.5,43.93,220,3,Moderate,false,true,false,49,8661,78,false,5,38.1,468.2,1,9,1,Durga Puja,Idli,23,false,9,44037368,true,5,5,true,55,2,false,true,May
DST3880,Place_2880,Assam,North,Wildlife,Temples,Lucknow,Hindi,579053,Pune Airport,20517,Winter,Winter,8.6,12,45.04,80.41,14.85,40.74,91,1,Difficult,false,true,false,71,5985,100,false,2,13.9,2260.5,3,10,3,Ganesh Chaturthi,Dosa,52,true,8,28782292,false,3,2,false,26,4,false,false,August
DST3881,Place_2881,Rajasthan,Northeast,Beach,Scenery,Lucknow,Bengali,697131,Rajiv Gandhi International Airport,45533,Winter,Summer,4.63,12,80.65,68.05,6.52,30.35,73,1,Moderate,false,true,false,30,3562,11,false,2,23.8,1173.2,5,2,9,Durga Puja,Idli,93,true,9,44066848,false,3,4,true,69,1,true,false,December
DST3882,Place_2882,Tamil Nadu,Central,Hill Station,Temples,Goa,Malayalam,129251,Chennai International Airport,31475,Winter,Monsoon,5.97,5,89.85,72.66,26.72,51.04,55,1,Difficult,true,false,true,17,7075,149,true,5,20.4,2525.1,3,1,1,Navratri,Kebabs,86,false,5,28956817,true,5,2,false,94,4,true,true,May
DST3883,Place_2883,Himachal Pradesh,South,Beach,Wildlife,Pune,Hindi,539802,Sardar Vallabhbhai Patel International Airport,37989,Winter,Summer,13.52,8,79.41,91.86,6.97,19.62,231,4,Difficult,false,true,false,85,5215,37,false,5,36,2647.7,7,4,1,Navratri,Momos,70,true,6,17698650,true,4,1,true,17,5,false,true,August
DST3884,Place_2884,Goa,West,Hill Station,Culture,Ahmedabad,Tamil,855053,Netaji Subhas Chandra Bose International Airport,16327,Summer,Summer,1.78,8,63.69,76.3,22.74,18.36,178,2,Moderate,false,true,false,34,4783,53,true,1,34.1,2747.1,10,8,5,Durga Puja,Chole Bhature,90,true,8,34305127,true,5,4,false,70,4,false,true,August
DST3885,Place_2885,Rajasthan,Northeast,Beach,Temples,Pune,Bengali,698706,Lokpriya Gopinath Bordoloi International Airport,4671,Winter,Monsoon,9.28,2,68.41,80.8,18.35,46.82,451,3,Difficult,true,false,false,97,1054,150,false,2,26.6,2472,2,7,5,Lohri,Momos,31,false,6,37162549,true,3,2,true,70,4,true,false,October
DST3886,Place_2886,Rajasthan,West,Hill Station,Food,Cochin,Marathi,939052,Rajiv Gandhi International Airport,5941,Summer,Summer,6.21,10,40.31,92.75,21.64,41.87,429,4,Moderate,false,false,true,82,2517,94,true,3,22.5,2387.8,5,6,8,Durga Puja,Chole Bhature,14,true,9,45140958,true,3,3,false,11,2,true,false,December
DST3887,Place_2887,Maharashtra,Central,Hill Station,Scenery,Pune,Hindi,634328,Lokpriya Gopinath Bordoloi International Airport,27372,Monsoon,Monsoon,6.41,3,50.46,76.33,10.69,25.88,60,5,Difficult,false,true,false,34,9547,52,true,3,30.5,1403.5,3,10,1,Holi,Idli,68,false,9,2935623,true,5,3,false,57,1,false,true,March
DST3888,Place_2888,Maharashtra,Central,Heritage,Food,Ahmedabad,Tamil,276950,Rajiv Gandhi International Airport,13466,Summer,Winter,13.38,6,84.95,73.59,8.16,41.76,359,3,Moderate,false,false,true,48,6587,64,true,1,38.6,178.1,2,7,8,Lohri,Vada Pav,41,false,8,10962434,false,5,4,true,55,5,true,false,January
DST3889,Place_2889,Himachal Pradesh,South,Hill Station,Food,Delhi,Malayalam,499185,Chaudhary Charan Singh International Airport,19286,Summer,Summer,12.95,7,41.09,91.26,31.21,48.53,116,2,Moderate,true,true,false,52,5869,145,false,2,13,425,4,4,2,Navratri,Vada Pav,85,true,4,37176034,false,4,4,false,70,2,true,false,January
DST3890,Place_2890,Goa,South,Hill Station,Food,Goa,Tamil,113162,Rajiv Gandhi International Airport,45959,Summer,Winter,9.38,2,85.24,91.88,13.6,20.85,77,5,Easy,true,true,true,13,6007,133,true,5,37,1639.5,9,8,1,Ganesh Chaturthi,Momos,44,true,3,1567027,true,3,5,true,15,5,false,false,January
DST3891,Place_2891,Rajasthan,North,Heritage,Scenery,Indore,Bengali,689723,Chhatrapati Shivaji Maharaj International Airport,5588,Winter,Summer,4.82,13,45.66,72.41,33.01,39.07,235,3,Easy,true,true,true,52,6841,73,false,3,18.8,1144.1,9,4,8,Diwali,Idli,13,false,4,6211119,false,5,4,false,22,4,false,true,December
DST3892,Place_2892,Himachal Pradesh,West,Urban,Scenery,Jaipur,Marathi,361989,Chennai International Airport,29080,Winter,Monsoon,7.66,3,46.65,80.72,31.55,51.23,32,2,Moderate,false,true,true,60,3265,126,true,2,10.1,2504.3,6,10,10,Ganesh Chaturthi,Kebabs,90,false,2,23207594,true,1,5,false,38,1,false,true,August
DST3893,Place_2893,Himachal Pradesh,West,Urban,Scenery,Guwahati,Bengali,742792,Pune Airport,25544,Monsoon,Summer,6.72,8,48.77,93.73,11.94,30.56,54,1,Easy,false,false,true,72,9915,21,false,1,32.2,1733.1,7,8,2,Holi,Kebabs,94,false,4,25291443,false,5,3,true,72,4,false,true,May
DST3894,Place_2894,Kerala,Central,Heritage,Scenery,Ahmedabad,Tamil,436811,Sardar Vallabhbhai Patel International Airport,11811,Winter,Winter,5.95,7,79.97,61.94,36.79,38.59,242,2,Difficult,true,false,true,10,7124,50,true,1,33.7,386.6,1,5,5,Durga Puja,Sarson da Saag,91,true,9,27144609,true,3,3,true,55,2,false,false,October
DST3895,Place_2895,Assam,North,Wildlife,Food,Cochin,Hindi,490802,Chennai International Airport,19733,Summer,Monsoon,2.44,7,63.91,61.39,10.64,13.93,273,3,Moderate,true,true,true,69,4389,53,false,5,19.1,1487.7,3,9,10,Navratri,Chole Bhature,56,false,4,30895254,false,1,3,false,43,1,false,true,August
DST3896,Place_2896,Maharashtra,Northeast,Hill Station,Wildlife,Goa,Marathi,629325,Kempegowda International Airport,41696,Winter,Monsoon,8.6,7,47.26,78.08,32.9,51.52,395,2,Moderate,true,false,false,93,5359,20,true,1,33.4,2483.7,2,7,6,Holi,Rogan Josh,82,false,3,41776388,true,1,1,false,93,5,true,false,August
DST3897,Place_2897,Goa,West,Hill Station,Wildlife,Indore,Marathi,422670,Devi Ahilya Bai Holkar Airport,49093,Winter,Winter,5.23,8,74.34,70.19,19.72,49.81,73,3,Moderate,true,false,true,71,8185,28,true,1,33.9,2602.9,9,10,3,Lohri,Chole Bhature,87,true,9,42127325,false,1,4,true,24,1,true,false,January
DST3898,Place_2898,Rajasthan,North,Heritage,Scenery,Kolkata,Tamil,974346,Devi Ahilya Bai Holkar Airport,40888,Summer,Winter,10.25,11,87.03,80.36,11.41,32.81,20,3,Easy,true,true,true,25,2837,134,true,1,30.3,581.6,10,10,9,Navratri,Biryani,63,true,8,6035277,true,4,3,false,83,1,false,false,August
DST3899,Place_2899,Himachal Pradesh,North,Heritage,Culture,Jaipur,Bengali,245765,Goa International Airport,48042,Monsoon,Summer,5.47,13,68.62,85.35,37.83,15.96,352,2,Easy,true,true,false,82,9623,69,false,3,11.2,390.9,8,6,9,Eid,Sarson da Saag,69,true,9,23876788,false,5,5,true,33,2,false,true,December
DST3900,Place_2900,Rajasthan,Central,Wildlife,Temples,Guwahati,Tamil,619405,Chhatrapati Shivaji Maharaj International Airport,31059,Winter,Summer,7.04,13,44.94,62.42,38.71,43.02,461,2,Difficult,true,true,true,34,2819,164,true,5,30,1222.3,3,2,8,Pongal,Momos,60,false,9,18868543,true,1,5,true,91,2,true,false,January
DST3901,Place_2901,Kerala,North,Urban,Culture,Mumbai,Marathi,978594,Lokpriya Gopinath Bordoloi International Airport,38487,Monsoon,Monsoon,1.73,10,42.74,90.88,22.9,38.65,200,5,Easy,false,true,true,61,3377,130,true,5,38,290,10,6,7,Durga Puja,Vada Pav,97,true,4,3140161,false,4,2,true,12,4,false,false,January
DST3902,Place_2902,Goa,South,Beach,Culture,Goa,Tamil,159090,Sardar Vallabhbhai Patel International Airport,41849,Summer,Winter,14.9,10,79.79,69.69,21.42,55.97,153,5,Easy,false,false,false,59,5371,164,false,5,28.6,2206.4,8,1,5,Ganesh Chaturthi,Kebabs,22,true,3,32869101,false,3,2,false,37,1,true,true,December
DST3903,Place_2903,Himachal Pradesh,South,Urban,Culture,Delhi,Marathi,689848,Lokpriya Gopinath Bordoloi International Airport,15550,Winter,Winter,8.11,3,71.3,73.35,36.53,23.99,253,4,Difficult,true,true,false,6,2445,23,false,1,21,1397.8,10,2,10,Navratri,Chole Bhature,44,true,3,4999748,true,1,1,false,59,1,false,false,January
DST3904,Place_2904,Rajasthan,East,Hill Station,Wildlife,Guwahati,Bengali,499178,Devi Ahilya Bai Holkar Airport,11864,Monsoon,Summer,1.34,3,86.13,71.8,25.86,11.62,206,3,Moderate,false,true,false,52,8080,161,false,1,26.9,674.8,8,5,2,Durga Puja,Biryani,25,false,3,45640998,true,5,5,true,85,3,true,false,December
DST3905,Place_2905,Maharashtra,Central,Heritage,Temples,Mumbai,Hindi,590167,Goa International Airport,26394,Monsoon,Summer,8.58,6,67.36,89.39,14.31,22.74,148,5,Moderate,true,false,false,26,5822,73,true,3,39.8,397.2,8,7,3,Navratri,Idli,77,true,3,33530235,false,1,2,false,25,4,true,true,August
DST3906,Place_2906,Assam,Northeast,Wildlife,Culture,Lucknow,Hindi,451696,Kempegowda International Airport,20061,Summer,Monsoon,13.18,11,43.12,65.97,19.88,31.4,405,4,Difficult,false,true,true,17,2903,161,true,1,24.2,2789.3,4,1,5,Durga Puja,Dosa,12,true,4,6038459,false,3,4,true,58,3,false,true,October
DST3907,Place_2907,Kerala,East,Urban,Scenery,Cochin,Tamil,378588,Rajiv Gandhi International Airport,13624,Winter,Winter,11.82,8,60.18,61,34.26,17.77,182,3,Easy,false,true,true,93,2915,139,false,3,35.2,224.9,7,2,8,Bihu,Dosa,71,false,5,12985449,false,3,4,false,51,2,false,false,March
DST3908,Place_2908,Goa,South,Wildlife,Wildlife,Bengaluru,Marathi,402587,Raja Bhoj Airport,25934,Monsoon,Winter,10.81,13,72.9,94.01,35.08,58.99,301,4,Difficult,true,false,true,47,6267,189,true,5,14.2,383.8,10,4,1,Diwali,Vada Pav,88,false,5,16747457,false,1,4,false,12,5,true,false,December
DST3909,Place_2909,Kerala,East,Urban,Scenery,Goa,Hindi,771866,Chennai International Airport,4361,Monsoon,Winter,2.95,13,59.24,94.32,37.87,21.12,296,5,Difficult,false,false,false,79,4121,104,false,3,11.7,779.3,8,9,1,Onam,Idli,40,true,7,8250391,false,5,4,false,42,4,false,true,May
DST3910,Place_2910,Maharashtra,Central,Hill Station,Scenery,Chennai,Marathi,531600,Lokpriya Gopinath Bordoloi International Airport,14707,Monsoon,Winter,10.21,14,89.98,69.02,15.09,43.89,490,4,Moderate,false,true,false,78,9776,21,true,2,21.7,374.5,10,8,7,Navratri,Dosa,10,true,2,41308380,false,4,2,true,97,1,false,false,December
DST3911,Place_2911,Goa,Central,Beach,Culture,Mumbai,Bengali,609090,Devi Ahilya Bai Holkar Airport,2924,Monsoon,Summer,11.73,4,60.27,60.33,28.8,32.71,260,2,Easy,false,true,false,53,4965,197,false,4,14.1,1968.4,5,10,1,Bihu,Dosa,71,false,3,12936348,true,1,1,false,10,3,true,false,January
DST3912,Place_2912,Kerala,North,Wildlife,Scenery,Hyderabad,Tamil,459373,Cochin International Airport,30487,Monsoon,Summer,9.01,4,67.31,82.61,7.39,37.76,43,4,Moderate,false,false,false,41,3152,67,false,1,19.9,732.8,9,9,3,Pongal,Chole Bhature,10,true,9,4752660,false,3,2,true,60,1,false,false,August
DST3913,Place_2913,Tamil Nadu,West,Wildlife,Temples,Bhopal,Marathi,474458,Pune Airport,13647,Monsoon,Summer,13.5,5,51.27,82.7,30.41,56.63,143,1,Moderate,true,true,true,93,1291,103,true,5,31.5,1491.8,9,4,8,Bihu,Momos,42,false,9,29403093,false,4,4,false,87,5,false,false,March
DST3914,Place_2914,Maharashtra,North,Beach,Scenery,Guwahati,Tamil,613062,Lokpriya Gopinath Bordoloi International Airport,32734,Monsoon,Monsoon,4.88,4,47.61,92.91,24.71,36.58,243,1,Difficult,true,false,false,39,7375,51,false,4,23.4,2594.7,3,7,9,Lohri,Momos,99,false,5,18658194,false,5,3,true,18,1,false,false,August
DST3915,Place_2915,Maharashtra,Central,Wildlife,Culture,Pune,Marathi,648536,Sardar Vallabhbhai Patel International Airport,30018,Monsoon,Winter,4.39,4,72.27,70.45,13.74,25.26,418,4,Moderate,false,false,false,23,6220,10,false,4,19.6,2491.8,3,3,5,Diwali,Idli,51,false,2,13815549,false,1,4,false,25,3,false,false,December
DST3916,Place_2916,Maharashtra,South,Wildlife,Scenery,Kolkata,Marathi,539378,Jaipur International Airport,22627,Monsoon,Summer,13.17,9,69.43,66.63,27.91,21.04,4,1,Moderate,false,true,true,32,7402,159,false,5,36.7,524.1,8,8,6,Durga Puja,Vada Pav,74,true,8,24183227,false,3,1,false,82,4,false,false,August
DST3917,Place_2917,Tamil Nadu,Northeast,Urban,Wildlife,Guwahati,Bengali,798050,Goa International Airport,22031,Monsoon,Winter,9.76,8,40.22,81.57,9.73,54.6,61,4,Moderate,true,false,false,61,6602,115,false,4,10.3,357.3,7,7,8,Diwali,Idli,25,false,4,17955581,false,4,5,false,85,1,false,false,May
DST3918,Place_2918,Tamil Nadu,South,Urban,Wildlife,Mumbai,Tamil,489665,Kempegowda International Airport,40449,Winter,Summer,1.02,14,54.24,79.73,16.68,59.34,345,4,Easy,false,true,false,65,8779,81,false,3,34.4,2026.3,9,8,3,Ganesh Chaturthi,Vada Pav,46,true,9,48464357,true,2,5,true,40,3,false,true,January
DST3919,Place_2919,Rajasthan,North,Beach,Wildlife,Cochin,Malayalam,868112,Raja Bhoj Airport,3701,Summer,Monsoon,5.94,8,72.18,85.12,19.03,22.59,25,4,Easy,true,false,true,47,4228,150,false,5,28.6,709.9,2,9,1,Onam,Pav Bhaji,61,false,7,11161336,true,4,4,true,58,2,true,true,August
DST3920,Place_2920,Himachal Pradesh,Northeast,Hill Station,Food,Mumbai,Marathi,168008,Goa International Airport,47943,Summer,Summer,13.01,11,80.61,90.98,32.2,46.1,316,1,Moderate,false,false,false,64,8047,47,true,5,11.4,2366.2,2,6,9,Holi,Chole Bhature,44,false,8,27084606,false,3,1,true,15,1,true,true,May
DST3921,Place_2921,Assam,Central,Wildlife,Wildlife,Bengaluru,Marathi,946741,Chaudhary Charan Singh International Airport,43890,Summer,Monsoon,1.38,3,55.62,79.59,15.81,35.29,434,3,Difficult,false,true,false,14,5008,85,true,3,11,1360,7,4,2,Pongal,Dosa,81,true,9,42617719,false,3,2,true,39,1,false,false,August
DST3922,Place_2922,Kerala,South,Hill Station,Wildlife,Bhopal,Hindi,143237,Chhatrapati Shivaji Maharaj International Airport,17719,Monsoon,Winter,1.05,12,72.37,65.25,6.72,44.93,324,4,Difficult,false,true,true,83,8587,61,true,2,15.2,548.1,8,3,9,Holi,Idli,56,false,2,44493340,false,2,1,true,54,5,true,false,March
DST3923,Place_2923,Rajasthan,Central,Beach,Food,Lucknow,Tamil,370248,Chhatrapati Shivaji Maharaj International Airport,10718,Summer,Summer,4.94,10,53.26,80.93,11.33,58.21,183,4,Moderate,true,false,false,71,8581,120,true,2,39.3,2925.2,3,3,2,Lohri,Idli,11,false,9,29768170,true,2,4,true,98,1,true,false,October
DST3924,Place_2924,Kerala,Northeast,Beach,Wildlife,Indore,Malayalam,707518,Cochin International Airport,1056,Monsoon,Summer,13.8,14,74.52,73.09,26.28,23.8,305,2,Easy,false,true,false,28,5656,89,true,4,12.6,261.3,1,6,8,Onam,Vada Pav,53,false,5,27610747,true,2,2,false,38,3,false,false,October
DST3925,Place_2925,Assam,Northeast,Urban,Culture,Pune,Bengali,452410,Chaudhary Charan Singh International Airport,47741,Winter,Summer,13.62,7,74.9,75.85,5.53,47,380,2,Difficult,true,false,true,78,2002,93,false,5,32.2,460.5,10,8,3,Pongal,Momos,62,true,7,1223552,true,5,5,true,61,5,false,false,January
DST3926,Place_2926,Himachal Pradesh,South,Wildlife,Wildlife,Goa,Malayalam,659268,Lokpriya Gopinath Bordoloi International Airport,16352,Summer,Winter,8.26,4,46.51,93.58,32.73,31.9,35,5,Difficult,true,true,true,48,5552,117,false,3,22,2454.9,7,8,9,Ganesh Chaturthi,Vada Pav,91,false,2,25915095,false,3,4,false,38,5,false,true,October
DST3927,Place_2927,Tamil Nadu,Central,Heritage,Wildlife,Goa,Bengali,885345,Raja Bhoj Airport,48820,Winter,Monsoon,8.75,10,73.25,79.42,36.54,42.63,407,1,Easy,true,true,false,34,2539,169,false,5,17.1,1412.8,6,8,10,Holi,Pav Bhaji,83,false,2,12885636,false,1,5,true,95,1,true,true,May
DST3928,Place_2928,Himachal Pradesh,East,Beach,Food,Bhopal,Malayalam,699278,Chhatrapati Shivaji Maharaj International Airport,4147,Winter,Monsoon,5.65,10,56.68,65.24,22.34,30.33,462,3,Easy,true,true,true,49,9275,164,false,3,27.3,2820.4,1,9,4,Pongal,Idli,19,false,7,8188920,false,5,4,true,77,4,false,false,May
DST3929,Place_2929,Tamil Nadu,Central,Wildlife,Culture,Pune,Malayalam,270632,Indira Gandhi International Airport,4537,Monsoon,Summer,4.41,7,48.63,75.51,29.77,45.42,29,4,Difficult,false,true,true,93,2936,107,false,2,21,427.7,9,1,8,Onam,Pav Bhaji,54,true,7,33466978,true,3,2,true,82,2,false,false,October
DST3930,Place_2930,Assam,Northeast,Hill Station,Scenery,Guwahati,Tamil,371698,Indira Gandhi International Airport,23812,Summer,Winter,12.41,14,65.02,68,21.19,26.88,68,4,Moderate,true,false,false,64,4285,198,true,2,19.3,555.3,6,7,4,Durga Puja,Biryani,85,false,9,8069124,false,4,1,false,94,4,false,true,May
DST3931,Place_2931,Himachal Pradesh,Central,Urban,Temples,Bengaluru,Hindi,977481,Sardar Vallabhbhai Patel International Airport,1721,Winter,Monsoon,2.49,11,62.61,64.74,15.81,34.42,231,1,Difficult,true,true,false,57,4462,95,true,4,17.2,105.3,5,10,3,Diwali,Biryani,67,false,2,49920204,false,2,5,false,20,3,true,true,August
DST3932,Place_2932,Rajasthan,North,Hill Station,Culture,Ahmedabad,Malayalam,600223,Jaipur International Airport,46037,Summer,Monsoon,7.82,7,78.69,84.93,10.77,45.44,175,5,Easy,true,true,false,29,3406,71,true,3,23.7,729.6,3,9,1,Bihu,Chole Bhature,33,true,5,35494623,false,4,2,false,86,1,true,true,August
DST3933,Place_2933,Goa,East,Beach,Scenery,Cochin,Marathi,277059,Pune Airport,17769,Winter,Monsoon,9.88,9,44.23,82,23.14,12.14,277,5,Easy,true,true,false,80,6492,12,false,2,15.1,2006.1,9,2,4,Lohri,Dosa,31,true,9,3213558,false,1,5,true,29,1,false,false,May
DST3934,Place_2934,Rajasthan,West,Beach,Culture,Bengaluru,Marathi,786345,Devi Ahilya Bai Holkar Airport,41194,Winter,Monsoon,2.45,9,79.49,77.42,37.55,26.4,32,2,Easy,false,true,true,8,2597,90,false,1,35.6,2197.7,7,4,2,Diwali,Kebabs,50,false,7,38907305,false,5,3,true,83,2,false,false,December
DST3935,Place_2935,Kerala,North,Hill Station,Scenery,Hyderabad,Marathi,148167,Rajiv Gandhi International Airport,47556,Monsoon,Monsoon,8.27,7,45.3,74.81,36.15,37.31,68,1,Easy,true,true,true,96,9249,135,false,2,27.8,1346.8,4,6,9,Bihu,Idli,14,false,9,38972506,false,4,2,true,66,4,false,false,March
DST3936,Place_2936,Rajasthan,West,Beach,Scenery,Jaipur,Hindi,347605,Indira Gandhi International Airport,47775,Summer,Summer,9.09,8,50.37,71.28,37.19,13.71,351,5,Moderate,true,true,false,88,7827,100,true,5,11.9,846.3,1,4,2,Diwali,Biryani,95,true,9,2036887,true,1,2,true,96,4,true,false,January
DST3937,Place_2937,Assam,South,Wildlife,Culture,Guwahati,Malayalam,795788,Kempegowda International Airport,44847,Monsoon,Summer,11.39,5,65.79,63.08,38.82,45.16,254,5,Difficult,true,true,true,78,6945,112,true,3,23.7,2177.4,4,9,8,Bihu,Sarson da Saag,13,true,3,35548226,false,4,1,true,97,4,false,false,May
DST3938,Place_2938,Maharashtra,West,Beach,Food,Hyderabad,Bengali,429382,Chaudhary Charan Singh International Airport,15346,Monsoon,Summer,4.29,2,63.16,70.47,10.79,50.66,49,3,Easy,true,false,false,35,3921,119,true,1,28.9,600.6,3,10,10,Onam,Chole Bhature,91,false,8,35983552,true,3,1,true,53,4,true,false,January
DST3939,Place_2939,Kerala,Central,Urban,Culture,Bengaluru,Bengali,346150,Chennai International Airport,40883,Monsoon,Monsoon,5.11,5,89.44,89.34,10.13,18.17,495,2,Easy,false,false,false,23,7983,104,true,2,35.8,2324.5,6,1,10,Bihu,Idli,68,false,4,41133950,false,4,4,true,20,5,false,false,October
DST3940,Place_2940,Himachal Pradesh,West,Wildlife,Culture,Chennai,Tamil,818083,Jaipur International Airport,11911,Monsoon,Monsoon,8.97,9,69.47,87.43,19.97,46.67,22,2,Easy,true,true,true,6,7229,40,true,2,10.7,2381.1,1,9,7,Diwali,Pav Bhaji,31,true,3,4918203,true,2,1,true,42,2,false,false,March
DST3941,Place_2941,Kerala,Northeast,Heritage,Scenery,Ahmedabad,Hindi,117038,Pune Airport,1259,Monsoon,Monsoon,14.76,13,56.37,94.03,29.13,42.31,253,2,Difficult,false,false,false,8,8022,179,true,3,23.7,1379.1,4,10,6,Diwali,Rogan Josh,69,false,6,42936988,true,2,4,false,68,3,false,true,August
DST3942,Place_2942,Goa,North,Beach,Temples,Chennai,Malayalam,515435,Lokpriya Gopinath Bordoloi International Airport,21872,Winter,Summer,4.04,14,85.01,82.96,20.39,30.54,393,5,Easy,true,true,false,83,7810,67,true,1,31.2,661.5,1,1,4,Durga Puja,Vada Pav,79,false,3,11843221,true,3,1,false,96,4,false,false,May
DST3943,Place_2943,Tamil Nadu,North,Beach,Scenery,Hyderabad,Marathi,913829,Cochin International Airport,9791,Summer,Monsoon,14.8,9,55.61,79.38,36.23,18.25,163,4,Difficult,false,false,true,42,8546,52,false,3,15.9,1926.6,1,1,3,Bihu,Biryani,20,true,9,5754116,false,5,1,true,77,2,true,false,December
DST3944,Place_2944,Himachal Pradesh,West,Urban,Wildlife,Pune,Hindi,174491,Raja Bhoj Airport,8536,Summer,Summer,11,3,53.69,70.36,30.11,57.74,369,5,Moderate,true,true,false,37,7466,169,true,2,16.6,2575,6,5,10,Durga Puja,Chole Bhature,55,false,8,19809386,false,2,4,false,58,2,false,false,March
DST3945,Place_2945,Kerala,North,Urban,Culture,Hyderabad,Hindi,653890,Kempegowda International Airport,21432,Monsoon,Monsoon,12.57,8,64.72,62.69,27.19,33.2,272,5,Easy,true,true,false,22,5106,167,true,4,24.7,1635.6,6,1,5,Lohri,Dosa,50,false,7,24987322,true,4,3,true,24,1,false,true,January
DST3946,Place_2946,Himachal Pradesh,Northeast,Hill Station,Culture,Delhi,Malayalam,678759,Jaipur International Airport,33750,Summer,Summer,2.25,14,85.66,81.63,7.49,19.18,180,1,Moderate,true,true,true,36,4939,92,true,3,36.5,1437.1,9,10,2,Onam,Chole Bhature,16,true,4,32392779,false,2,2,true,12,3,true,true,May
DST3947,Place_2947,Himachal Pradesh,North,Hill Station,Food,Lucknow,Tamil,817510,Chaudhary Charan Singh International Airport,42715,Winter,Winter,5.21,2,75.43,77.09,11.14,45.91,346,2,Difficult,true,false,false,81,8745,136,false,2,21.9,2939.7,7,9,2,Ganesh Chaturthi,Dosa,33,true,9,29992475,false,3,4,false,76,3,false,false,August
DST3948,Place_2948,Himachal Pradesh,West,Hill Station,Scenery,Guwahati,Tamil,983513,Kempegowda International Airport,45537,Monsoon,Monsoon,1.81,3,73.87,86.57,19.99,40.39,249,2,Moderate,false,true,false,84,9454,198,false,3,24.5,1658.5,6,6,8,Lohri,Dosa,17,false,8,37883146,true,5,3,false,98,3,false,true,August
DST3949,Place_2949,Tamil Nadu,East,Urban,Food,Bhopal,Tamil,647404,Chaudhary Charan Singh International Airport,20541,Winter,Monsoon,6.2,9,76.3,74.42,39.17,50.81,236,3,Easy,true,true,false,37,8191,165,false,2,29.1,199.2,3,9,3,Onam,Kebabs,21,false,2,6165180,true,3,1,true,95,5,true,true,May
DST3950,Place_2950,Assam,East,Hill Station,Culture,Kolkata,Marathi,368818,Cochin International Airport,44718,Winter,Summer,14.74,12,72.98,94.49,16.7,59.8,391,2,Moderate,false,true,false,38,6003,54,true,3,19.3,1555.9,3,5,7,Ganesh Chaturthi,Vada Pav,19,false,3,3741487,false,4,4,true,20,4,true,true,May
DST3951,Place_2951,Rajasthan,South,Hill Station,Scenery,Delhi,Marathi,510685,Raja Bhoj Airport,17860,Monsoon,Monsoon,2.47,11,77.99,73.92,27.05,12.24,231,5,Moderate,true,true,false,55,9645,147,true,2,36,1391.3,5,6,6,Pongal,Idli,20,true,8,3371692,false,2,3,false,84,4,true,false,March
DST3952,Place_2952,Himachal Pradesh,North,Heritage,Scenery,Bengaluru,Malayalam,367590,Pune Airport,6283,Winter,Summer,8.87,14,49.64,71.66,39.61,46.97,427,1,Moderate,true,true,false,67,4671,153,false,1,38.9,947.1,6,2,8,Onam,Vada Pav,29,true,5,43766607,false,4,3,false,64,4,false,false,August
DST3953,Place_2953,Maharashtra,West,Hill Station,Wildlife,Mumbai,Tamil,224809,Chhatrapati Shivaji Maharaj International Airport,31743,Monsoon,Summer,1.08,14,48.86,90.48,14.24,59.46,444,3,Moderate,false,false,true,82,7423,168,true,5,29.5,1020.3,6,9,3,Holi,Momos,53,true,7,3802751,true,2,2,true,17,2,false,true,January
DST3954,Place_2954,Assam,North,Beach,Wildlife,Chennai,Malayalam,907192,Rajiv Gandhi International Airport,43559,Winter,Winter,10.98,5,58.11,73.84,10.83,36.91,121,5,Moderate,true,false,false,51,9171,19,true,5,29.2,2799.4,8,3,1,Ganesh Chaturthi,Idli,32,false,9,8678905,false,2,1,true,46,5,false,true,August
DST3955,Place_2955,Goa,Central,Urban,Temples,Jaipur,Tamil,626251,Rajiv Gandhi International Airport,36127,Summer,Winter,3.76,4,82.55,90.48,24.12,45.79,241,5,Difficult,false,false,false,70,1198,83,false,3,30.2,487.4,8,5,6,Eid,Idli,31,false,6,30505786,true,1,5,true,37,3,true,true,May
DST3956,Place_2956,Tamil Nadu,Northeast,Wildlife,Wildlife,Delhi,Hindi,470425,Netaji Subhas Chandra Bose International Airport,8405,Summer,Monsoon,2.81,3,75.72,60.96,24.32,32.06,133,3,Difficult,true,true,false,17,6897,101,true,2,15.8,2315.7,1,8,6,Navratri,Sarson da Saag,54,false,2,18173071,false,3,3,true,29,1,false,true,January
DST3957,Place_2957,Kerala,North,Heritage,Scenery,Cochin,Bengali,831362,Cochin International Airport,32181,Summer,Monsoon,5.72,12,68.32,84.24,37.27,27.84,70,5,Easy,true,true,true,56,4814,21,false,5,32,2717,3,5,8,Bihu,Rogan Josh,31,false,2,25695648,true,1,4,false,31,3,true,false,May
DST3958,Place_2958,Tamil Nadu,North,Urban,Wildlife,Ahmedabad,Bengali,782622,Cochin International Airport,33205,Monsoon,Summer,11.79,7,40.97,62.51,5.93,44.82,345,5,Difficult,false,true,true,97,6975,165,true,5,20.4,852.5,5,10,10,Diwali,Biryani,48,true,2,22261715,true,4,1,true,67,2,true,true,August
DST3959,Place_2959,Kerala,East,Urban,Temples,Chennai,Tamil,629465,Indira Gandhi International Airport,25408,Winter,Summer,2.49,5,51.79,65.19,19.26,59.4,464,1,Difficult,true,false,false,56,8450,27,true,3,39.8,293.8,9,4,3,Navratri,Dosa,50,true,3,4099878,true,4,5,true,55,4,true,false,March
DST3960,Place_2960,Tamil Nadu,Northeast,Beach,Culture,Delhi,Malayalam,111160,Sardar Vallabhbhai Patel International Airport,18645,Winter,Summer,4.22,4,80.18,84.5,15.93,14.58,420,1,Easy,false,true,false,47,1285,189,true,3,32.6,990.7,4,4,9,Onam,Kebabs,65,false,9,21177788,false,5,5,true,84,1,false,false,January
DST3961,Place_2961,Kerala,West,Hill Station,Wildlife,Pune,Marathi,465020,Chennai International Airport,48125,Summer,Summer,1.12,4,52.12,70.14,24.99,31.11,309,1,Difficult,true,false,false,65,2151,165,true,3,27.5,1355.4,5,5,6,Diwali,Biryani,76,false,9,11042911,false,2,5,true,32,2,false,false,March
DST3962,Place_2962,Himachal Pradesh,North,Beach,Scenery,Goa,Tamil,107543,Chaudhary Charan Singh International Airport,7323,Summer,Monsoon,14.56,11,76.51,67.37,5.33,57.03,278,2,Easy,true,true,true,85,1257,37,true,4,37.4,2859.1,1,3,1,Durga Puja,Momos,44,false,5,46744527,false,1,3,true,43,1,true,false,December
DST3963,Place_2963,Rajasthan,East,Hill Station,Culture,Indore,Tamil,993643,Netaji Subhas Chandra Bose International Airport,6937,Monsoon,Winter,9.29,4,49.23,88.05,29.89,15.64,218,3,Easy,false,true,true,7,1775,23,false,1,39.1,1347.4,7,10,3,Bihu,Chole Bhature,25,false,8,20836804,true,5,2,true,59,5,true,true,October
DST3964,Place_2964,Kerala,South,Hill Station,Scenery,Guwahati,Marathi,663566,Goa International Airport,44798,Monsoon,Monsoon,11.08,13,70.32,93.12,21.97,42.55,184,1,Difficult,true,false,true,98,9702,17,false,1,34.5,367,2,4,4,Holi,Pav Bhaji,27,false,7,2245055,true,1,5,false,56,1,true,false,December
DST3965,Place_2965,Kerala,Northeast,Urban,Culture,Guwahati,Tamil,841195,Raja Bhoj Airport,31431,Winter,Monsoon,10.12,9,71.41,68.13,29.52,31.51,306,5,Moderate,true,true,true,72,1700,109,true,1,32.7,526,1,5,3,Navratri,Kebabs,22,true,7,22849875,true,4,5,true,97,1,true,false,December
DST3966,Place_2966,Maharashtra,East,Hill Station,Scenery,Kolkata,Hindi,248293,Netaji Subhas Chandra Bose International Airport,18882,Monsoon,Monsoon,3.02,10,77.6,71.1,20.67,28.84,487,2,Easy,false,true,false,99,5236,12,true,2,11.8,1122.9,2,4,6,Pongal,Dosa,31,true,4,38408823,true,5,4,true,58,2,true,true,January
DST3967,Place_2967,Kerala,East,Heritage,Wildlife,Hyderabad,Marathi,496539,Raja Bhoj Airport,26324,Monsoon,Winter,9.33,10,61.92,84.99,21.6,20.47,313,3,Moderate,false,false,false,63,1977,146,false,2,31.2,634.1,8,3,7,Pongal,Vada Pav,18,true,6,12791450,true,3,5,true,12,1,false,true,August
DST3968,Place_2968,Maharashtra,East,Heritage,Wildlife,Guwahati,Hindi,938537,Raja Bhoj Airport,14003,Monsoon,Monsoon,2.84,6,71.63,88.54,36.34,18.82,402,1,Easy,true,false,false,58,7036,56,true,1,20.1,275.6,1,1,2,Diwali,Sarson da Saag,79,false,5,32104894,false,5,1,false,39,2,true,true,December
DST3969,Place_2969,Goa,North,Heritage,Temples,Hyderabad,Bengali,338913,Cochin International Airport,44346,Summer,Winter,6.62,2,64.35,94.97,12.38,35.81,410,1,Difficult,false,false,true,73,5835,72,true,3,37.9,608.3,1,2,6,Ganesh Chaturthi,Kebabs,18,true,3,21134331,true,2,2,false,32,4,false,true,March
DST3970,Place_2970,Himachal Pradesh,North,Urban,Culture,Delhi,Marathi,438295,Raja Bhoj Airport,26106,Summer,Summer,8.97,11,87.37,69.57,12.61,28.87,216,3,Moderate,false,true,true,6,7250,177,false,4,28.4,405.9,1,9,4,Holi,Kebabs,27,true,6,47006261,true,4,2,false,74,2,true,false,December
DST3971,Place_2971,Maharashtra,South,Beach,Temples,Bengaluru,Marathi,880268,Goa International Airport,13979,Winter,Monsoon,8.82,6,66.09,79.48,24.58,34.58,487,1,Easy,false,true,true,72,6761,86,true,1,21.1,687.8,2,10,1,Ganesh Chaturthi,Vada Pav,73,false,8,7017585,false,3,5,false,27,4,true,false,March
DST3972,Place_2972,Rajasthan,Central,Wildlife,Food,Indore,Malayalam,429112,Netaji Subhas Chandra Bose International Airport,35977,Monsoon,Summer,2.67,2,50.48,64.69,28.11,19.8,280,3,Difficult,true,false,false,48,4966,95,true,3,20.2,2989.7,1,2,2,Eid,Biryani,47,true,9,17375866,true,4,3,false,61,5,true,false,August
DST3973,Place_2973,Assam,Central,Hill Station,Wildlife,Ahmedabad,Malayalam,861319,Chaudhary Charan Singh International Airport,45828,Summer,Summer,1.48,10,73.39,71.58,17.41,27.51,404,3,Moderate,true,false,true,42,2875,130,false,5,26.6,1391.7,2,2,5,Eid,Biryani,60,false,5,46653099,true,2,3,false,76,3,true,true,May
DST3974,Place_2974,Himachal Pradesh,Central,Wildlife,Culture,Bengaluru,Marathi,950262,Cochin International Airport,8228,Monsoon,Summer,12.18,14,67.42,61.57,23.18,59.82,378,5,Difficult,true,true,false,64,1212,161,true,4,24.7,2009.9,7,5,9,Diwali,Kebabs,67,true,4,34899505,true,4,5,true,97,4,true,true,October
DST3975,Place_2975,Maharashtra,Northeast,Beach,Temples,Guwahati,Bengali,960399,Pune Airport,10300,Winter,Monsoon,11.16,11,80.19,67.38,12.97,28.4,280,3,Difficult,false,true,true,31,6772,22,true,2,21.7,579.3,1,10,5,Eid,Chole Bhature,31,false,4,31305230,true,3,5,false,34,5,false,true,August
DST3976,Place_2976,Himachal Pradesh,Northeast,Beach,Temples,Chennai,Tamil,239402,Chaudhary Charan Singh International Airport,9681,Monsoon,Summer,2.15,14,48.85,77.73,9.76,30.64,124,4,Moderate,true,true,true,95,5483,143,true,5,16.3,2562.9,10,9,8,Navratri,Rogan Josh,65,true,2,47742309,true,5,3,false,11,4,false,true,March
DST3977,Place_2977,Himachal Pradesh,South,Urban,Food,Lucknow,Malayalam,275225,Rajiv Gandhi International Airport,41964,Winter,Monsoon,2.78,9,53.05,65.73,13.34,10.99,178,1,Easy,true,true,false,19,8281,188,false,5,33.9,874,2,3,10,Durga Puja,Dosa,38,true,2,1048794,false,5,5,false,67,1,true,false,January
DST3978,Place_2978,Himachal Pradesh,Northeast,Heritage,Temples,Kolkata,Bengali,895043,Chaudhary Charan Singh International Airport,9267,Winter,Summer,13.5,8,86.08,91.13,37.07,29.04,326,5,Easy,true,true,true,43,8705,69,false,5,23,2949.2,3,9,2,Durga Puja,Kebabs,64,false,4,9386046,false,5,4,false,95,3,false,false,December
DST3979,Place_2979,Goa,Central,Heritage,Scenery,Kolkata,Bengali,376016,Pune Airport,6372,Summer,Monsoon,11.77,3,86.5,84.86,33.06,48.17,34,2,Difficult,true,false,false,42,1797,84,true,3,13,2526.5,2,4,5,Lohri,Sarson da Saag,89,false,2,46380560,true,3,4,true,82,5,true,true,October
DST3980,Place_2980,Rajasthan,Central,Beach,Wildlife,Bhopal,Malayalam,935887,Jaipur International Airport,39918,Monsoon,Monsoon,14.95,3,62.11,60.97,9.91,35.78,69,4,Easy,true,true,true,58,1037,166,false,1,12.6,2857.5,3,3,1,Lohri,Dosa,13,false,2,3249673,false,5,5,false,63,5,false,false,August
DST3981,Place_2981,Tamil Nadu,East,Urban,Temples,Hyderabad,Tamil,921362,Lokpriya Gopinath Bordoloi International Airport,11920,Summer,Monsoon,4.56,5,42.39,90.68,6.63,42.85,359,3,Moderate,false,true,true,67,8258,25,true,5,17.1,2038.1,7,5,2,Lohri,Vada Pav,45,false,4,31608675,false,1,3,false,25,1,false,false,March
DST3982,Place_2982,Tamil Nadu,Northeast,Urban,Temples,Kolkata,Malayalam,958454,Lokpriya Gopinath Bordoloi International Airport,49769,Monsoon,Summer,7.83,10,55.33,94.21,8.26,37.83,177,2,Moderate,false,false,false,62,8376,94,false,1,26.6,2008.5,2,7,3,Lohri,Kebabs,83,false,6,37273767,false,1,4,false,72,4,true,true,October
DST3983,Place_2983,Maharashtra,North,Hill Station,Food,Bengaluru,Bengali,162714,Rajiv Gandhi International Airport,17856,Monsoon,Monsoon,4.31,10,52.36,77.57,15.27,15.27,398,2,Difficult,false,false,true,66,5156,64,true,5,14.4,2539.2,3,7,8,Durga Puja,Dosa,41,true,7,23696498,true,5,3,false,52,5,true,false,May
DST3984,Place_2984,Himachal Pradesh,North,Heritage,Scenery,Ahmedabad,Hindi,749194,Chhatrapati Shivaji Maharaj International Airport,28785,Winter,Summer,9.72,9,60.73,71.01,33.4,26.61,407,2,Difficult,true,true,true,82,5353,166,true,3,16.5,2174.6,6,2,10,Navratri,Biryani,23,false,8,6790577,false,2,5,true,53,4,false,true,December
DST3985,Place_2985,Maharashtra,East,Beach,Temples,Ahmedabad,Malayalam,470866,Kempegowda International Airport,48915,Winter,Winter,2.62,12,55.89,69.22,16.25,44.71,48,2,Moderate,false,true,false,22,1134,87,false,1,25.1,1857.9,4,7,3,Diwali,Momos,93,true,9,5151215,true,3,5,true,25,4,true,false,December
DST3986,Place_2986,Goa,East,Wildlife,Wildlife,Hyderabad,Bengali,953136,Chhatrapati Shivaji Maharaj International Airport,18221,Monsoon,Summer,2.78,6,81.45,63.06,11.5,37.4,67,5,Moderate,true,true,true,33,3383,64,true,2,16.5,1139,1,7,4,Durga Puja,Chole Bhature,27,true,4,22301274,false,2,5,false,88,1,true,true,December
DST3987,Place_2987,Goa,East,Heritage,Wildlife,Delhi,Malayalam,100415,Sardar Vallabhbhai Patel International Airport,26178,Summer,Summer,2.01,8,40.15,77.21,18.85,43.75,6,5,Difficult,false,false,false,75,4072,197,true,4,35.7,746.3,8,2,4,Navratri,Biryani,76,false,8,45002874,false,4,4,true,16,4,false,false,October
DST3988,Place_2988,Kerala,North,Hill Station,Temples,Goa,Bengali,700729,Cochin International Airport,34954,Winter,Monsoon,10.71,13,72.23,61.75,9.34,28.01,93,2,Difficult,true,true,false,61,3773,178,true,5,27.7,2368.5,7,10,9,Holi,Idli,79,false,2,34826101,true,2,2,false,36,3,false,false,December
DST3989,Place_2989,Goa,Central,Urban,Scenery,Ahmedabad,Tamil,736024,Chhatrapati Shivaji Maharaj International Airport,7461,Winter,Summer,7.92,10,73.21,77.63,21.46,19.68,383,4,Moderate,true,true,false,28,9277,18,false,5,12.6,1219.5,8,9,4,Lohri,Momos,91,false,8,17815003,false,2,2,true,27,1,false,false,August
DST3990,Place_2990,Kerala,East,Beach,Wildlife,Bengaluru,Bengali,695067,Goa International Airport,18865,Monsoon,Winter,9.65,4,73.03,68.84,28.64,51.49,80,1,Difficult,false,true,true,42,7810,15,false,3,14.2,277.5,9,8,9,Onam,Sarson da Saag,18,false,6,12318086,false,2,2,true,16,1,false,false,January
DST3991,Place_2991,Rajasthan,South,Heritage,Wildlife,Indore,Marathi,847916,Rajiv Gandhi International Airport,45232,Monsoon,Monsoon,13.31,5,66.03,76.68,17.91,28.82,437,1,Easy,false,false,false,10,7715,111,true,4,15.9,1490.9,9,2,8,Bihu,Kebabs,35,false,2,23925063,false,5,4,true,95,2,false,false,March
DST3992,Place_2992,Maharashtra,East,Wildlife,Scenery,Mumbai,Hindi,974876,Lokpriya Gopinath Bordoloi International Airport,15052,Winter,Summer,11.36,3,70.56,74.64,11.08,42.75,249,5,Moderate,false,true,true,24,6667,166,false,1,28.9,2006.8,3,6,4,Ganesh Chaturthi,Kebabs,57,true,3,40593960,false,4,3,false,71,3,true,false,August
DST3993,Place_2993,Assam,West,Hill Station,Scenery,Delhi,Bengali,204448,Raja Bhoj Airport,31370,Summer,Summer,7.46,10,80.52,70.68,20.86,29.06,37,4,Moderate,false,true,false,46,9992,155,true,5,13.2,166.8,9,8,3,Navratri,Chole Bhature,28,true,2,21055324,false,4,2,true,70,5,true,true,January
DST3994,Place_2994,Rajasthan,East,Hill Station,Temples,Lucknow,Malayalam,372032,Chhatrapati Shivaji Maharaj International Airport,8332,Winter,Monsoon,14.78,8,79.21,75.7,31.69,56.36,349,4,Difficult,true,true,false,78,8568,33,true,2,11.3,2144.9,6,9,2,Onam,Dosa,79,false,5,16008486,false,5,2,true,71,4,true,true,March
DST3995,Place_2995,Goa,North,Heritage,Culture,Jaipur,Malayalam,276371,Lokpriya Gopinath Bordoloi International Airport,1327,Monsoon,Monsoon,7.39,7,41.73,76.59,7.68,59.6,44,3,Difficult,true,true,true,26,6956,60,true,2,31.9,751.6,10,1,8,Lohri,Idli,11,false,5,1555208,true,1,1,false,71,4,true,false,August
DST3996,Place_2996,Rajasthan,Northeast,Wildlife,Food,Cochin,Bengali,224790,Lokpriya Gopinath Bordoloi International Airport,23765,Winter,Summer,2.57,6,41.52,89.18,7.48,42.45,358,5,Moderate,true,false,false,37,5002,26,true,3,24.3,744.8,10,7,8,Durga Puja,Pav Bhaji,37,true,7,6687187,false,1,5,false,22,1,true,true,May
DST3997,Place_2997,Rajasthan,East,Hill Station,Culture,Indore,Marathi,683053,Indira Gandhi International Airport,6239,Monsoon,Summer,14.9,13,81.95,83.3,16.13,40.11,136,4,Difficult,false,true,false,91,6586,30,true,5,35.5,1732.4,2,10,1,Ganesh Chaturthi,Sarson da Saag,93,true,7,36024064,true,4,2,false,68,4,true,false,January
DST3998,Place_2998,Rajasthan,Northeast,Beach,Culture,Pune,Bengali,293786,Goa International Airport,11078,Winter,Monsoon,1.32,8,68.74,75.16,19.53,52.04,310,4,Easy,true,false,false,50,8018,92,true,3,33.8,1078.2,1,5,7,Holi,Sarson da Saag,87,false,7,42307654,true,3,2,false,92,3,true,true,January
DST3999,Place_2999,Goa,West,Hill Station,Wildlife,Indore,Tamil,115935,Devi Ahilya Bai Holkar Airport,8038,Monsoon,Monsoon,8.7,4,87.87,91.68,12.58,35.81,466,1,Difficult,true,false,true,58,3222,71,false,4,18.2,1406.7,4,9,8,Bihu,Biryani,77,true,7,28327649,false,5,3,true,35,5,true,true,October